nuts1_region,country_code,trust_index,voting_behavior_manifest,rw_populist_vote,immigrants_impact_country,educ_attainment,gender,age,cluster_k5
ITH,IT,5.666666666666667,Valid Party Vote,0.0,4.0,4.0,1,62.0,0.0
ITG,IT,3.3333333333333335,Valid Party Vote,0.0,3.0,2.0,1,75.0,4.0
ITC,IT,5.333333333333333,Ineligible / Not Applicable,,9.0,2.0,1,19.0,0.0
ITF,IT,6.0,Valid Party Vote,0.0,8.0,7.0,1,69.0,4.0
ITC,IT,6.0,Valid Party Vote,1.0,6.0,2.0,1,53.0,0.0
ITI,IT,5.0,Valid Party Vote,0.0,7.0,2.0,0,79.0,0.0
ITI,IT,0.6666666666666666,Ineligible / Not Applicable,,8.0,2.0,0,44.0,0.0
ITF,IT,5.333333333333333,Valid Party Vote,0.0,5.0,4.0,0,32.0,4.0
ITI,IT,7.0,Valid Party Vote,0.0,6.0,3.0,0,51.0,0.0
ITC,IT,4.666666666666667,Refuse to Say,,6.0,4.0,0,37.0,0.0
ITH,IT,3.6666666666666665,Ineligible / Not Applicable,,6.0,4.0,0,21.0,0.0
ITC,IT,2.6666666666666665,Valid Party Vote,1.0,5.0,4.0,1,38.0,0.0
ITI,IT,5.333333333333333,Ineligible / Not Applicable,,6.0,7.0,0,58.0,0.0
ITH,IT,1.6666666666666667,Valid Party Vote,0.0,3.0,4.0,0,22.0,0.0
ITF,IT,5.333333333333333,Refuse to Say,,5.0,1.0,1,75.0,4.0
ITC,IT,6.666666666666667,Valid Party Vote,1.0,5.0,4.0,1,59.0,0.0
ITF,IT,5.666666666666667,Refuse to Say,,2.0,4.0,1,23.0,4.0
ITF,IT,0.0,Refuse to Say,,,2.0,1,62.0,4.0
ITI,IT,6.0,Valid Party Vote,0.0,6.0,2.0,0,75.0,0.0
ITI,IT,7.666666666666667,Valid Party Vote,0.0,8.0,4.0,0,32.0,0.0
ITC,IT,4.0,Ineligible / Not Applicable,,5.0,1.0,1,67.0,0.0
ITF,IT,2.3333333333333335,Ineligible / Not Applicable,,5.0,4.0,1,21.0,4.0
ITG,IT,5.666666666666667,Valid Party Vote,0.0,9.0,2.0,0,64.0,4.0
ITI,IT,5.333333333333333,Valid Party Vote,0.0,5.0,7.0,0,36.0,0.0
ITH,IT,4.333333333333333,Valid Party Vote,1.0,3.0,4.0,0,31.0,0.0
ITC,IT,6.0,Ineligible / Not Applicable,,10.0,3.0,0,31.0,0.0
ITC,IT,3.3333333333333335,Ineligible / Not Applicable,,4.0,3.0,0,19.0,0.0
ITI,IT,9.0,Ineligible / Not Applicable,,10.0,2.0,0,32.0,0.0
ITH,IT,6.0,Valid Party Vote,0.0,5.0,6.0,1,24.0,0.0
ITH,IT,6.0,Valid Party Vote,0.0,6.0,4.0,1,30.0,0.0
ITH,IT,4.333333333333333,Ineligible / Not Applicable,,2.0,2.0,0,18.0,0.0
ITI,IT,3.6666666666666665,Ineligible / Not Applicable,,5.0,4.0,1,38.0,0.0
ITC,IT,3.6666666666666665,Valid Party Vote,0.0,3.0,3.0,0,71.0,0.0
ITG,IT,5.0,Valid Party Vote,0.0,4.0,4.0,0,63.0,4.0
ITF,IT,5.333333333333333,Valid Party Vote,1.0,4.0,2.0,0,78.0,4.0
ITC,IT,5.0,Valid Party Vote,0.0,3.0,2.0,1,71.0,0.0
ITC,IT,6.666666666666667,Ineligible / Not Applicable,,0.0,4.0,0,19.0,0.0
ITI,IT,4.666666666666667,Valid Party Vote,0.0,6.0,7.0,0,57.0,0.0
ITG,IT,3.0,Valid Party Vote,0.0,4.0,4.0,0,58.0,4.0
ITF,IT,2.3333333333333335,Refuse to Say,,2.0,2.0,1,50.0,4.0
ITG,IT,5.333333333333333,Valid Party Vote,0.0,4.0,4.0,0,37.0,4.0
ITF,IT,2.3333333333333335,Ineligible / Not Applicable,,4.0,2.0,1,15.0,4.0
ITC,IT,0.6666666666666666,Ineligible / Not Applicable,,2.0,1.0,1,85.0,0.0
ITC,IT,4.333333333333333,Refuse to Say,,6.0,1.0,1,79.0,0.0
ITI,IT,5.666666666666667,Valid Party Vote,0.0,7.0,2.0,1,70.0,0.0
ITC,IT,4.0,Ineligible / Not Applicable,,8.0,3.0,1,20.0,0.0
ITH,IT,4.333333333333333,Valid Party Vote,0.0,5.0,2.0,0,65.0,0.0
ITC,IT,2.3333333333333335,Ineligible / Not Applicable,,5.0,2.0,1,66.0,0.0
ITG,IT,6.333333333333333,Refuse to Say,,7.0,4.0,0,65.0,4.0
ITF,IT,4.333333333333333,Valid Party Vote,0.0,6.0,4.0,0,45.0,4.0
ITG,IT,4.666666666666667,Ineligible / Not Applicable,,5.0,1.0,1,88.0,4.0
ITF,IT,3.0,Ineligible / Not Applicable,,3.0,4.0,0,38.0,4.0
ITG,IT,6.0,Valid Party Vote,0.0,6.0,7.0,1,61.0,4.0
ITH,IT,6.666666666666667,Refuse to Say,,,4.0,0,51.0,0.0
ITC,IT,2.6666666666666665,Ineligible / Not Applicable,,2.0,6.0,1,40.0,0.0
ITC,IT,4.333333333333333,Valid Party Vote,0.0,2.0,4.0,1,47.0,0.0
ITI,IT,4.333333333333333,Valid Party Vote,0.0,6.0,4.0,0,70.0,0.0
ITI,IT,1.0,Ineligible / Not Applicable,,3.0,2.0,1,75.0,0.0
ITF,IT,1.6666666666666667,Ineligible / Not Applicable,,5.0,2.0,0,77.0,4.0
ITC,IT,6.0,Refuse to Say,,7.0,7.0,0,36.0,0.0
ITH,IT,5.666666666666667,Ineligible / Not Applicable,,8.0,4.0,0,52.0,0.0
ITH,IT,4.333333333333333,Ineligible / Not Applicable,,3.0,7.0,0,27.0,0.0
ITF,IT,4.333333333333333,Ineligible / Not Applicable,,8.0,2.0,1,71.0,4.0
ITH,IT,5.0,Valid Party Vote,0.0,5.0,4.0,0,80.0,0.0
ITG,IT,0.0,Ineligible / Not Applicable,,4.0,,1,,4.0
ITF,IT,6.333333333333333,Valid Party Vote,1.0,6.0,4.0,0,58.0,4.0
ITH,IT,5.333333333333333,Valid Party Vote,0.0,5.0,4.0,1,26.0,0.0
ITG,IT,2.3333333333333335,Ineligible / Not Applicable,,0.0,3.0,1,21.0,4.0
ITH,IT,4.333333333333333,Valid Party Vote,0.0,5.0,4.0,0,43.0,0.0
ITI,IT,4.333333333333333,Ineligible / Not Applicable,,4.0,1.0,1,85.0,0.0
ITF,IT,6.0,Ineligible / Not Applicable,,3.0,2.0,0,58.0,4.0
ITC,IT,4.333333333333333,Valid Party Vote,1.0,5.0,2.0,0,65.0,0.0
ITI,IT,6.666666666666667,Valid Party Vote,0.0,3.0,4.0,1,42.0,0.0
ITF,IT,5.333333333333333,Valid Party Vote,0.0,2.0,2.0,0,40.0,4.0
ITF,IT,4.333333333333333,Valid Party Vote,0.0,3.0,5.0,0,21.0,4.0
ITC,IT,3.0,Valid Party Vote,0.0,0.0,4.0,1,65.0,0.0
ITC,IT,5.0,Valid Party Vote,0.0,4.0,2.0,1,63.0,0.0
ITF,IT,5.333333333333333,Refuse to Say,,3.0,4.0,1,48.0,4.0
ITC,IT,5.333333333333333,Ineligible / Not Applicable,,10.0,3.0,1,23.0,0.0
ITC,IT,2.0,Refuse to Say,,2.0,2.0,1,52.0,0.0
ITI,IT,7.0,Valid Party Vote,1.0,5.0,4.0,0,50.0,0.0
ITC,IT,4.666666666666667,Valid Party Vote,0.0,3.0,2.0,1,64.0,0.0
ITH,IT,3.3333333333333335,Refuse to Say,,10.0,4.0,1,50.0,0.0
ITG,IT,3.0,Valid Party Vote,0.0,5.0,4.0,1,33.0,4.0
ITI,IT,3.0,Valid Party Vote,1.0,3.0,4.0,1,71.0,0.0
ITF,IT,5.666666666666667,Refuse to Say,,6.0,4.0,0,21.0,4.0
ITC,IT,4.333333333333333,Ineligible / Not Applicable,,5.0,2.0,1,88.0,0.0
ITI,IT,4.666666666666667,Ineligible / Not Applicable,,9.0,1.0,0,68.0,0.0
ITC,IT,5.666666666666667,Valid Party Vote,1.0,3.0,6.0,1,59.0,0.0
ITC,IT,1.0,Ineligible / Not Applicable,,10.0,7.0,1,41.0,0.0
ITG,IT,7.5,Valid Party Vote,1.0,4.0,4.0,1,66.0,4.0
ITG,IT,5.333333333333333,Valid Party Vote,0.0,8.0,4.0,1,23.0,4.0
ITF,IT,6.0,Ineligible / Not Applicable,,0.0,2.0,1,38.0,4.0
ITI,IT,7.666666666666667,Valid Party Vote,0.0,8.0,4.0,1,22.0,0.0
ITC,IT,0.0,Refuse to Say,,7.0,2.0,0,22.0,0.0
ITF,IT,4.333333333333333,Don't Know,,8.0,5.0,1,30.0,4.0
ITI,IT,2.3333333333333335,Valid Party Vote,1.0,4.0,4.0,1,49.0,0.0
ITI,IT,4.333333333333333,Valid Party Vote,0.0,5.0,4.0,1,45.0,0.0
ITG,IT,5.333333333333333,Refuse to Say,,6.0,4.0,0,44.0,4.0
ITI,IT,5.666666666666667,Ineligible / Not Applicable,,1.0,4.0,0,42.0,0.0
ITI,IT,5.666666666666667,Valid Party Vote,0.0,1.0,4.0,0,56.0,0.0
ITC,IT,2.6666666666666665,Valid Party Vote,0.0,0.0,2.0,1,55.0,0.0
ITC,IT,1.6666666666666667,Valid Party Vote,0.0,5.0,4.0,1,60.0,0.0
ITH,IT,4.666666666666667,Ineligible / Not Applicable,,7.0,2.0,1,56.0,0.0
ITI,IT,10.0,Valid Party Vote,0.0,3.0,4.0,0,69.0,0.0
ITI,IT,4.666666666666667,Ineligible / Not Applicable,,4.0,4.0,1,22.0,0.0
ITC,IT,5.0,Refuse to Say,,5.0,4.0,1,27.0,0.0
ITH,IT,6.333333333333333,Refuse to Say,,7.0,2.0,1,47.0,0.0
ITC,IT,6.333333333333333,Valid Party Vote,0.0,7.0,2.0,0,73.0,0.0
ITI,IT,0.0,Ineligible / Not Applicable,,0.0,2.0,0,17.0,0.0
ITH,IT,1.3333333333333333,Ineligible / Not Applicable,,3.0,4.0,1,48.0,0.0
ITF,IT,2.6666666666666665,Valid Party Vote,0.0,6.0,4.0,0,64.0,4.0
ITH,IT,6.0,Valid Party Vote,0.0,5.0,2.0,1,70.0,0.0
ITG,IT,2.3333333333333335,Ineligible / Not Applicable,,,1.0,0,80.0,4.0
ITI,IT,7.0,Valid Party Vote,0.0,7.0,4.0,1,47.0,0.0
ITH,IT,6.0,Valid Party Vote,0.0,7.0,2.0,1,78.0,0.0
ITG,IT,1.3333333333333333,Ineligible / Not Applicable,,8.0,4.0,1,24.0,4.0
ITC,IT,4.0,Refuse to Say,,4.0,2.0,1,77.0,0.0
ITC,IT,6.0,Valid Party Vote,0.0,5.0,4.0,0,57.0,0.0
ITI,IT,6.333333333333333,Ineligible / Not Applicable,,9.0,7.0,0,61.0,0.0
ITF,IT,7.333333333333333,Ineligible / Not Applicable,,1.0,2.0,1,47.0,4.0
ITH,IT,8.666666666666666,Valid Party Vote,0.0,10.0,,0,57.0,0.0
ITG,IT,2.0,Ineligible / Not Applicable,,0.0,2.0,1,79.0,4.0
ITI,IT,5.666666666666667,Valid Party Vote,0.0,8.0,4.0,1,28.0,0.0
ITI,IT,3.6666666666666665,Ineligible / Not Applicable,,4.0,2.0,0,15.0,0.0
ITF,IT,2.3333333333333335,Valid Party Vote,1.0,0.0,4.0,0,31.0,4.0
ITG,IT,4.666666666666667,Refuse to Say,,5.0,7.0,0,39.0,4.0
ITI,IT,3.3333333333333335,Ineligible / Not Applicable,,2.0,4.0,1,60.0,0.0
ITI,IT,4.0,Ineligible / Not Applicable,,5.0,1.0,1,85.0,0.0
ITC,IT,7.0,Valid Party Vote,1.0,2.0,4.0,1,59.0,0.0
ITC,IT,4.333333333333333,Valid Party Vote,1.0,4.0,2.0,1,54.0,0.0
ITC,IT,3.0,Ineligible / Not Applicable,,1.0,2.0,0,67.0,0.0
ITC,IT,7.333333333333333,Ineligible / Not Applicable,,7.0,4.0,1,47.0,0.0
ITC,IT,2.3333333333333335,Refuse to Say,,5.0,4.0,1,50.0,0.0
ITG,IT,5.0,Valid Party Vote,0.0,3.0,4.0,1,52.0,4.0
ITF,IT,3.3333333333333335,Ineligible / Not Applicable,,,1.0,1,72.0,4.0
ITH,IT,6.666666666666667,Valid Party Vote,0.0,7.0,2.0,0,85.0,0.0
ITF,IT,1.0,Ineligible / Not Applicable,,1.0,4.0,0,67.0,4.0
ITG,IT,4.333333333333333,Valid Party Vote,0.0,7.0,2.0,0,65.0,4.0
ITF,IT,4.0,Refuse to Say,,6.0,7.0,1,72.0,4.0
ITF,IT,3.3333333333333335,Ineligible / Not Applicable,,5.0,2.0,1,60.0,4.0
ITG,IT,2.3333333333333335,Valid Party Vote,0.0,,4.0,1,28.0,4.0
ITG,IT,5.666666666666667,Ineligible / Not Applicable,,5.0,2.0,1,49.0,4.0
ITH,IT,5.666666666666667,Valid Party Vote,1.0,5.0,2.0,0,57.0,0.0
ITH,IT,0.0,Ineligible / Not Applicable,,0.0,2.0,1,75.0,0.0
ITF,IT,5.666666666666667,Refuse to Say,,7.0,4.0,1,52.0,4.0
ITC,IT,1.6666666666666667,Ineligible / Not Applicable,,6.0,2.0,0,33.0,0.0
ITC,IT,1.0,Refuse to Say,,4.0,2.0,0,73.0,0.0
ITF,IT,2.3333333333333335,Valid Party Vote,1.0,1.0,4.0,0,42.0,4.0
ITF,IT,3.3333333333333335,Refuse to Say,,5.0,7.0,0,72.0,4.0
ITC,IT,4.666666666666667,Ineligible / Not Applicable,,2.0,2.0,1,48.0,0.0
ITC,IT,0.0,Ineligible / Not Applicable,,5.0,6.0,0,54.0,0.0
ITF,IT,3.0,Ineligible / Not Applicable,,3.0,2.0,0,61.0,4.0
ITI,IT,2.0,Don't Know,,3.0,4.0,1,33.0,0.0
ITH,IT,5.333333333333333,Valid Party Vote,1.0,3.0,2.0,1,62.0,0.0
ITI,IT,3.0,Ineligible / Not Applicable,,1.0,2.0,0,62.0,0.0
ITC,IT,3.6666666666666665,Ineligible / Not Applicable,,1.0,4.0,1,62.0,0.0
ITF,IT,5.0,Valid Party Vote,0.0,4.0,4.0,0,77.0,4.0
ITC,IT,4.0,Ineligible / Not Applicable,,6.0,2.0,0,34.0,0.0
ITI,IT,2.3333333333333335,Ineligible / Not Applicable,,6.0,2.0,1,51.0,0.0
ITI,IT,5.333333333333333,Valid Party Vote,0.0,6.0,7.0,1,35.0,0.0
ITG,IT,3.3333333333333335,Refuse to Say,,1.0,1.0,1,67.0,4.0
ITG,IT,4.666666666666667,Ineligible / Not Applicable,,5.0,3.0,1,40.0,4.0
ITG,IT,2.0,Ineligible / Not Applicable,,3.0,3.0,1,24.0,4.0
ITF,IT,4.666666666666667,Refuse to Say,,3.0,2.0,1,52.0,4.0
ITC,IT,5.0,Ineligible / Not Applicable,,3.0,2.0,1,90.0,0.0
ITG,IT,3.0,Valid Party Vote,0.0,5.0,7.0,1,55.0,4.0
ITF,IT,2.6666666666666665,Valid Party Vote,0.0,5.0,4.0,0,37.0,4.0
ITH,IT,4.666666666666667,Valid Party Vote,1.0,6.0,5.0,0,75.0,0.0
ITH,IT,0.0,Ineligible / Not Applicable,,10.0,2.0,1,19.0,0.0
ITI,IT,6.333333333333333,Valid Party Vote,0.0,4.0,4.0,0,66.0,0.0
ITC,IT,5.0,Refuse to Say,,6.0,4.0,0,24.0,0.0
ITC,IT,5.0,Valid Party Vote,0.0,,2.0,1,72.0,0.0
ITG,IT,4.333333333333333,Ineligible / Not Applicable,,8.0,4.0,1,36.0,4.0
ITC,IT,7.333333333333333,Refuse to Say,,5.0,3.0,1,51.0,0.0
ITC,IT,3.0,Ineligible / Not Applicable,,2.0,6.0,0,44.0,0.0
ITH,IT,2.3333333333333335,Valid Party Vote,0.0,8.0,7.0,1,30.0,0.0
ITI,IT,2.6666666666666665,Don't Know,,3.0,2.0,0,50.0,0.0
ITI,IT,3.3333333333333335,Valid Party Vote,0.0,7.0,1.0,0,81.0,0.0
ITG,IT,1.6666666666666667,Ineligible / Not Applicable,,9.0,1.0,0,71.0,4.0
ITI,IT,4.0,Valid Party Vote,1.0,4.0,7.0,0,41.0,0.0
ITC,IT,7.0,Valid Party Vote,0.0,9.0,4.0,1,71.0,0.0
ITG,IT,4.0,Ineligible / Not Applicable,,6.0,2.0,0,37.0,4.0
ITG,IT,3.0,Ineligible / Not Applicable,,4.0,2.0,1,74.0,4.0
ITF,IT,0.0,Ineligible / Not Applicable,,8.0,4.0,1,51.0,4.0
ITC,IT,6.0,Ineligible / Not Applicable,,1.0,3.0,0,65.0,0.0
ITC,IT,4.0,Ineligible / Not Applicable,,5.0,2.0,1,19.0,0.0
ITF,IT,2.0,Valid Party Vote,1.0,2.0,4.0,1,21.0,4.0
ITI,IT,4.0,Valid Party Vote,0.0,8.0,4.0,0,44.0,0.0
ITG,IT,2.6666666666666665,Refuse to Say,,4.0,6.0,1,26.0,4.0
ITC,IT,5.666666666666667,Valid Party Vote,1.0,4.0,4.0,1,30.0,0.0
ITC,IT,2.3333333333333335,Don't Know,,7.0,2.0,0,77.0,0.0
ITF,IT,2.0,Ineligible / Not Applicable,,6.0,2.0,1,61.0,4.0
ITF,IT,4.333333333333333,Valid Party Vote,0.0,5.0,2.0,1,45.0,4.0
ITC,IT,7.666666666666667,Ineligible / Not Applicable,,2.0,4.0,1,51.0,0.0
ITF,IT,7.333333333333333,Valid Party Vote,0.0,7.0,2.0,1,68.0,4.0
ITC,IT,3.6666666666666665,Ineligible / Not Applicable,,7.0,4.0,0,50.0,0.0
ITI,IT,2.3333333333333335,Ineligible / Not Applicable,,5.0,2.0,1,46.0,0.0
ITF,IT,4.333333333333333,Valid Party Vote,1.0,4.0,7.0,1,31.0,4.0
ITI,IT,4.333333333333333,Valid Party Vote,0.0,7.0,4.0,1,42.0,0.0
ITC,IT,2.6666666666666665,Ineligible / Not Applicable,,6.0,2.0,0,17.0,0.0
ITH,IT,5.666666666666667,Ineligible / Not Applicable,,3.0,7.0,1,52.0,0.0
ITC,IT,0.0,Ineligible / Not Applicable,,5.0,2.0,1,89.0,0.0
ITC,IT,4.333333333333333,Refuse to Say,,5.0,4.0,0,23.0,0.0
ITC,IT,0.6666666666666666,Ineligible / Not Applicable,,5.0,2.0,0,54.0,0.0
ITF,IT,2.6666666666666665,Ineligible / Not Applicable,,5.0,1.0,1,75.0,4.0
ITH,IT,5.333333333333333,Valid Party Vote,0.0,7.0,7.0,0,25.0,0.0
ITC,IT,6.666666666666667,Valid Party Vote,1.0,6.0,7.0,0,25.0,0.0
ITI,IT,1.0,Ineligible / Not Applicable,,0.0,2.0,0,61.0,0.0
ITC,IT,3.6666666666666665,Refuse to Say,,6.0,1.0,0,52.0,0.0
ITF,IT,0.0,Ineligible / Not Applicable,,,2.0,1,21.0,4.0
ITC,IT,5.666666666666667,Ineligible / Not Applicable,,5.0,3.0,1,70.0,0.0
ITI,IT,6.333333333333333,Refuse to Say,,4.0,7.0,0,43.0,0.0
ITC,IT,3.3333333333333335,Valid Party Vote,1.0,5.0,5.0,0,67.0,0.0
ITG,IT,5.333333333333333,Refuse to Say,,5.0,7.0,1,35.0,4.0
ITC,IT,3.0,Refuse to Say,,5.0,3.0,0,68.0,0.0
ITF,IT,7.333333333333333,Valid Party Vote,1.0,8.0,4.0,1,21.0,4.0
ITF,IT,6.333333333333333,Ineligible / Not Applicable,,3.0,1.0,1,53.0,4.0
ITI,IT,3.5,Ineligible / Not Applicable,,6.0,2.0,0,18.0,0.0
ITC,IT,4.666666666666667,Ineligible / Not Applicable,,6.0,5.0,1,53.0,0.0
ITF,IT,4.333333333333333,Ineligible / Not Applicable,,1.0,1.0,0,74.0,4.0
ITH,IT,4.0,Valid Party Vote,0.0,5.0,2.0,0,74.0,0.0
ITH,IT,6.0,Refuse to Say,,6.0,4.0,0,30.0,0.0
ITH,IT,4.333333333333333,Refuse to Say,,2.0,4.0,0,34.0,0.0
ITC,IT,5.666666666666667,Refuse to Say,,6.0,5.0,0,51.0,0.0
ITF,IT,3.3333333333333335,Ineligible / Not Applicable,,1.0,1.0,1,70.0,4.0
ITI,IT,1.0,Valid Party Vote,1.0,5.0,4.0,1,43.0,0.0
ITI,IT,5.0,Valid Party Vote,1.0,3.0,4.0,0,31.0,0.0
ITF,IT,5.666666666666667,Ineligible / Not Applicable,,7.0,4.0,1,51.0,4.0
ITF,IT,6.666666666666667,Don't Know,,5.0,4.0,0,21.0,4.0
ITI,IT,8.0,No Answer / System Missing,,0.0,4.0,1,56.0,0.0
ITC,IT,2.0,No Answer / System Missing,,5.0,7.0,0,38.0,0.0
ITI,IT,6.333333333333333,Ineligible / Not Applicable,,6.0,3.0,1,67.0,0.0
ITC,IT,5.333333333333333,Ineligible / Not Applicable,,7.0,4.0,1,42.0,0.0
ITH,IT,4.0,Valid Party Vote,0.0,6.0,4.0,1,44.0,0.0
ITC,IT,7.0,Valid Party Vote,1.0,3.0,7.0,0,52.0,0.0
ITC,IT,7.333333333333333,Ineligible / Not Applicable,,5.0,7.0,1,28.0,0.0
ITI,IT,5.666666666666667,Valid Party Vote,0.0,8.0,2.0,0,58.0,0.0
ITG,IT,3.3333333333333335,Ineligible / Not Applicable,,4.0,4.0,0,36.0,4.0
ITC,IT,3.3333333333333335,Refuse to Say,,4.0,6.0,0,45.0,0.0
ITF,IT,1.6666666666666667,Refuse to Say,,4.0,2.0,0,64.0,4.0
ITC,IT,0.3333333333333333,Valid Party Vote,0.0,5.0,4.0,0,66.0,0.0
ITH,IT,1.6666666666666667,Valid Party Vote,1.0,2.0,6.0,1,46.0,0.0
ITF,IT,6.333333333333333,Refuse to Say,,4.0,2.0,1,62.0,4.0
ITC,IT,5.666666666666667,Ineligible / Not Applicable,,4.0,4.0,1,40.0,0.0
ITF,IT,0.6666666666666666,Ineligible / Not Applicable,,5.0,2.0,0,19.0,4.0
ITC,IT,5.333333333333333,Refuse to Say,,4.0,2.0,0,45.0,0.0
ITI,IT,5.333333333333333,Valid Party Vote,1.0,3.0,4.0,1,55.0,0.0
ITG,IT,2.6666666666666665,Ineligible / Not Applicable,,6.0,2.0,1,64.0,4.0
ITC,IT,4.0,Valid Party Vote,0.0,3.0,4.0,1,51.0,0.0
ITI,IT,5.666666666666667,Valid Party Vote,0.0,6.0,7.0,0,52.0,0.0
ITF,IT,4.666666666666667,Ineligible / Not Applicable,,7.0,2.0,0,51.0,4.0
ITC,IT,2.6666666666666665,Refuse to Say,,7.0,4.0,1,35.0,0.0
ITI,IT,8.0,Ineligible / Not Applicable,,6.0,2.0,1,63.0,0.0
ITC,IT,4.333333333333333,Ineligible / Not Applicable,,5.0,4.0,1,32.0,0.0
ITH,IT,3.6666666666666665,Ineligible / Not Applicable,,5.0,3.0,1,24.0,0.0
ITH,IT,6.0,Valid Party Vote,0.0,1.0,3.0,1,55.0,0.0
ITH,IT,4.666666666666667,Valid Party Vote,1.0,6.0,4.0,0,61.0,0.0
ITC,IT,1.6666666666666667,Valid Party Vote,1.0,4.0,2.0,1,48.0,0.0
ITF,IT,4.666666666666667,Valid Party Vote,0.0,6.0,4.0,0,20.0,4.0
ITI,IT,3.6666666666666665,Ineligible / Not Applicable,,2.0,1.0,1,77.0,0.0
ITI,IT,5.333333333333333,Valid Party Vote,0.0,5.0,4.0,0,50.0,0.0
ITF,IT,1.3333333333333333,Valid Party Vote,0.0,1.0,4.0,1,62.0,4.0
ITC,IT,1.6666666666666667,Ineligible / Not Applicable,,5.0,4.0,1,71.0,0.0
ITF,IT,3.6666666666666665,Valid Party Vote,0.0,5.0,4.0,0,38.0,4.0
ITC,IT,4.333333333333333,Ineligible / Not Applicable,,7.0,4.0,0,58.0,0.0
ITF,IT,2.0,Valid Party Vote,0.0,4.0,3.0,0,31.0,4.0
ITF,IT,7.0,Refuse to Say,,5.0,6.0,0,22.0,4.0
ITH,IT,4.333333333333333,Ineligible / Not Applicable,,3.0,4.0,1,36.0,0.0
ITI,IT,3.3333333333333335,Ineligible / Not Applicable,,6.0,2.0,1,59.0,0.0
ITG,IT,0.6666666666666666,Ineligible / Not Applicable,,3.0,1.0,1,75.0,4.0
ITF,IT,2.6666666666666665,Valid Party Vote,0.0,4.0,4.0,0,57.0,4.0
ITH,IT,1.3333333333333333,Ineligible / Not Applicable,,3.0,1.0,0,66.0,0.0
ITI,IT,8.0,Valid Party Vote,0.0,8.0,4.0,0,50.0,0.0
ITH,IT,4.333333333333333,Valid Party Vote,1.0,2.0,2.0,1,74.0,0.0
ITC,IT,5.333333333333333,Ineligible / Not Applicable,,1.0,7.0,0,53.0,0.0
ITI,IT,7.666666666666667,Valid Party Vote,0.0,0.0,4.0,1,46.0,0.0
ITH,IT,4.666666666666667,Ineligible / Not Applicable,,7.0,2.0,0,40.0,0.0
ITH,IT,0.6666666666666666,Refuse to Say,,0.0,4.0,1,61.0,0.0
ITG,IT,2.6666666666666665,Ineligible / Not Applicable,,1.0,2.0,1,52.0,4.0
ITC,IT,6.333333333333333,Valid Party Vote,1.0,5.0,2.0,1,79.0,0.0
ITF,IT,4.333333333333333,Ineligible / Not Applicable,,7.0,4.0,0,41.0,4.0
ITF,IT,5.333333333333333,Valid Party Vote,0.0,3.0,1.0,1,76.0,4.0
ITH,IT,3.6666666666666665,Valid Party Vote,0.0,1.0,1.0,1,55.0,0.0
ITG,IT,6.666666666666667,Valid Party Vote,0.0,9.0,6.0,0,35.0,4.0
ITF,IT,4.333333333333333,Refuse to Say,,3.0,4.0,1,40.0,4.0
ITI,IT,5.666666666666667,Valid Party Vote,1.0,4.0,2.0,0,73.0,0.0
ITC,IT,2.6666666666666665,Valid Party Vote,1.0,0.0,4.0,1,71.0,0.0
ITI,IT,2.0,Ineligible / Not Applicable,,6.0,7.0,1,61.0,0.0
ITC,IT,2.0,Ineligible / Not Applicable,,1.0,7.0,0,33.0,0.0
ITG,IT,2.6666666666666665,Ineligible / Not Applicable,,4.0,2.0,0,63.0,4.0
ITH,IT,3.6666666666666665,Valid Party Vote,0.0,3.0,4.0,1,47.0,0.0
ITI,IT,6.333333333333333,Ineligible / Not Applicable,,8.0,7.0,0,54.0,0.0
ITI,IT,5.333333333333333,Ineligible / Not Applicable,,4.0,2.0,1,19.0,0.0
ITF,IT,5.0,Refuse to Say,,5.0,4.0,1,71.0,4.0
ITC,IT,5.666666666666667,Ineligible / Not Applicable,,2.0,2.0,0,86.0,0.0
ITI,IT,2.3333333333333335,Valid Party Vote,0.0,2.0,4.0,1,33.0,0.0
ITC,IT,2.6666666666666665,Ineligible / Not Applicable,,5.0,2.0,1,53.0,0.0
ITI,IT,6.333333333333333,Valid Party Vote,1.0,4.0,4.0,0,21.0,0.0
ITG,IT,5.0,Valid Party Vote,1.0,0.0,4.0,0,31.0,4.0
ITH,IT,7.666666666666667,Valid Party Vote,0.0,7.0,4.0,0,48.0,0.0
ITF,IT,2.0,Refuse to Say,,0.0,1.0,1,87.0,4.0
ITG,IT,4.666666666666667,Valid Party Vote,0.0,5.0,2.0,0,36.0,4.0
ITF,IT,4.666666666666667,Ineligible / Not Applicable,,5.0,4.0,1,69.0,4.0
ITC,IT,5.666666666666667,Ineligible / Not Applicable,,8.0,4.0,1,22.0,0.0
ITI,IT,4.333333333333333,Valid Party Vote,1.0,3.0,2.0,0,64.0,0.0
ITI,IT,5.333333333333333,Ineligible / Not Applicable,,6.0,2.0,0,39.0,0.0
ITC,IT,2.6666666666666665,Ineligible / Not Applicable,,2.0,5.0,0,83.0,0.0
ITH,IT,6.0,Ineligible / Not Applicable,,7.0,2.0,1,16.0,0.0
ITC,IT,6.666666666666667,Ineligible / Not Applicable,,4.0,2.0,0,17.0,0.0
ITC,IT,6.0,Valid Party Vote,0.0,6.0,4.0,1,49.0,0.0
ITI,IT,2.6666666666666665,Ineligible / Not Applicable,,5.0,6.0,1,36.0,0.0
ITC,IT,3.0,Refuse to Say,,6.0,2.0,0,59.0,0.0
ITC,IT,2.6666666666666665,Valid Party Vote,0.0,3.0,4.0,1,53.0,0.0
ITC,IT,6.333333333333333,Refuse to Say,,0.0,4.0,0,49.0,0.0
ITG,IT,4.0,Valid Party Vote,1.0,4.0,2.0,1,27.0,4.0
ITC,IT,5.0,Ineligible / Not Applicable,,4.0,2.0,0,73.0,0.0
ITG,IT,2.3333333333333335,Ineligible / Not Applicable,,2.0,3.0,0,34.0,4.0
ITH,IT,0.3333333333333333,Valid Party Vote,1.0,0.0,3.0,1,70.0,0.0
ITF,IT,7.333333333333333,Valid Party Vote,0.0,7.0,6.0,0,27.0,4.0
ITI,IT,2.0,Ineligible / Not Applicable,,4.0,1.0,1,84.0,0.0
ITG,IT,2.0,Ineligible / Not Applicable,,3.0,1.0,0,83.0,4.0
ITC,IT,3.6666666666666665,Valid Party Vote,0.0,2.0,2.0,0,78.0,0.0
ITH,IT,3.3333333333333335,Valid Party Vote,0.0,5.0,2.0,0,84.0,0.0
ITC,IT,6.666666666666667,Valid Party Vote,0.0,7.0,2.0,1,43.0,0.0
ITG,IT,6.666666666666667,Valid Party Vote,0.0,5.0,7.0,1,45.0,4.0
ITF,IT,5.333333333333333,Valid Party Vote,0.0,1.0,2.0,1,41.0,4.0
ITC,IT,2.6666666666666665,Valid Party Vote,1.0,0.0,1.0,1,76.0,0.0
ITG,IT,6.333333333333333,Refuse to Say,,5.0,1.0,0,81.0,4.0
ITG,IT,4.666666666666667,Refuse to Say,,7.0,7.0,1,56.0,4.0
ITF,IT,5.333333333333333,Valid Party Vote,1.0,4.0,4.0,0,50.0,4.0
ITG,IT,1.3333333333333333,Valid Party Vote,0.0,6.0,3.0,0,22.0,4.0
ITC,IT,4.333333333333333,Valid Party Vote,1.0,3.0,6.0,0,53.0,0.0
ITG,IT,7.5,Ineligible / Not Applicable,,7.0,2.0,1,18.0,4.0
ITG,IT,4.666666666666667,Refuse to Say,,5.0,4.0,1,37.0,4.0
ITC,IT,7.666666666666667,Valid Party Vote,1.0,7.0,3.0,1,21.0,0.0
ITF,IT,4.0,Valid Party Vote,0.0,6.0,7.0,1,67.0,4.0
ITC,IT,0.6666666666666666,Refuse to Say,,5.0,7.0,1,78.0,0.0
ITC,IT,6.333333333333333,Valid Party Vote,1.0,4.0,7.0,1,31.0,0.0
ITF,IT,4.0,Ineligible / Not Applicable,,4.0,2.0,0,71.0,4.0
ITH,IT,7.666666666666667,Valid Party Vote,0.0,6.0,4.0,1,66.0,0.0
ITG,IT,0.0,Ineligible / Not Applicable,,0.0,2.0,1,,4.0
ITC,IT,5.0,Valid Party Vote,1.0,0.0,4.0,0,77.0,0.0
ITC,IT,0.0,Ineligible / Not Applicable,,0.0,2.0,1,86.0,0.0
ITF,IT,5.0,Ineligible / Not Applicable,,2.0,4.0,0,25.0,4.0
ITC,IT,3.3333333333333335,Valid Party Vote,0.0,3.0,2.0,0,64.0,0.0
ITI,IT,5.0,Ineligible / Not Applicable,,7.0,3.0,1,59.0,0.0
ITF,IT,2.3333333333333335,Refuse to Say,,3.0,1.0,1,61.0,4.0
ITC,IT,5.0,Valid Party Vote,0.0,6.0,2.0,1,78.0,0.0
ITC,IT,3.6666666666666665,Refuse to Say,,6.0,2.0,1,64.0,0.0
ITH,IT,6.333333333333333,Valid Party Vote,1.0,3.0,4.0,0,54.0,0.0
ITC,IT,2.3333333333333335,Don't Know,,8.0,3.0,1,48.0,0.0
ITH,IT,6.0,Valid Party Vote,0.0,7.0,4.0,1,84.0,0.0
ITF,IT,5.666666666666667,Ineligible / Not Applicable,,5.0,1.0,1,77.0,4.0
ITC,IT,7.333333333333333,Valid Party Vote,1.0,0.0,4.0,0,59.0,0.0
ITC,IT,6.333333333333333,Refuse to Say,,6.0,1.0,1,90.0,0.0
ITC,IT,10.0,Ineligible / Not Applicable,,10.0,2.0,0,25.0,0.0
ITF,IT,0.0,Ineligible / Not Applicable,,6.0,5.0,1,77.0,4.0
ITI,IT,5.666666666666667,Ineligible / Not Applicable,,5.0,2.0,1,17.0,0.0
ITC,IT,6.0,Valid Party Vote,0.0,5.0,7.0,0,25.0,0.0
ITC,IT,3.6666666666666665,Refuse to Say,,5.0,4.0,0,69.0,0.0
ITC,IT,2.6666666666666665,Ineligible / Not Applicable,,2.0,2.0,0,26.0,0.0
ITI,IT,4.666666666666667,Refuse to Say,,10.0,2.0,1,59.0,0.0
ITH,IT,6.0,Ineligible / Not Applicable,,6.0,2.0,0,44.0,0.0
ITH,IT,1.0,Valid Party Vote,0.0,10.0,6.0,1,,0.0
ITF,IT,3.0,Valid Party Vote,0.0,5.0,4.0,0,64.0,4.0
ITC,IT,5.0,Valid Party Vote,1.0,4.0,3.0,0,56.0,0.0
ITI,IT,4.333333333333333,Valid Party Vote,0.0,5.0,2.0,0,42.0,0.0
ITG,IT,5.333333333333333,Valid Party Vote,0.0,6.0,4.0,1,39.0,4.0
ITI,IT,4.333333333333333,Ineligible / Not Applicable,,7.0,7.0,0,38.0,0.0
ITF,IT,4.666666666666667,Valid Party Vote,0.0,7.0,4.0,0,31.0,4.0
ITC,IT,1.6666666666666667,Ineligible / Not Applicable,,5.0,5.0,0,63.0,0.0
ITF,IT,6.0,Valid Party Vote,1.0,6.0,7.0,1,64.0,4.0
ITG,IT,3.0,Ineligible / Not Applicable,,,2.0,0,58.0,4.0
ITF,IT,4.666666666666667,Ineligible / Not Applicable,,4.0,1.0,1,90.0,4.0
ITI,IT,2.3333333333333335,Valid Party Vote,0.0,7.0,4.0,0,36.0,0.0
ITI,IT,8.333333333333334,Ineligible / Not Applicable,,5.0,1.0,1,88.0,0.0
ITG,IT,3.3333333333333335,Ineligible / Not Applicable,,4.0,2.0,0,53.0,4.0
ITG,IT,2.6666666666666665,Ineligible / Not Applicable,,3.0,6.0,1,31.0,4.0
ITH,IT,5.333333333333333,Ineligible / Not Applicable,,4.0,2.0,1,62.0,0.0
ITI,IT,2.0,Ineligible / Not Applicable,,2.0,2.0,0,46.0,0.0
ITG,IT,5.333333333333333,Valid Party Vote,1.0,5.0,4.0,1,36.0,4.0
ITH,IT,4.333333333333333,Refuse to Say,,3.0,3.0,1,34.0,0.0
ITH,IT,5.333333333333333,Valid Party Vote,0.0,5.0,4.0,0,61.0,0.0
ITI,IT,7.333333333333333,Ineligible / Not Applicable,,7.0,3.0,1,66.0,0.0
ITG,IT,3.6666666666666665,Ineligible / Not Applicable,,4.0,2.0,0,19.0,4.0
ITH,IT,5.0,Valid Party Vote,0.0,6.0,2.0,0,64.0,0.0
ITI,IT,4.333333333333333,Ineligible / Not Applicable,,6.0,3.0,0,50.0,0.0
ITF,IT,5.666666666666667,Valid Party Vote,0.0,8.0,2.0,0,70.0,4.0
ITH,IT,5.666666666666667,Valid Party Vote,0.0,6.0,5.0,0,59.0,0.0
ITF,IT,1.3333333333333333,Ineligible / Not Applicable,,2.0,4.0,0,25.0,4.0
ITC,IT,0.0,Valid Party Vote,1.0,0.0,1.0,1,78.0,0.0
ITH,IT,2.6666666666666665,Refuse to Say,,2.0,2.0,1,74.0,0.0
ITF,IT,6.0,Ineligible / Not Applicable,,7.0,4.0,1,21.0,4.0
ITC,IT,5.333333333333333,Ineligible / Not Applicable,,0.0,2.0,0,18.0,0.0
ITI,IT,5.0,Valid Party Vote,0.0,7.0,2.0,0,72.0,0.0
ITH,IT,6.0,Valid Party Vote,1.0,3.0,7.0,1,38.0,0.0
ITF,IT,6.0,Valid Party Vote,0.0,5.0,7.0,0,31.0,4.0
ITC,IT,7.666666666666667,Ineligible / Not Applicable,,8.0,2.0,0,38.0,0.0
ITG,IT,1.3333333333333333,Refuse to Say,,5.0,,1,71.0,4.0
ITC,IT,2.6666666666666665,Valid Party Vote,1.0,3.0,3.0,0,39.0,0.0
ITG,IT,2.6666666666666665,Ineligible / Not Applicable,,1.0,2.0,1,56.0,4.0
ITI,IT,6.0,Valid Party Vote,0.0,6.0,4.0,1,52.0,0.0
ITF,IT,4.0,Valid Party Vote,0.0,4.0,1.0,0,81.0,4.0
ITC,IT,4.666666666666667,Ineligible / Not Applicable,,3.0,6.0,1,46.0,0.0
ITH,IT,3.0,Refuse to Say,,4.0,1.0,0,73.0,0.0
ITC,IT,6.0,Valid Party Vote,0.0,5.0,5.0,1,26.0,0.0
ITC,IT,5.666666666666667,Ineligible / Not Applicable,,7.0,1.0,1,75.0,0.0
ITC,IT,3.3333333333333335,Valid Party Vote,1.0,3.0,2.0,1,73.0,0.0
ITC,IT,5.333333333333333,Refuse to Say,,4.0,2.0,0,65.0,0.0
ITF,IT,0.0,Ineligible / Not Applicable,,0.0,1.0,1,69.0,4.0
ITH,IT,5.333333333333333,Valid Party Vote,0.0,5.0,7.0,1,30.0,0.0
ITI,IT,4.333333333333333,Refuse to Say,,3.0,1.0,0,85.0,0.0
ITI,IT,5.0,Ineligible / Not Applicable,,5.0,2.0,1,,0.0
ITF,IT,5.0,Ineligible / Not Applicable,,,1.0,1,85.0,4.0
ITF,IT,1.0,Ineligible / Not Applicable,,,2.0,1,74.0,4.0
ITC,IT,6.0,Valid Party Vote,0.0,4.0,2.0,1,18.0,0.0
ITI,IT,2.0,Ineligible / Not Applicable,,3.0,5.0,0,61.0,0.0
ITH,IT,5.333333333333333,Valid Party Vote,0.0,7.0,4.0,0,33.0,0.0
ITF,IT,2.6666666666666665,Valid Party Vote,1.0,4.0,7.0,0,58.0,4.0
ITC,IT,4.333333333333333,Refuse to Say,,5.0,4.0,1,27.0,0.0
ITC,IT,0.6666666666666666,Valid Party Vote,1.0,0.0,5.0,0,67.0,0.0
ITG,IT,4.333333333333333,Valid Party Vote,0.0,4.0,2.0,1,51.0,4.0
ITC,IT,7.333333333333333,Refuse to Say,,4.0,4.0,0,70.0,0.0
ITC,IT,7.333333333333333,Refuse to Say,,2.0,6.0,1,32.0,0.0
ITC,IT,2.3333333333333335,Ineligible / Not Applicable,,3.0,3.0,0,36.0,0.0
ITF,IT,2.6666666666666665,Ineligible / Not Applicable,,4.0,1.0,1,61.0,4.0
ITI,IT,4.666666666666667,Valid Party Vote,0.0,3.0,6.0,0,41.0,0.0
ITH,IT,7.666666666666667,Valid Party Vote,0.0,9.0,4.0,0,39.0,0.0
ITI,IT,8.666666666666666,Valid Party Vote,1.0,0.0,6.0,1,33.0,0.0
ITC,IT,2.6666666666666665,Ineligible / Not Applicable,,5.0,4.0,0,23.0,0.0
ITI,IT,4.333333333333333,Ineligible / Not Applicable,,3.0,6.0,0,48.0,0.0
ITI,IT,2.6666666666666665,Valid Party Vote,0.0,3.0,2.0,0,38.0,0.0
ITI,IT,3.3333333333333335,Ineligible / Not Applicable,,2.0,2.0,0,75.0,0.0
ITC,IT,6.0,Valid Party Vote,1.0,7.0,3.0,0,51.0,0.0
ITH,IT,7.333333333333333,Valid Party Vote,0.0,7.0,4.0,0,56.0,0.0
ITF,IT,2.0,Ineligible / Not Applicable,,4.0,4.0,0,20.0,4.0
ITF,IT,5.666666666666667,Ineligible / Not Applicable,,10.0,2.0,0,47.0,4.0
ITC,IT,4.0,Ineligible / Not Applicable,,5.0,2.0,1,60.0,0.0
ITC,IT,6.666666666666667,Valid Party Vote,1.0,5.0,6.0,1,35.0,0.0
ITC,IT,5.666666666666667,Ineligible / Not Applicable,,7.0,2.0,0,49.0,0.0
ITG,IT,6.666666666666667,Valid Party Vote,0.0,7.0,2.0,1,19.0,4.0
ITH,IT,4.333333333333333,Valid Party Vote,0.0,5.0,4.0,1,42.0,0.0
ITC,IT,5.333333333333333,Valid Party Vote,0.0,4.0,7.0,0,58.0,0.0
ITI,IT,4.666666666666667,Ineligible / Not Applicable,,6.0,4.0,1,51.0,0.0
ITC,IT,2.3333333333333335,Ineligible / Not Applicable,,6.0,2.0,1,78.0,0.0
ITC,IT,2.3333333333333335,Valid Party Vote,0.0,6.0,4.0,1,60.0,0.0
ITC,IT,5.666666666666667,Valid Party Vote,0.0,7.0,4.0,1,54.0,0.0
ITG,IT,3.3333333333333335,Ineligible / Not Applicable,,2.0,4.0,1,60.0,4.0
ITF,IT,4.666666666666667,Valid Party Vote,0.0,4.0,4.0,0,42.0,4.0
ITH,IT,6.666666666666667,Ineligible / Not Applicable,,4.0,3.0,1,66.0,0.0
ITH,IT,4.333333333333333,Refuse to Say,,8.0,7.0,0,47.0,0.0
ITC,IT,3.6666666666666665,Ineligible / Not Applicable,,6.0,5.0,1,26.0,0.0
ITC,IT,2.3333333333333335,Ineligible / Not Applicable,,4.0,4.0,1,41.0,0.0
ITC,IT,6.333333333333333,Refuse to Say,,6.0,5.0,0,79.0,0.0
ITF,IT,3.6666666666666665,Ineligible / Not Applicable,,7.0,4.0,1,63.0,4.0
ITI,IT,3.0,Ineligible / Not Applicable,,4.0,2.0,1,50.0,0.0
ITC,IT,1.6666666666666667,Valid Party Vote,1.0,0.0,2.0,1,69.0,0.0
ITH,IT,6.333333333333333,Valid Party Vote,0.0,7.0,4.0,0,59.0,0.0
ITC,IT,5.666666666666667,Valid Party Vote,0.0,6.0,4.0,0,49.0,0.0
ITC,IT,5.666666666666667,Valid Party Vote,0.0,6.0,2.0,1,68.0,0.0
ITG,IT,2.6666666666666665,Valid Party Vote,0.0,5.0,4.0,1,65.0,4.0
ITI,IT,3.3333333333333335,Valid Party Vote,0.0,6.0,2.0,1,62.0,0.0
ITH,IT,4.0,Valid Party Vote,1.0,0.0,1.0,1,75.0,0.0
ITH,IT,6.0,Ineligible / Not Applicable,,4.0,2.0,0,67.0,0.0
ITG,IT,4.0,Valid Party Vote,1.0,3.0,2.0,0,52.0,4.0
ITI,IT,0.0,Ineligible / Not Applicable,,3.0,2.0,1,35.0,0.0
ITC,IT,8.333333333333334,Valid Party Vote,0.0,5.0,4.0,0,85.0,0.0
ITC,IT,3.0,Valid Party Vote,0.0,7.0,2.0,1,24.0,0.0
ITC,IT,4.333333333333333,Ineligible / Not Applicable,,2.0,4.0,1,50.0,0.0
ITI,IT,1.6666666666666667,Valid Party Vote,1.0,5.0,4.0,0,53.0,0.0
ITG,IT,1.6666666666666667,Ineligible / Not Applicable,,2.0,2.0,0,56.0,4.0
ITH,IT,4.333333333333333,Refuse to Say,,5.0,3.0,0,54.0,0.0
ITC,IT,6.666666666666667,Valid Party Vote,1.0,4.0,4.0,1,52.0,0.0
ITC,IT,3.0,Ineligible / Not Applicable,,8.0,2.0,0,37.0,0.0
ITC,IT,0.0,Ineligible / Not Applicable,,4.0,2.0,1,81.0,0.0
ITI,IT,6.666666666666667,Ineligible / Not Applicable,,4.0,2.0,0,62.0,0.0
ITG,IT,6.0,Valid Party Vote,1.0,4.0,2.0,1,58.0,4.0
ITF,IT,6.666666666666667,Valid Party Vote,0.0,5.0,4.0,0,25.0,4.0
ITC,IT,4.666666666666667,Valid Party Vote,1.0,5.0,2.0,1,89.0,0.0
ITC,IT,3.0,Valid Party Vote,0.0,6.0,3.0,0,39.0,0.0
ITC,IT,2.6666666666666665,Don't Know,,7.0,1.0,1,76.0,0.0
ITH,IT,7.0,Ineligible / Not Applicable,,4.0,4.0,1,19.0,0.0
ITC,IT,7.333333333333333,Valid Party Vote,1.0,4.0,2.0,0,38.0,0.0
ITF,IT,6.666666666666667,Valid Party Vote,0.0,6.0,4.0,1,24.0,4.0
ITF,IT,0.6666666666666666,Valid Party Vote,1.0,5.0,4.0,0,38.0,4.0
ITH,IT,1.6666666666666667,Refuse to Say,,2.0,2.0,0,78.0,0.0
ITF,IT,1.0,Ineligible / Not Applicable,,4.0,2.0,0,39.0,4.0
ITI,IT,0.6666666666666666,Valid Party Vote,0.0,2.0,7.0,0,57.0,0.0
ITC,IT,7.0,Ineligible / Not Applicable,,6.0,3.0,1,56.0,0.0
ITH,IT,6.0,Valid Party Vote,0.0,4.0,6.0,1,34.0,0.0
ITF,IT,5.666666666666667,Ineligible / Not Applicable,,5.0,4.0,1,71.0,4.0
ITF,IT,5.333333333333333,Valid Party Vote,1.0,5.0,4.0,1,22.0,4.0
ITC,IT,5.333333333333333,Valid Party Vote,0.0,5.0,1.0,0,69.0,0.0
ITC,IT,3.3333333333333335,Refuse to Say,,,2.0,0,72.0,0.0
ITC,IT,6.0,Refuse to Say,,5.0,7.0,1,49.0,0.0
ITC,IT,3.3333333333333335,Ineligible / Not Applicable,,3.0,2.0,1,80.0,0.0
ITH,IT,5.333333333333333,Refuse to Say,,8.0,4.0,0,23.0,0.0
ITF,IT,3.6666666666666665,Ineligible / Not Applicable,,4.0,2.0,1,75.0,4.0
ITI,IT,8.333333333333334,Valid Party Vote,1.0,5.0,4.0,1,89.0,0.0
ITH,IT,4.666666666666667,Valid Party Vote,1.0,3.0,4.0,1,39.0,0.0
ITC,IT,0.0,Ineligible / Not Applicable,,2.0,2.0,0,64.0,0.0
ITH,IT,5.0,Valid Party Vote,0.0,6.0,2.0,0,48.0,0.0
ITF,IT,6.333333333333333,Valid Party Vote,0.0,6.0,2.0,0,68.0,4.0
ITC,IT,0.3333333333333333,Refuse to Say,,5.0,4.0,1,55.0,0.0
ITH,IT,8.333333333333334,Valid Party Vote,0.0,7.0,7.0,0,57.0,0.0
ITC,IT,8.333333333333334,Refuse to Say,,8.0,7.0,1,42.0,0.0
ITF,IT,4.333333333333333,Valid Party Vote,0.0,4.0,2.0,0,69.0,4.0
ITC,IT,6.0,Valid Party Vote,0.0,8.0,4.0,0,59.0,0.0
ITH,IT,1.5,Valid Party Vote,0.0,5.0,1.0,1,86.0,0.0
ITF,IT,3.0,Refuse to Say,,3.0,2.0,1,52.0,4.0
ITF,IT,3.3333333333333335,Ineligible / Not Applicable,,3.0,1.0,1,76.0,4.0
ITH,IT,5.666666666666667,Valid Party Vote,1.0,3.0,2.0,0,58.0,0.0
ITH,IT,4.0,Valid Party Vote,1.0,5.0,3.0,1,45.0,0.0
ITC,IT,1.6666666666666667,Valid Party Vote,0.0,4.0,1.0,1,83.0,0.0
ITC,IT,6.0,Ineligible / Not Applicable,,4.0,4.0,1,76.0,0.0
ITH,IT,2.6666666666666665,Ineligible / Not Applicable,,6.0,2.0,0,57.0,0.0
ITF,IT,1.3333333333333333,Valid Party Vote,0.0,5.0,5.0,0,77.0,4.0
ITC,IT,5.0,Refuse to Say,,2.0,4.0,1,64.0,0.0
ITH,IT,5.333333333333333,Valid Party Vote,0.0,7.0,7.0,0,35.0,0.0
ITC,IT,3.6666666666666665,Ineligible / Not Applicable,,3.0,7.0,0,39.0,0.0
ITI,IT,6.0,Ineligible / Not Applicable,,6.0,4.0,0,18.0,0.0
ITI,IT,5.333333333333333,Valid Party Vote,1.0,1.0,4.0,0,55.0,0.0
ITG,IT,4.333333333333333,Valid Party Vote,0.0,5.0,4.0,1,68.0,4.0
ITH,IT,3.6666666666666665,Valid Party Vote,0.0,5.0,2.0,0,76.0,0.0
ITH,IT,7.666666666666667,Refuse to Say,,7.0,1.0,0,29.0,0.0
ITC,IT,5.666666666666667,Valid Party Vote,0.0,0.0,1.0,0,70.0,0.0
ITG,IT,2.0,Ineligible / Not Applicable,,2.0,1.0,1,75.0,4.0
ITG,IT,2.3333333333333335,Refuse to Say,,0.0,4.0,1,73.0,4.0
ITF,IT,1.6666666666666667,Ineligible / Not Applicable,,2.0,1.0,0,82.0,4.0
ITC,IT,6.333333333333333,Valid Party Vote,1.0,6.0,6.0,0,25.0,0.0
ITC,IT,3.6666666666666665,Ineligible / Not Applicable,,8.0,1.0,0,76.0,0.0
ITH,IT,7.0,Valid Party Vote,0.0,1.0,2.0,1,74.0,0.0
ITF,IT,3.3333333333333335,Valid Party Vote,0.0,4.0,7.0,1,31.0,4.0
ITF,IT,2.0,Ineligible / Not Applicable,,10.0,4.0,1,58.0,4.0
ITC,IT,3.3333333333333335,Ineligible / Not Applicable,,6.0,6.0,1,28.0,0.0
ITF,IT,3.3333333333333335,Valid Party Vote,1.0,2.0,1.0,0,75.0,4.0
ITF,IT,6.0,Valid Party Vote,1.0,3.0,4.0,1,68.0,4.0
ITC,IT,5.333333333333333,Refuse to Say,,6.0,4.0,0,64.0,0.0
ITF,IT,9.333333333333334,Valid Party Vote,1.0,0.0,3.0,1,53.0,4.0
ITF,IT,0.3333333333333333,Ineligible / Not Applicable,,2.0,3.0,0,29.0,4.0
ITH,IT,,Ineligible / Not Applicable,,,2.0,0,18.0,0.0
ITG,IT,5.0,Refuse to Say,,5.0,4.0,1,45.0,4.0
ITH,IT,6.333333333333333,Valid Party Vote,0.0,7.0,2.0,1,77.0,0.0
ITF,IT,5.333333333333333,Valid Party Vote,0.0,6.0,2.0,0,65.0,4.0
ITF,IT,0.0,Refuse to Say,,1.0,2.0,1,57.0,4.0
ITC,IT,2.6666666666666665,Valid Party Vote,0.0,4.0,2.0,1,60.0,0.0
ITF,IT,,Ineligible / Not Applicable,,,2.0,1,73.0,4.0
ITC,IT,5.666666666666667,Ineligible / Not Applicable,,7.0,2.0,1,86.0,0.0
ITH,IT,7.0,Valid Party Vote,0.0,10.0,4.0,0,63.0,0.0
ITH,IT,4.333333333333333,Valid Party Vote,0.0,2.0,7.0,1,32.0,0.0
ITC,IT,5.333333333333333,Ineligible / Not Applicable,,5.0,1.0,1,81.0,0.0
ITF,IT,4.333333333333333,Valid Party Vote,0.0,5.0,4.0,0,24.0,4.0
ITC,IT,6.0,Ineligible / Not Applicable,,9.0,7.0,0,57.0,0.0
ITI,IT,1.3333333333333333,Valid Party Vote,0.0,0.0,3.0,0,73.0,0.0
ITF,IT,3.3333333333333335,Valid Party Vote,1.0,1.0,2.0,0,50.0,4.0
ITI,IT,3.3333333333333335,Ineligible / Not Applicable,,4.0,2.0,1,68.0,0.0
ITC,IT,6.0,Valid Party Vote,1.0,6.0,2.0,1,74.0,0.0
ITH,IT,2.6666666666666665,Ineligible / Not Applicable,,4.0,3.0,1,58.0,0.0
ITH,IT,7.666666666666667,Valid Party Vote,0.0,,3.0,0,37.0,0.0
ITF,IT,6.666666666666667,Don't Know,,5.0,4.0,1,59.0,4.0
ITI,IT,2.6666666666666665,Don't Know,,3.0,7.0,0,34.0,0.0
ITH,IT,1.6666666666666667,Valid Party Vote,1.0,1.0,5.0,0,,0.0
ITF,IT,0.6666666666666666,Ineligible / Not Applicable,,3.0,2.0,0,66.0,4.0
ITG,IT,3.6666666666666665,Valid Party Vote,1.0,0.0,4.0,1,53.0,4.0
ITC,IT,6.333333333333333,Valid Party Vote,0.0,5.0,4.0,0,63.0,0.0
ITH,IT,5.666666666666667,Valid Party Vote,0.0,5.0,7.0,0,41.0,0.0
ITG,IT,6.333333333333333,Refuse to Say,,7.0,4.0,1,51.0,4.0
ITH,IT,6.0,Valid Party Vote,1.0,4.0,7.0,0,90.0,0.0
ITF,IT,5.333333333333333,Valid Party Vote,1.0,9.0,4.0,1,46.0,4.0
ITH,IT,5.333333333333333,Ineligible / Not Applicable,,5.0,1.0,1,85.0,0.0
ITI,IT,3.3333333333333335,Ineligible / Not Applicable,,3.0,2.0,0,48.0,0.0
ITC,IT,,Ineligible / Not Applicable,,4.0,1.0,1,90.0,0.0
ITI,IT,6.0,Refuse to Say,,6.0,5.0,0,39.0,0.0
ITI,IT,5.333333333333333,Refuse to Say,,6.0,7.0,0,65.0,0.0
ITC,IT,6.666666666666667,Valid Party Vote,1.0,5.0,4.0,1,49.0,0.0
ITF,IT,6.0,Valid Party Vote,0.0,5.0,7.0,1,32.0,4.0
ITC,IT,4.0,Refuse to Say,,5.0,2.0,1,74.0,0.0
ITF,IT,4.0,Ineligible / Not Applicable,,5.0,2.0,0,19.0,4.0
ITG,IT,5.666666666666667,Refuse to Say,,4.0,4.0,0,59.0,4.0
ITI,IT,6.666666666666667,Ineligible / Not Applicable,,7.0,2.0,1,66.0,0.0
ITC,IT,5.0,Ineligible / Not Applicable,,0.0,2.0,1,88.0,0.0
ITC,IT,2.6666666666666665,Ineligible / Not Applicable,,5.0,4.0,1,60.0,0.0
ITH,IT,5.666666666666667,Valid Party Vote,1.0,4.0,5.0,0,36.0,0.0
ITG,IT,3.0,Ineligible / Not Applicable,,5.0,2.0,1,54.0,4.0
ITG,IT,1.0,Ineligible / Not Applicable,,2.0,2.0,1,43.0,4.0
ITC,IT,5.666666666666667,Valid Party Vote,0.0,,5.0,0,67.0,0.0
ITC,IT,5.0,Refuse to Say,,2.0,7.0,0,76.0,0.0
ITC,IT,5.0,Refuse to Say,,5.0,2.0,1,50.0,0.0
ITH,IT,6.0,Ineligible / Not Applicable,,7.0,2.0,1,17.0,0.0
ITH,IT,6.0,Ineligible / Not Applicable,,6.0,1.0,1,45.0,0.0
ITC,IT,0.0,Ineligible / Not Applicable,,4.0,2.0,1,83.0,0.0
ITF,IT,4.0,Ineligible / Not Applicable,,6.0,4.0,1,18.0,4.0
ITG,IT,7.0,Valid Party Vote,1.0,4.0,2.0,0,57.0,4.0
ITG,IT,0.0,Ineligible / Not Applicable,,2.0,4.0,1,70.0,4.0
ITC,IT,5.666666666666667,Refuse to Say,,0.0,7.0,1,78.0,0.0
ITC,IT,6.333333333333333,Refuse to Say,,5.0,4.0,0,28.0,0.0
ITI,IT,5.333333333333333,Ineligible / Not Applicable,,5.0,2.0,1,,0.0
ITF,IT,0.3333333333333333,Ineligible / Not Applicable,,7.0,6.0,0,46.0,4.0
ITI,IT,6.0,Valid Party Vote,0.0,5.0,7.0,1,54.0,0.0
ITI,IT,0.0,Ineligible / Not Applicable,,1.0,1.0,1,87.0,0.0
ITH,IT,5.0,Refuse to Say,,6.0,4.0,0,55.0,0.0
ITI,IT,5.666666666666667,Valid Party Vote,0.0,8.0,4.0,1,32.0,0.0
ITI,IT,8.333333333333334,Ineligible / Not Applicable,,6.0,1.0,1,75.0,0.0
ITF,IT,6.0,Valid Party Vote,1.0,0.0,1.0,0,82.0,4.0
ITI,IT,5.666666666666667,Valid Party Vote,0.0,,7.0,1,27.0,0.0
ITI,IT,8.333333333333334,Refuse to Say,,6.0,7.0,1,48.0,0.0
ITG,IT,0.6666666666666666,Ineligible / Not Applicable,,0.0,1.0,1,90.0,4.0
ITF,IT,3.3333333333333335,Ineligible / Not Applicable,,1.0,2.0,0,43.0,4.0
ITC,IT,6.333333333333333,Valid Party Vote,0.0,5.0,4.0,0,59.0,0.0
ITH,IT,6.0,Valid Party Vote,0.0,6.0,7.0,0,29.0,0.0
ITF,IT,4.333333333333333,Valid Party Vote,0.0,8.0,4.0,1,28.0,4.0
ITC,IT,4.666666666666667,Ineligible / Not Applicable,,5.0,1.0,1,72.0,0.0
ITC,IT,5.666666666666667,Ineligible / Not Applicable,,6.0,4.0,1,46.0,0.0
ITG,IT,0.0,Refuse to Say,,,1.0,0,65.0,4.0
ITF,IT,5.333333333333333,Valid Party Vote,1.0,3.0,2.0,1,65.0,4.0
ITI,IT,3.6666666666666665,Ineligible / Not Applicable,,6.0,2.0,1,24.0,0.0
ITI,IT,4.666666666666667,Valid Party Vote,1.0,3.0,4.0,0,42.0,0.0
ITH,IT,5.666666666666667,Refuse to Say,,5.0,4.0,1,54.0,0.0
ITG,IT,3.3333333333333335,Refuse to Say,,4.0,2.0,0,31.0,4.0
ITG,IT,2.0,Ineligible / Not Applicable,,0.0,4.0,1,23.0,4.0
ITF,IT,5.333333333333333,Ineligible / Not Applicable,,5.0,2.0,0,17.0,4.0
ITF,IT,4.666666666666667,Ineligible / Not Applicable,,5.0,1.0,1,90.0,4.0
ITF,IT,6.0,Don't Know,,4.0,4.0,0,41.0,4.0
ITI,IT,6.666666666666667,Valid Party Vote,0.0,9.0,7.0,1,40.0,0.0
ITC,IT,5.666666666666667,Refuse to Say,,6.0,3.0,0,55.0,0.0
ITF,IT,4.666666666666667,Ineligible / Not Applicable,,4.0,2.0,0,18.0,4.0
ITG,IT,4.666666666666667,Refuse to Say,,5.0,4.0,1,32.0,4.0
ITH,IT,5.0,Ineligible / Not Applicable,,7.0,2.0,0,40.0,0.0
ITH,IT,3.0,Refuse to Say,,7.0,4.0,0,23.0,0.0
ITI,IT,5.0,Valid Party Vote,1.0,4.0,1.0,1,86.0,0.0
ITC,IT,0.0,Valid Party Vote,1.0,0.0,,1,21.0,0.0
ITC,IT,3.6666666666666665,Refuse to Say,,0.0,4.0,0,76.0,0.0
ITF,IT,6.666666666666667,Ineligible / Not Applicable,,2.0,2.0,0,17.0,4.0
ITF,IT,3.3333333333333335,Ineligible / Not Applicable,,2.0,1.0,0,70.0,4.0
ITF,IT,1.3333333333333333,Valid Party Vote,0.0,8.0,5.0,0,32.0,4.0
ITH,IT,6.333333333333333,Valid Party Vote,0.0,6.0,4.0,1,43.0,0.0
ITI,IT,10.0,Ineligible / Not Applicable,,0.0,1.0,1,86.0,0.0
ITG,IT,7.0,Valid Party Vote,1.0,3.0,7.0,0,57.0,4.0
ITI,IT,4.333333333333333,Ineligible / Not Applicable,,5.0,4.0,0,76.0,0.0
ITF,IT,4.333333333333333,Ineligible / Not Applicable,,6.0,4.0,1,32.0,4.0
ITH,IT,5.0,Ineligible / Not Applicable,,,1.0,1,90.0,0.0
ITI,IT,5.0,Valid Party Vote,1.0,4.0,4.0,1,25.0,0.0
ITC,IT,5.333333333333333,Valid Party Vote,0.0,5.0,7.0,1,34.0,0.0
ITC,IT,4.0,Ineligible / Not Applicable,,6.0,1.0,1,52.0,0.0
ITF,IT,1.3333333333333333,Ineligible / Not Applicable,,6.0,2.0,0,20.0,4.0
ITI,IT,4.0,Valid Party Vote,0.0,5.0,4.0,0,38.0,0.0
ITF,IT,0.3333333333333333,Ineligible / Not Applicable,,5.0,4.0,0,,4.0
ITI,IT,5.666666666666667,Refuse to Say,,7.0,2.0,0,73.0,0.0
ITC,IT,2.6666666666666665,Ineligible / Not Applicable,,4.0,3.0,0,24.0,0.0
ITF,IT,2.0,Valid Party Vote,0.0,5.0,2.0,1,54.0,4.0
ITI,IT,3.3333333333333335,Ineligible / Not Applicable,,0.0,2.0,1,67.0,0.0
ITC,IT,6.0,Valid Party Vote,0.0,5.0,4.0,0,46.0,0.0
ITG,IT,4.0,Valid Party Vote,1.0,4.0,4.0,1,39.0,4.0
ITH,IT,1.3333333333333333,Don't Know,,0.0,1.0,1,75.0,0.0
ITC,IT,5.666666666666667,Valid Party Vote,1.0,5.0,4.0,0,56.0,0.0
ITI,IT,7.0,Ineligible / Not Applicable,,3.0,2.0,0,69.0,0.0
ITG,IT,4.0,Valid Party Vote,1.0,5.0,2.0,1,54.0,4.0
ITC,IT,0.0,Ineligible / Not Applicable,,2.0,2.0,0,58.0,0.0
ITC,IT,1.0,Refuse to Say,,5.0,5.0,0,36.0,0.0
ITC,IT,5.0,Ineligible / Not Applicable,,7.0,2.0,0,64.0,0.0
ITC,IT,7.333333333333333,Valid Party Vote,0.0,7.0,4.0,1,20.0,0.0
ITF,IT,5.666666666666667,Valid Party Vote,1.0,5.0,2.0,1,64.0,4.0
ITF,IT,4.0,Ineligible / Not Applicable,,,1.0,1,90.0,4.0
ITH,IT,3.0,Valid Party Vote,0.0,5.0,2.0,1,62.0,0.0
ITC,IT,5.333333333333333,Refuse to Say,,4.0,2.0,0,17.0,0.0
ITC,IT,4.666666666666667,Ineligible / Not Applicable,,7.0,4.0,0,35.0,0.0
ITH,IT,4.333333333333333,Valid Party Vote,0.0,5.0,2.0,0,70.0,0.0
ITH,IT,2.6666666666666665,Don't Know,,4.0,5.0,0,54.0,0.0
ITI,IT,6.666666666666667,Valid Party Vote,0.0,7.0,7.0,1,39.0,0.0
ITH,IT,4.0,Refuse to Say,,2.0,4.0,1,56.0,0.0
ITF,IT,5.333333333333333,Valid Party Vote,0.0,3.0,1.0,0,71.0,4.0
ITC,IT,6.0,Ineligible / Not Applicable,,5.0,2.0,1,29.0,0.0
ITF,IT,5.333333333333333,Valid Party Vote,0.0,5.0,2.0,1,47.0,4.0
ITC,IT,5.333333333333333,Ineligible / Not Applicable,,5.0,2.0,0,78.0,0.0
ITF,IT,3.6666666666666665,Valid Party Vote,1.0,4.0,4.0,0,53.0,4.0
ITH,IT,7.333333333333333,Valid Party Vote,0.0,7.0,4.0,1,49.0,0.0
ITF,IT,7.0,Refuse to Say,,5.0,4.0,0,65.0,4.0
ITG,IT,7.0,Refuse to Say,,5.0,4.0,1,39.0,4.0
ITC,IT,4.0,Ineligible / Not Applicable,,3.0,1.0,1,85.0,0.0
ITC,IT,3.6666666666666665,Ineligible / Not Applicable,,8.0,5.0,0,27.0,0.0
ITG,IT,0.0,Valid Party Vote,0.0,0.0,2.0,0,45.0,4.0
ITC,IT,6.0,Valid Party Vote,1.0,3.0,6.0,0,32.0,0.0
ITI,IT,3.3333333333333335,Valid Party Vote,0.0,3.0,4.0,0,44.0,0.0
ITI,IT,5.333333333333333,Valid Party Vote,0.0,6.0,3.0,1,54.0,0.0
ITI,IT,5.666666666666667,Valid Party Vote,1.0,3.0,4.0,0,44.0,0.0
ITH,IT,6.0,Ineligible / Not Applicable,,6.0,4.0,0,28.0,0.0
ITI,IT,4.333333333333333,Valid Party Vote,0.0,6.0,2.0,1,74.0,0.0
ITC,IT,2.0,Refuse to Say,,8.0,6.0,1,32.0,0.0
ITH,IT,5.0,Valid Party Vote,0.0,6.0,3.0,1,42.0,0.0
ITI,IT,4.666666666666667,Ineligible / Not Applicable,,3.0,1.0,1,80.0,0.0
ITH,IT,4.333333333333333,Valid Party Vote,0.0,8.0,4.0,0,22.0,0.0
ITH,IT,2.0,Ineligible / Not Applicable,,8.0,2.0,1,72.0,0.0
ITC,IT,6.0,Ineligible / Not Applicable,,5.0,4.0,1,34.0,0.0
ITC,IT,6.666666666666667,Valid Party Vote,1.0,5.0,4.0,0,78.0,0.0
ITC,IT,0.0,Valid Party Vote,0.0,5.0,4.0,0,34.0,0.0
ITC,IT,1.0,Ineligible / Not Applicable,,3.0,2.0,1,77.0,0.0
ITF,IT,4.333333333333333,Valid Party Vote,0.0,5.0,2.0,1,73.0,4.0
ITG,IT,6.666666666666667,Valid Party Vote,1.0,2.0,6.0,0,31.0,4.0
ITC,IT,6.0,Refuse to Say,,2.0,1.0,0,81.0,0.0
ITC,IT,6.0,Ineligible / Not Applicable,,8.0,6.0,1,23.0,0.0
ITF,IT,4.333333333333333,Valid Party Vote,0.0,5.0,1.0,1,68.0,4.0
ITC,IT,6.333333333333333,Valid Party Vote,0.0,5.0,2.0,1,66.0,0.0
ITC,IT,5.0,Valid Party Vote,1.0,2.0,7.0,0,67.0,0.0
ITI,IT,3.6666666666666665,Valid Party Vote,1.0,5.0,1.0,1,80.0,0.0
ITC,IT,1.3333333333333333,Refuse to Say,,5.0,4.0,1,63.0,0.0
ITF,IT,3.0,Ineligible / Not Applicable,,4.0,2.0,1,18.0,4.0
ITF,IT,3.0,Valid Party Vote,0.0,1.0,1.0,1,62.0,4.0
ITI,IT,6.0,Valid Party Vote,0.0,6.0,2.0,1,77.0,0.0
ITC,IT,4.666666666666667,Valid Party Vote,1.0,4.0,1.0,0,85.0,0.0
ITI,IT,6.333333333333333,Ineligible / Not Applicable,,7.0,1.0,0,90.0,0.0
ITC,IT,6.0,Refuse to Say,,7.0,6.0,0,29.0,0.0
ITG,IT,2.3333333333333335,Ineligible / Not Applicable,,4.0,2.0,0,64.0,4.0
ITC,IT,6.0,Valid Party Vote,0.0,8.0,6.0,0,39.0,0.0
ITI,IT,6.0,Ineligible / Not Applicable,,3.0,4.0,0,39.0,0.0
ITI,IT,6.666666666666667,Valid Party Vote,0.0,6.0,6.0,1,65.0,0.0
ITG,IT,3.3333333333333335,Refuse to Say,,0.0,4.0,0,59.0,4.0
ITG,IT,1.6666666666666667,Ineligible / Not Applicable,,0.0,2.0,0,86.0,4.0
ITH,IT,5.0,Refuse to Say,,4.0,3.0,1,36.0,0.0
ITI,IT,7.666666666666667,Ineligible / Not Applicable,,2.0,1.0,1,89.0,0.0
ITG,IT,1.3333333333333333,Ineligible / Not Applicable,,0.0,5.0,0,42.0,4.0
ITC,IT,4.666666666666667,Valid Party Vote,1.0,4.0,2.0,1,84.0,0.0
ITC,IT,3.3333333333333335,Valid Party Vote,0.0,4.0,4.0,1,37.0,0.0
ITF,IT,4.333333333333333,Refuse to Say,,4.0,2.0,0,69.0,4.0
ITC,IT,4.333333333333333,Valid Party Vote,0.0,,6.0,1,24.0,0.0
ITH,IT,7.0,Valid Party Vote,1.0,3.0,1.0,0,88.0,0.0
ITG,IT,3.3333333333333335,Refuse to Say,,4.0,2.0,0,73.0,4.0
ITC,IT,2.3333333333333335,Ineligible / Not Applicable,,2.0,2.0,0,62.0,0.0
ITC,IT,2.0,Valid Party Vote,0.0,6.0,3.0,0,37.0,0.0
ITC,IT,2.3333333333333335,Ineligible / Not Applicable,,8.0,2.0,1,32.0,0.0
ITG,IT,6.0,Ineligible / Not Applicable,,2.0,1.0,0,88.0,4.0
ITF,IT,4.0,Valid Party Vote,0.0,1.0,2.0,0,77.0,4.0
ITC,IT,5.333333333333333,Valid Party Vote,0.0,3.0,1.0,1,81.0,0.0
ITI,IT,4.666666666666667,Ineligible / Not Applicable,,7.0,2.0,1,66.0,0.0
ITI,IT,4.0,Ineligible / Not Applicable,,7.0,2.0,1,18.0,0.0
ITH,IT,3.0,Refuse to Say,,6.0,1.0,1,86.0,0.0
ITF,IT,4.666666666666667,Valid Party Vote,1.0,4.0,4.0,1,60.0,4.0
ITF,IT,0.0,Refuse to Say,,0.0,1.0,1,86.0,4.0
ITC,IT,5.0,Ineligible / Not Applicable,,5.0,7.0,1,28.0,0.0
ITH,IT,2.6666666666666665,Refuse to Say,,7.0,4.0,0,51.0,0.0
ITI,IT,6.666666666666667,Ineligible / Not Applicable,,7.0,4.0,1,44.0,0.0
ITF,IT,4.333333333333333,Valid Party Vote,0.0,4.0,2.0,0,36.0,4.0
ITH,IT,2.0,Refuse to Say,,2.0,2.0,1,27.0,0.0
ITC,IT,6.0,Valid Party Vote,0.0,1.0,7.0,1,58.0,0.0
ITC,IT,6.666666666666667,Valid Party Vote,0.0,7.0,3.0,0,47.0,0.0
ITG,IT,4.0,Ineligible / Not Applicable,,5.0,4.0,1,32.0,4.0
ITF,IT,4.666666666666667,Ineligible / Not Applicable,,2.0,1.0,0,84.0,4.0
ITF,IT,4.333333333333333,Refuse to Say,,4.0,4.0,1,24.0,4.0
ITC,IT,5.333333333333333,Valid Party Vote,0.0,3.0,2.0,0,62.0,0.0
ITG,IT,4.0,Valid Party Vote,1.0,0.0,2.0,1,59.0,4.0
ITH,IT,2.3333333333333335,Ineligible / Not Applicable,,0.0,1.0,1,84.0,0.0
ITF,IT,6.333333333333333,Ineligible / Not Applicable,,6.0,1.0,0,59.0,4.0
ITI,IT,3.0,Ineligible / Not Applicable,,8.0,7.0,1,52.0,0.0
ITH,IT,6.333333333333333,Valid Party Vote,1.0,0.0,2.0,0,56.0,0.0
ITF,IT,4.333333333333333,Ineligible / Not Applicable,,4.0,7.0,1,57.0,4.0
ITH,IT,5.333333333333333,Ineligible / Not Applicable,,7.0,2.0,0,52.0,0.0
ITC,IT,4.0,Ineligible / Not Applicable,,1.0,4.0,1,64.0,0.0
ITI,IT,7.0,Valid Party Vote,0.0,8.0,4.0,0,74.0,0.0
ITC,IT,5.333333333333333,Refuse to Say,,5.0,4.0,1,71.0,0.0
ITG,IT,2.6666666666666665,Valid Party Vote,0.0,5.0,2.0,1,42.0,4.0
ITG,IT,0.0,Ineligible / Not Applicable,,0.0,2.0,1,90.0,4.0
ITF,IT,2.3333333333333335,Valid Party Vote,0.0,5.0,4.0,0,71.0,4.0
ITG,IT,2.0,Refuse to Say,,1.0,2.0,0,60.0,4.0
ITF,IT,3.0,Valid Party Vote,0.0,3.0,2.0,0,41.0,4.0
ITI,IT,3.6666666666666665,Valid Party Vote,1.0,4.0,7.0,1,55.0,0.0
ITC,IT,2.0,Ineligible / Not Applicable,,2.0,2.0,1,88.0,0.0
ITI,IT,4.666666666666667,Valid Party Vote,0.0,2.0,7.0,0,62.0,0.0
ITG,IT,3.0,Ineligible / Not Applicable,,3.0,5.0,0,58.0,4.0
ITF,IT,4.0,Ineligible / Not Applicable,,7.0,2.0,1,68.0,4.0
ITI,IT,8.333333333333334,Ineligible / Not Applicable,,8.0,4.0,0,21.0,0.0
ITC,IT,7.666666666666667,Ineligible / Not Applicable,,6.0,4.0,0,22.0,0.0
ITH,IT,3.6666666666666665,Ineligible / Not Applicable,,5.0,2.0,1,72.0,0.0
ITF,IT,0.3333333333333333,Valid Party Vote,0.0,5.0,4.0,0,40.0,4.0
ITF,IT,5.0,Ineligible / Not Applicable,,5.0,2.0,0,90.0,4.0
ITI,IT,5.0,Valid Party Vote,0.0,5.0,4.0,1,73.0,0.0
ITI,IT,6.333333333333333,Ineligible / Not Applicable,,7.0,2.0,0,33.0,0.0
ITI,IT,5.333333333333333,Ineligible / Not Applicable,,5.0,4.0,0,25.0,0.0
ITH,IT,6.0,Valid Party Vote,0.0,6.0,2.0,0,60.0,0.0
ITC,IT,5.0,Valid Party Vote,0.0,6.0,4.0,1,41.0,0.0
ITI,IT,7.666666666666667,Ineligible / Not Applicable,,6.0,7.0,0,42.0,0.0
ITC,IT,2.0,Valid Party Vote,0.0,5.0,4.0,1,48.0,0.0
ITF,IT,1.6666666666666667,Ineligible / Not Applicable,,4.0,4.0,1,28.0,4.0
ITC,IT,4.333333333333333,Refuse to Say,,2.0,2.0,0,67.0,0.0
ITF,IT,10.0,Valid Party Vote,1.0,0.0,2.0,0,54.0,4.0
ITI,IT,4.333333333333333,Valid Party Vote,0.0,6.0,7.0,0,52.0,0.0
ITI,IT,6.333333333333333,Valid Party Vote,0.0,8.0,4.0,0,30.0,0.0
ITH,IT,1.3333333333333333,Valid Party Vote,1.0,5.0,4.0,1,58.0,0.0
ITI,IT,5.333333333333333,Ineligible / Not Applicable,,7.0,4.0,0,25.0,0.0
ITF,IT,6.0,Valid Party Vote,0.0,2.0,2.0,0,54.0,4.0
ITH,IT,4.333333333333333,Valid Party Vote,1.0,1.0,6.0,1,44.0,0.0
ITH,IT,1.6666666666666667,Valid Party Vote,0.0,3.0,4.0,0,24.0,0.0
ITH,IT,6.333333333333333,Valid Party Vote,0.0,4.0,2.0,1,76.0,0.0
ITF,IT,3.0,Valid Party Vote,1.0,0.0,1.0,1,79.0,4.0
ITH,IT,2.0,Valid Party Vote,1.0,4.0,7.0,0,51.0,0.0
ITG,IT,4.666666666666667,Valid Party Vote,0.0,4.0,2.0,1,53.0,4.0
ITC,IT,6.0,Valid Party Vote,0.0,0.0,2.0,1,82.0,0.0
ITH,IT,3.0,Ineligible / Not Applicable,,5.0,1.0,1,90.0,0.0
ITI,IT,5.333333333333333,Valid Party Vote,0.0,6.0,1.0,0,77.0,0.0
ITI,IT,6.333333333333333,Valid Party Vote,0.0,8.0,4.0,0,25.0,0.0
ITC,IT,2.6666666666666665,Refuse to Say,,5.0,4.0,1,73.0,0.0
ITI,IT,2.3333333333333335,Ineligible / Not Applicable,,10.0,2.0,0,51.0,0.0
ITH,IT,5.333333333333333,Valid Party Vote,0.0,5.0,4.0,1,19.0,0.0
ITI,IT,3.3333333333333335,Ineligible / Not Applicable,,7.0,3.0,1,24.0,0.0
ITG,IT,5.0,Valid Party Vote,0.0,5.0,2.0,1,70.0,4.0
ITC,IT,6.333333333333333,Ineligible / Not Applicable,,2.0,4.0,1,55.0,0.0
ITH,IT,5.0,Valid Party Vote,1.0,3.0,4.0,0,26.0,0.0
ITF,IT,6.0,Don't Know,,5.0,7.0,0,76.0,4.0
ITH,IT,3.6666666666666665,Valid Party Vote,0.0,6.0,4.0,0,22.0,0.0
ITF,IT,5.333333333333333,Ineligible / Not Applicable,,6.0,1.0,1,68.0,4.0
ITI,IT,7.0,Ineligible / Not Applicable,,8.0,5.0,0,22.0,0.0
ITG,IT,3.3333333333333335,Ineligible / Not Applicable,,5.0,1.0,0,85.0,4.0
ITF,IT,3.0,Refuse to Say,,5.0,5.0,0,35.0,4.0
ITF,IT,1.3333333333333333,Refuse to Say,,6.0,7.0,1,29.0,4.0
ITF,IT,2.0,Valid Party Vote,0.0,5.0,4.0,0,33.0,4.0
ITF,IT,3.3333333333333335,Refuse to Say,,5.0,3.0,1,49.0,4.0
ITC,IT,0.0,Valid Party Vote,0.0,2.0,3.0,1,39.0,0.0
ITC,IT,0.0,Refuse to Say,,5.0,7.0,1,42.0,0.0
ITH,IT,5.666666666666667,Valid Party Vote,0.0,5.0,4.0,0,30.0,0.0
ITI,IT,7.0,Valid Party Vote,1.0,3.0,4.0,0,45.0,0.0
ITF,IT,6.0,Ineligible / Not Applicable,,,6.0,1,52.0,4.0
ITG,IT,6.333333333333333,Valid Party Vote,0.0,6.0,7.0,1,38.0,4.0
ITI,IT,3.0,Ineligible / Not Applicable,,4.0,4.0,1,32.0,0.0
ITI,IT,6.333333333333333,Valid Party Vote,0.0,6.0,4.0,1,37.0,0.0
ITG,IT,2.5,Refuse to Say,,3.0,4.0,1,64.0,4.0
ITI,IT,6.666666666666667,Valid Party Vote,0.0,4.0,2.0,0,81.0,0.0
ITC,IT,4.0,Valid Party Vote,0.0,8.0,7.0,0,49.0,0.0
ITC,IT,0.0,Ineligible / Not Applicable,,8.0,7.0,1,24.0,0.0
ITC,IT,7.666666666666667,Ineligible / Not Applicable,,7.0,5.0,1,70.0,0.0
ITI,IT,5.333333333333333,Valid Party Vote,1.0,3.0,6.0,1,26.0,0.0
ITI,IT,6.666666666666667,Ineligible / Not Applicable,,6.0,2.0,0,,0.0
ITC,IT,2.0,Refuse to Say,,6.0,2.0,0,80.0,0.0
ITC,IT,1.6666666666666667,Ineligible / Not Applicable,,2.0,2.0,1,56.0,0.0
ITC,IT,7.0,Refuse to Say,,4.0,3.0,0,26.0,0.0
ITI,IT,2.0,Valid Party Vote,0.0,4.0,6.0,1,25.0,0.0
ITG,IT,5.666666666666667,Refuse to Say,,,2.0,1,60.0,4.0
ITI,IT,3.0,Ineligible / Not Applicable,,2.0,4.0,0,42.0,0.0
ITC,IT,5.333333333333333,Valid Party Vote,0.0,8.0,2.0,0,61.0,0.0
ITI,IT,8.0,Valid Party Vote,0.0,1.0,2.0,0,71.0,0.0
ITI,IT,8.333333333333334,Valid Party Vote,1.0,5.0,2.0,0,64.0,0.0
ITH,IT,4.666666666666667,Valid Party Vote,0.0,7.0,2.0,0,33.0,0.0
ITF,IT,6.0,Valid Party Vote,0.0,8.0,5.0,0,42.0,4.0
ITF,IT,2.6666666666666665,Refuse to Say,,2.0,7.0,1,38.0,4.0
ITH,IT,2.0,Ineligible / Not Applicable,,0.0,2.0,0,34.0,0.0
ITI,IT,7.333333333333333,Valid Party Vote,0.0,8.0,4.0,1,25.0,0.0
ITG,IT,5.333333333333333,Valid Party Vote,0.0,7.0,4.0,0,81.0,4.0
ITC,IT,4.666666666666667,Valid Party Vote,0.0,5.0,4.0,1,60.0,0.0
ITH,IT,5.0,Valid Party Vote,0.0,8.0,7.0,1,73.0,0.0
ITC,IT,1.0,Refuse to Say,,5.0,7.0,0,33.0,0.0
ITH,IT,4.333333333333333,Ineligible / Not Applicable,,6.0,4.0,1,39.0,0.0
ITI,IT,4.0,Valid Party Vote,0.0,6.0,4.0,0,52.0,0.0
ITF,IT,6.333333333333333,Valid Party Vote,1.0,5.0,4.0,0,82.0,4.0
ITI,IT,5.666666666666667,Valid Party Vote,1.0,0.0,6.0,0,25.0,0.0
ITG,IT,3.6666666666666665,Valid Party Vote,0.0,8.0,4.0,1,28.0,4.0
ITF,IT,6.333333333333333,Refuse to Say,,3.0,4.0,1,58.0,4.0
ITG,IT,2.0,Valid Party Vote,0.0,4.0,7.0,0,39.0,4.0
ITH,IT,6.666666666666667,Valid Party Vote,1.0,3.0,4.0,0,42.0,0.0
ITC,IT,4.666666666666667,Valid Party Vote,1.0,7.0,4.0,1,26.0,0.0
ITH,IT,4.0,Ineligible / Not Applicable,,4.0,2.0,0,71.0,0.0
ITH,IT,0.0,Don't Know,,1.0,3.0,1,73.0,0.0
ITC,IT,5.666666666666667,Valid Party Vote,0.0,5.0,4.0,1,60.0,0.0
ITI,IT,5.666666666666667,Ineligible / Not Applicable,,6.0,1.0,0,77.0,0.0
ITF,IT,4.333333333333333,Ineligible / Not Applicable,,5.0,1.0,1,76.0,4.0
ITH,IT,1.6666666666666667,Refuse to Say,,5.0,2.0,1,59.0,0.0
ITH,IT,0.0,Ineligible / Not Applicable,,5.0,6.0,0,36.0,0.0
ITC,IT,5.0,Ineligible / Not Applicable,,7.0,6.0,0,34.0,0.0
ITH,IT,6.333333333333333,Refuse to Say,,4.0,2.0,1,70.0,0.0
ITC,IT,2.0,Ineligible / Not Applicable,,4.0,2.0,0,66.0,0.0
ITH,IT,5.5,Ineligible / Not Applicable,,6.0,3.0,1,40.0,0.0
ITH,IT,3.3333333333333335,Refuse to Say,,7.0,2.0,1,65.0,0.0
ITF,IT,5.333333333333333,Valid Party Vote,1.0,3.0,2.0,0,82.0,4.0
ITC,IT,7.0,Refuse to Say,,4.0,6.0,1,50.0,0.0
ITI,IT,5.666666666666667,Ineligible / Not Applicable,,7.0,4.0,0,49.0,0.0
ITF,IT,2.6666666666666665,Ineligible / Not Applicable,,5.0,2.0,0,55.0,4.0
ITH,IT,4.0,Ineligible / Not Applicable,,7.0,2.0,0,32.0,0.0
ITC,IT,5.666666666666667,Refuse to Say,,5.0,5.0,0,38.0,0.0
ITG,IT,3.6666666666666665,Valid Party Vote,1.0,4.0,2.0,1,28.0,4.0
ITF,IT,2.0,Valid Party Vote,0.0,5.0,4.0,1,45.0,4.0
ITC,IT,3.0,Refuse to Say,,5.0,2.0,1,19.0,0.0
ITC,IT,4.0,Valid Party Vote,1.0,3.0,2.0,0,71.0,0.0
ITF,IT,2.6666666666666665,Ineligible / Not Applicable,,4.0,3.0,0,45.0,4.0
ITC,IT,,Ineligible / Not Applicable,,8.0,2.0,0,54.0,0.0
ITI,IT,,Ineligible / Not Applicable,,6.0,3.0,1,49.0,0.0
ITH,IT,4.666666666666667,Refuse to Say,,5.0,1.0,1,82.0,0.0
ITC,IT,2.6666666666666665,Ineligible / Not Applicable,,5.0,5.0,1,32.0,0.0
ITG,IT,7.0,Ineligible / Not Applicable,,,3.0,1,35.0,4.0
ITG,IT,4.333333333333333,Valid Party Vote,0.0,8.0,2.0,1,70.0,4.0
ITH,IT,5.333333333333333,Valid Party Vote,0.0,2.0,2.0,1,58.0,0.0
ITF,IT,5.0,Valid Party Vote,0.0,6.0,4.0,0,50.0,4.0
ITI,IT,6.0,Ineligible / Not Applicable,,1.0,4.0,1,58.0,0.0
ITI,IT,5.666666666666667,Ineligible / Not Applicable,,8.0,2.0,1,,0.0
ITH,IT,5.666666666666667,Valid Party Vote,0.0,6.0,4.0,1,45.0,0.0
ITC,IT,3.6666666666666665,Refuse to Say,,0.0,2.0,1,62.0,0.0
ITF,IT,4.0,Ineligible / Not Applicable,,0.0,4.0,1,32.0,4.0
ITI,IT,8.333333333333334,Ineligible / Not Applicable,,5.0,1.0,1,84.0,0.0
ITC,IT,0.3333333333333333,Ineligible / Not Applicable,,3.0,3.0,1,50.0,0.0
ITF,IT,0.6666666666666666,Ineligible / Not Applicable,,2.0,4.0,1,73.0,4.0
ITC,IT,2.3333333333333335,Ineligible / Not Applicable,,,4.0,1,50.0,0.0
ITG,IT,5.333333333333333,Refuse to Say,,5.0,7.0,1,49.0,4.0
ITI,IT,5.333333333333333,Ineligible / Not Applicable,,5.0,4.0,1,32.0,0.0
ITF,IT,3.6666666666666665,Ineligible / Not Applicable,,10.0,4.0,1,55.0,4.0
ITG,IT,5.666666666666667,Valid Party Vote,0.0,8.0,4.0,1,53.0,4.0
ITF,IT,1.3333333333333333,Ineligible / Not Applicable,,5.0,1.0,1,64.0,4.0
ITF,IT,1.6666666666666667,Valid Party Vote,0.0,6.0,4.0,1,54.0,4.0
ITC,IT,0.0,Ineligible / Not Applicable,,0.0,6.0,1,47.0,0.0
ITG,IT,3.3333333333333335,Valid Party Vote,0.0,4.0,4.0,0,34.0,4.0
ITG,IT,5.333333333333333,Valid Party Vote,1.0,4.0,4.0,1,55.0,4.0
ITI,IT,5.666666666666667,Valid Party Vote,0.0,6.0,4.0,1,74.0,0.0
ITC,IT,7.333333333333333,Refuse to Say,,4.0,5.0,1,70.0,0.0
ITG,IT,6.333333333333333,Valid Party Vote,1.0,5.0,1.0,1,70.0,4.0
ITI,IT,3.6666666666666665,Valid Party Vote,1.0,4.0,2.0,0,58.0,0.0
ITH,IT,5.666666666666667,Valid Party Vote,0.0,8.0,3.0,0,39.0,0.0
ITF,IT,5.0,Ineligible / Not Applicable,,8.0,1.0,1,71.0,4.0
ITH,IT,3.0,Ineligible / Not Applicable,,5.0,4.0,1,53.0,0.0
ITH,IT,7.333333333333333,Valid Party Vote,0.0,6.0,1.0,1,79.0,0.0
ITI,IT,2.6666666666666665,Ineligible / Not Applicable,,4.0,4.0,0,47.0,0.0
ITF,IT,1.0,Refuse to Say,,6.0,4.0,0,24.0,4.0
ITH,IT,6.0,Valid Party Vote,0.0,4.0,4.0,0,47.0,0.0
ITI,IT,5.666666666666667,Valid Party Vote,1.0,7.0,7.0,1,48.0,0.0
ITG,IT,2.3333333333333335,Ineligible / Not Applicable,,5.0,2.0,0,50.0,4.0
ITG,IT,3.3333333333333335,Ineligible / Not Applicable,,4.0,2.0,0,70.0,4.0
ITC,IT,4.0,Ineligible / Not Applicable,,5.0,2.0,0,18.0,0.0
ITC,IT,2.6666666666666665,Ineligible / Not Applicable,,9.0,4.0,1,22.0,0.0
ITH,IT,7.333333333333333,Ineligible / Not Applicable,,8.0,2.0,0,18.0,0.0
ITH,IT,7.333333333333333,Ineligible / Not Applicable,,2.0,1.0,0,65.0,0.0
ITC,IT,5.666666666666667,Ineligible / Not Applicable,,5.0,4.0,1,55.0,0.0
ITC,IT,6.0,Ineligible / Not Applicable,,6.0,2.0,1,47.0,0.0
ITG,IT,3.0,Ineligible / Not Applicable,,1.0,1.0,0,77.0,4.0
ITH,IT,5.666666666666667,Ineligible / Not Applicable,,10.0,2.0,1,76.0,0.0
ITG,IT,0.0,Don't Know,,,1.0,0,77.0,4.0
ITC,IT,5.666666666666667,Ineligible / Not Applicable,,7.0,2.0,0,42.0,0.0
ITI,IT,2.0,Ineligible / Not Applicable,,4.0,2.0,0,65.0,0.0
ITG,IT,3.6666666666666665,Ineligible / Not Applicable,,4.0,7.0,0,46.0,4.0
ITH,IT,7.333333333333333,Ineligible / Not Applicable,,6.0,1.0,1,81.0,0.0
ITH,IT,5.0,Refuse to Say,,2.0,5.0,0,51.0,0.0
ITF,IT,5.0,Valid Party Vote,0.0,4.0,2.0,0,51.0,4.0
ITI,IT,4.333333333333333,Valid Party Vote,1.0,0.0,1.0,0,61.0,0.0
ITH,IT,0.6666666666666666,Valid Party Vote,1.0,2.0,1.0,0,83.0,0.0
ITC,IT,5.666666666666667,Refuse to Say,,7.0,2.0,0,26.0,0.0
ITG,IT,0.6666666666666666,Valid Party Vote,0.0,1.0,4.0,1,45.0,4.0
ITC,IT,6.0,Valid Party Vote,0.0,6.0,4.0,0,20.0,0.0
ITI,IT,2.6666666666666665,Ineligible / Not Applicable,,4.0,1.0,1,84.0,0.0
ITI,IT,2.3333333333333335,Valid Party Vote,1.0,2.0,1.0,0,88.0,0.0
ITH,IT,4.0,Ineligible / Not Applicable,,0.0,4.0,1,57.0,0.0
ITF,IT,6.333333333333333,Valid Party Vote,1.0,4.0,3.0,0,50.0,4.0
ITG,IT,1.0,Ineligible / Not Applicable,,4.0,4.0,0,51.0,4.0
ITF,IT,3.6666666666666665,Valid Party Vote,0.0,5.0,4.0,0,25.0,4.0
ITH,IT,6.0,Valid Party Vote,0.0,6.0,2.0,1,67.0,0.0
ITG,IT,3.0,Ineligible / Not Applicable,,5.0,2.0,1,77.0,4.0
ITC,IT,1.6666666666666667,Ineligible / Not Applicable,,0.0,2.0,0,88.0,0.0
ITH,IT,4.666666666666667,Valid Party Vote,0.0,5.0,4.0,0,50.0,0.0
ITH,IT,4.0,Valid Party Vote,0.0,6.0,7.0,0,27.0,0.0
ITG,IT,5.666666666666667,Valid Party Vote,0.0,6.0,2.0,0,59.0,4.0
ITC,IT,1.3333333333333333,Ineligible / Not Applicable,,6.0,3.0,0,70.0,0.0
ITI,IT,5.333333333333333,Ineligible / Not Applicable,,3.0,2.0,1,31.0,0.0
ITH,IT,4.5,Valid Party Vote,1.0,0.0,5.0,1,67.0,0.0
ITC,IT,6.0,Ineligible / Not Applicable,,5.0,3.0,0,33.0,0.0
ITG,IT,4.666666666666667,Valid Party Vote,1.0,4.0,4.0,1,37.0,4.0
ITF,IT,2.6666666666666665,Valid Party Vote,0.0,0.0,4.0,1,70.0,4.0
ITC,IT,7.666666666666667,Refuse to Say,,7.0,4.0,0,31.0,0.0
ITI,IT,5.666666666666667,Refuse to Say,,7.0,4.0,0,41.0,0.0
ITF,IT,4.333333333333333,Valid Party Vote,0.0,5.0,7.0,0,52.0,4.0
ITC,IT,4.333333333333333,Valid Party Vote,1.0,5.0,4.0,0,48.0,0.0
ITG,IT,4.666666666666667,Valid Party Vote,0.0,,2.0,1,55.0,4.0
ITC,IT,5.666666666666667,Refuse to Say,,2.0,4.0,1,83.0,0.0
ITG,IT,3.0,Valid Party Vote,0.0,8.0,4.0,0,50.0,4.0
ITI,IT,4.333333333333333,Ineligible / Not Applicable,,5.0,4.0,1,59.0,0.0
ITC,IT,6.0,Refuse to Say,,0.0,1.0,1,75.0,0.0
ITH,IT,1.0,Valid Party Vote,1.0,2.0,2.0,1,64.0,0.0
ITC,IT,5.666666666666667,Valid Party Vote,0.0,3.0,4.0,1,52.0,0.0
ITH,IT,0.0,Ineligible / Not Applicable,,0.0,3.0,1,39.0,0.0
ITG,IT,3.6666666666666665,Valid Party Vote,0.0,4.0,4.0,1,50.0,4.0
ITC,IT,4.333333333333333,Refuse to Say,,6.0,6.0,1,22.0,0.0
ITI,IT,5.666666666666667,Ineligible / Not Applicable,,7.0,2.0,1,47.0,0.0
ITI,IT,5.666666666666667,Ineligible / Not Applicable,,5.0,2.0,1,76.0,0.0
ITC,IT,1.3333333333333333,Ineligible / Not Applicable,,5.0,2.0,1,77.0,0.0
ITG,IT,4.0,Ineligible / Not Applicable,,5.0,4.0,1,63.0,4.0
ITC,IT,3.6666666666666665,Valid Party Vote,1.0,4.0,3.0,0,49.0,0.0
ITF,IT,3.3333333333333335,Valid Party Vote,1.0,3.0,2.0,1,56.0,4.0
ITG,IT,2.6666666666666665,Valid Party Vote,1.0,5.0,4.0,1,50.0,4.0
ITI,IT,1.0,Don't Know,,2.0,3.0,1,34.0,0.0
ITC,IT,6.666666666666667,Valid Party Vote,1.0,3.0,2.0,0,28.0,0.0
ITH,IT,6.333333333333333,Ineligible / Not Applicable,,6.0,2.0,1,76.0,0.0
ITH,IT,4.333333333333333,Ineligible / Not Applicable,,4.0,4.0,0,56.0,0.0
ITC,IT,1.0,Refuse to Say,,0.0,7.0,0,83.0,0.0
ITF,IT,4.666666666666667,Valid Party Vote,0.0,7.0,4.0,0,64.0,4.0
ITC,IT,2.5,Valid Party Vote,1.0,5.0,2.0,1,82.0,0.0
ITC,IT,4.333333333333333,Refuse to Say,,3.0,4.0,1,51.0,0.0
ITH,IT,2.3333333333333335,Ineligible / Not Applicable,,1.0,1.0,0,77.0,0.0
ITI,IT,6.0,Ineligible / Not Applicable,,6.0,2.0,1,26.0,0.0
ITC,IT,3.6666666666666665,Ineligible / Not Applicable,,2.0,4.0,1,23.0,0.0
ITH,IT,1.6666666666666667,Valid Party Vote,1.0,2.0,7.0,0,47.0,0.0
ITF,IT,0.6666666666666666,Ineligible / Not Applicable,,8.0,4.0,0,23.0,4.0
ITF,IT,2.0,Valid Party Vote,0.0,2.0,3.0,1,72.0,4.0
ITF,IT,4.0,Valid Party Vote,0.0,5.0,4.0,1,41.0,4.0
ITI,IT,4.333333333333333,Ineligible / Not Applicable,,4.0,2.0,1,42.0,0.0
ITF,IT,5.333333333333333,Valid Party Vote,0.0,8.0,4.0,1,60.0,4.0
ITC,IT,4.666666666666667,Ineligible / Not Applicable,,5.0,1.0,1,70.0,0.0
ITI,IT,8.0,Ineligible / Not Applicable,,8.0,4.0,0,20.0,0.0
ITG,IT,3.0,Ineligible / Not Applicable,,4.0,2.0,0,22.0,4.0
ITH,IT,5.0,Ineligible / Not Applicable,,,1.0,0,83.0,0.0
ITC,IT,4.666666666666667,Ineligible / Not Applicable,,6.0,2.0,0,17.0,0.0
ITH,IT,6.333333333333333,Valid Party Vote,0.0,8.0,4.0,0,67.0,0.0
ITH,IT,5.0,Valid Party Vote,0.0,5.0,4.0,1,26.0,0.0
ITC,IT,5.666666666666667,Valid Party Vote,0.0,8.0,6.0,0,68.0,0.0
ITI,IT,8.666666666666666,Valid Party Vote,0.0,4.0,2.0,0,65.0,0.0
ITI,IT,2.3333333333333335,Ineligible / Not Applicable,,3.0,4.0,1,53.0,0.0
ITH,IT,3.0,Ineligible / Not Applicable,,5.0,1.0,1,48.0,0.0
ITI,IT,6.0,Ineligible / Not Applicable,,8.0,2.0,0,44.0,0.0
ITF,IT,5.0,Valid Party Vote,0.0,4.0,4.0,0,47.0,4.0
ITI,IT,7.666666666666667,Ineligible / Not Applicable,,5.0,4.0,1,57.0,0.0
ITC,IT,6.333333333333333,Valid Party Vote,0.0,3.0,2.0,1,72.0,0.0
ITF,IT,4.666666666666667,Refuse to Say,,3.0,1.0,0,65.0,4.0
ITI,IT,3.3333333333333335,Ineligible / Not Applicable,,7.0,4.0,1,54.0,0.0
ITG,IT,0.0,Ineligible / Not Applicable,,0.0,1.0,1,81.0,4.0
ITC,IT,5.0,Ineligible / Not Applicable,,3.0,4.0,1,66.0,0.0
ITI,IT,3.6666666666666665,Don't Know,,6.0,4.0,1,51.0,0.0
ITI,IT,5.0,Valid Party Vote,1.0,4.0,7.0,1,49.0,0.0
ITF,IT,1.6666666666666667,Ineligible / Not Applicable,,5.0,2.0,1,38.0,4.0
ITF,IT,0.0,Ineligible / Not Applicable,,3.0,2.0,1,59.0,4.0
ITF,IT,5.0,Ineligible / Not Applicable,,5.0,2.0,0,18.0,4.0
ITC,IT,3.3333333333333335,Valid Party Vote,1.0,2.0,4.0,1,63.0,0.0
ITC,IT,3.6666666666666665,Ineligible / Not Applicable,,7.0,4.0,0,62.0,0.0
ITC,IT,,Ineligible / Not Applicable,,10.0,2.0,1,56.0,0.0
ITF,IT,2.3333333333333335,Valid Party Vote,0.0,,4.0,0,71.0,4.0
ITF,IT,4.0,Refuse to Say,,5.0,2.0,1,46.0,4.0
ITG,IT,5.333333333333333,Valid Party Vote,1.0,3.0,3.0,0,39.0,4.0
ITI,IT,3.3333333333333335,Ineligible / Not Applicable,,8.0,2.0,1,22.0,0.0
ITH,IT,2.6666666666666665,Refuse to Say,,4.0,2.0,0,77.0,0.0
ITI,IT,4.666666666666667,Ineligible / Not Applicable,,7.0,4.0,1,30.0,0.0
ITC,IT,4.333333333333333,Refuse to Say,,3.0,2.0,0,58.0,0.0
ITC,IT,1.6666666666666667,Valid Party Vote,0.0,4.0,4.0,1,52.0,0.0
ITI,IT,5.333333333333333,Refuse to Say,,5.0,4.0,1,59.0,0.0
ITI,IT,3.0,Ineligible / Not Applicable,,0.0,2.0,0,19.0,0.0
ITH,IT,2.6666666666666665,Don't Know,,7.0,4.0,0,53.0,0.0
ITC,IT,4.666666666666667,Don't Know,,5.0,6.0,1,44.0,0.0
ITF,IT,3.6666666666666665,Ineligible / Not Applicable,,6.0,2.0,0,72.0,4.0
ITC,IT,5.666666666666667,Valid Party Vote,0.0,8.0,4.0,0,38.0,0.0
ITI,IT,2.3333333333333335,Ineligible / Not Applicable,,4.0,4.0,0,47.0,0.0
ITF,IT,4.333333333333333,Valid Party Vote,0.0,5.0,7.0,1,30.0,4.0
ITF,IT,1.6666666666666667,Refuse to Say,,3.0,4.0,1,49.0,4.0
ITC,IT,1.6666666666666667,Refuse to Say,,2.0,2.0,1,51.0,0.0
ITF,IT,3.6666666666666665,Valid Party Vote,0.0,6.0,4.0,1,63.0,4.0
ITC,IT,6.0,Valid Party Vote,0.0,5.0,6.0,0,31.0,0.0
ITH,IT,2.5,Ineligible / Not Applicable,,8.0,2.0,0,35.0,0.0
ITI,IT,5.666666666666667,Refuse to Say,,6.0,1.0,1,81.0,0.0
ITH,IT,4.0,Refuse to Say,,4.0,4.0,1,53.0,0.0
ITG,IT,2.0,Ineligible / Not Applicable,,0.0,1.0,1,75.0,4.0
ITC,IT,0.3333333333333333,Ineligible / Not Applicable,,5.0,7.0,0,64.0,0.0
ITF,IT,2.0,Ineligible / Not Applicable,,6.0,3.0,0,41.0,4.0
ITI,IT,4.666666666666667,Ineligible / Not Applicable,,5.0,2.0,1,19.0,0.0
ITC,IT,4.333333333333333,Refuse to Say,,3.0,4.0,1,82.0,0.0
ITG,IT,6.333333333333333,Valid Party Vote,0.0,6.0,4.0,1,40.0,4.0
ITF,IT,5.0,Valid Party Vote,0.0,,2.0,1,21.0,4.0
ITC,IT,5.666666666666667,Ineligible / Not Applicable,,8.0,4.0,0,44.0,0.0
ITI,IT,5.666666666666667,Valid Party Vote,1.0,3.0,3.0,0,65.0,0.0
ITF,IT,3.6666666666666665,Refuse to Say,,,2.0,1,62.0,4.0
ITH,IT,4.0,Ineligible / Not Applicable,,8.0,2.0,1,16.0,0.0
ITF,IT,2.6666666666666665,Ineligible / Not Applicable,,0.0,2.0,0,18.0,4.0
ITC,IT,3.3333333333333335,Ineligible / Not Applicable,,6.0,2.0,1,76.0,0.0
ITI,IT,4.0,Ineligible / Not Applicable,,,7.0,0,85.0,0.0
ITC,IT,5.666666666666667,Ineligible / Not Applicable,,5.0,2.0,0,48.0,0.0
ITC,IT,2.6666666666666665,Refuse to Say,,5.0,2.0,1,77.0,0.0
ITH,IT,5.0,Valid Party Vote,0.0,5.0,4.0,1,63.0,0.0
ITH,IT,5.0,Refuse to Say,,3.0,2.0,1,63.0,0.0
ITI,IT,8.0,Ineligible / Not Applicable,,4.0,1.0,1,88.0,0.0
ITI,IT,5.666666666666667,Valid Party Vote,0.0,5.0,6.0,1,27.0,0.0
ITH,IT,5.0,Valid Party Vote,0.0,4.0,2.0,0,84.0,0.0
ITF,IT,1.6666666666666667,Valid Party Vote,1.0,4.0,7.0,0,41.0,4.0
ITC,IT,4.0,Valid Party Vote,0.0,7.0,4.0,0,21.0,0.0
ITF,IT,7.333333333333333,Valid Party Vote,0.0,5.0,4.0,1,28.0,4.0
ITI,IT,4.666666666666667,Valid Party Vote,1.0,4.0,4.0,1,61.0,0.0
ITC,IT,6.333333333333333,Valid Party Vote,0.0,6.0,5.0,0,69.0,0.0
ITH,IT,4.666666666666667,Valid Party Vote,0.0,6.0,4.0,0,46.0,0.0
ITI,IT,2.6666666666666665,Ineligible / Not Applicable,,4.0,2.0,1,45.0,0.0
ITI,IT,4.666666666666667,Valid Party Vote,0.0,7.0,2.0,0,75.0,0.0
ITC,IT,5.333333333333333,Valid Party Vote,1.0,0.0,1.0,0,85.0,0.0
ITF,IT,4.666666666666667,Ineligible / Not Applicable,,6.0,4.0,1,43.0,4.0
ITC,IT,2.0,Ineligible / Not Applicable,,0.0,2.0,0,87.0,0.0
ITC,IT,4.666666666666667,Valid Party Vote,0.0,6.0,2.0,1,89.0,0.0
ITI,IT,3.0,Valid Party Vote,1.0,5.0,,0,65.0,0.0
ITC,IT,7.333333333333333,Ineligible / Not Applicable,,7.0,4.0,0,75.0,0.0
ITC,IT,5.666666666666667,Refuse to Say,,3.0,4.0,0,33.0,0.0
ITH,IT,5.333333333333333,Valid Party Vote,0.0,8.0,7.0,0,68.0,0.0
ITC,IT,4.333333333333333,Refuse to Say,,5.0,3.0,0,41.0,0.0
ITG,IT,4.666666666666667,Valid Party Vote,0.0,5.0,7.0,1,33.0,4.0
ITI,IT,7.333333333333333,Ineligible / Not Applicable,,7.0,2.0,0,79.0,0.0
ITI,IT,4.0,Refuse to Say,,3.0,7.0,0,36.0,0.0
ITH,IT,4.333333333333333,Valid Party Vote,0.0,5.0,2.0,1,,0.0
ITG,IT,4.333333333333333,Valid Party Vote,0.0,6.0,4.0,0,34.0,4.0
ITH,IT,5.666666666666667,Ineligible / Not Applicable,,5.0,2.0,0,18.0,0.0
ITF,IT,4.666666666666667,Valid Party Vote,0.0,5.0,2.0,0,56.0,4.0
ITC,IT,5.333333333333333,Valid Party Vote,1.0,4.0,6.0,0,45.0,0.0
ITC,IT,5.0,Refuse to Say,,5.0,2.0,0,42.0,0.0
ITF,IT,6.0,Ineligible / Not Applicable,,5.0,2.0,1,18.0,4.0
ITG,IT,4.5,Valid Party Vote,0.0,2.0,1.0,1,89.0,4.0
ITH,IT,7.5,Ineligible / Not Applicable,,5.0,2.0,1,18.0,0.0
ITC,IT,4.0,Valid Party Vote,1.0,1.0,6.0,1,40.0,0.0
ITF,IT,3.6666666666666665,Ineligible / Not Applicable,,2.0,6.0,0,27.0,4.0
ITH,IT,7.0,Valid Party Vote,1.0,3.0,7.0,0,34.0,0.0
ITH,IT,4.666666666666667,Valid Party Vote,0.0,5.0,5.0,0,48.0,0.0
ITF,IT,4.0,Valid Party Vote,1.0,0.0,1.0,0,85.0,4.0
ITH,IT,7.333333333333333,Valid Party Vote,0.0,7.0,2.0,1,74.0,0.0
ITI,IT,2.3333333333333335,Ineligible / Not Applicable,,4.0,2.0,0,51.0,0.0
ITC,IT,2.6666666666666665,Ineligible / Not Applicable,,4.0,2.0,1,72.0,0.0
ITF,IT,6.666666666666667,Valid Party Vote,1.0,3.0,4.0,1,41.0,4.0
ITF,IT,4.666666666666667,Valid Party Vote,0.0,7.0,4.0,0,25.0,4.0
ITI,IT,0.3333333333333333,Ineligible / Not Applicable,,4.0,1.0,1,86.0,0.0
ITH,IT,6.333333333333333,Valid Party Vote,0.0,3.0,3.0,1,59.0,0.0
ITC,IT,4.333333333333333,Valid Party Vote,1.0,5.0,2.0,0,69.0,0.0
ITF,IT,6.0,Ineligible / Not Applicable,,7.0,2.0,1,19.0,4.0
ITG,IT,5.333333333333333,Valid Party Vote,0.0,7.0,4.0,0,19.0,4.0
ITH,IT,3.0,Valid Party Vote,0.0,4.0,3.0,1,30.0,0.0
ITG,IT,0.0,Valid Party Vote,0.0,3.0,4.0,1,25.0,4.0
ITC,IT,4.333333333333333,Ineligible / Not Applicable,,5.0,3.0,1,53.0,0.0
ITC,IT,5.0,Ineligible / Not Applicable,,0.0,1.0,1,86.0,0.0
ITC,IT,2.6666666666666665,Ineligible / Not Applicable,,5.0,3.0,1,53.0,0.0
ITG,IT,3.3333333333333335,Valid Party Vote,0.0,2.0,4.0,0,62.0,4.0
ITG,IT,1.3333333333333333,Refuse to Say,,,,0,26.0,4.0
ITC,IT,,Ineligible / Not Applicable,,8.0,7.0,1,54.0,0.0
ITF,IT,0.0,Refuse to Say,,5.0,2.0,0,55.0,4.0
ITC,IT,6.333333333333333,Valid Party Vote,0.0,4.0,2.0,1,82.0,0.0
ITC,IT,2.0,Ineligible / Not Applicable,,,1.0,1,90.0,0.0
ITI,IT,4.333333333333333,Don't Know,,5.0,5.0,1,62.0,0.0
ITH,IT,4.333333333333333,Ineligible / Not Applicable,,5.0,2.0,1,68.0,0.0
ITC,IT,5.333333333333333,Valid Party Vote,1.0,3.0,2.0,0,62.0,0.0
ITI,IT,5.333333333333333,Ineligible / Not Applicable,,5.0,2.0,1,80.0,0.0
ITC,IT,5.333333333333333,Ineligible / Not Applicable,,5.0,3.0,1,62.0,0.0
ITC,IT,7.333333333333333,Valid Party Vote,0.0,8.0,4.0,0,53.0,0.0
ITC,IT,3.6666666666666665,Refuse to Say,,3.0,1.0,1,90.0,0.0
ITH,IT,6.0,Ineligible / Not Applicable,,8.0,2.0,1,59.0,0.0
ITC,IT,4.333333333333333,Ineligible / Not Applicable,,9.0,4.0,0,39.0,0.0
ITI,IT,1.6666666666666667,Valid Party Vote,0.0,5.0,4.0,1,51.0,0.0
ITG,IT,4.333333333333333,Valid Party Vote,0.0,10.0,4.0,1,19.0,4.0
ITH,IT,5.666666666666667,Valid Party Vote,1.0,5.0,7.0,0,39.0,0.0
ITC,IT,5.333333333333333,Valid Party Vote,1.0,5.0,6.0,1,28.0,0.0
ITI,IT,3.6666666666666665,Ineligible / Not Applicable,,6.0,4.0,1,45.0,0.0
ITG,IT,5.0,Refuse to Say,,5.0,1.0,0,82.0,4.0
ITC,IT,1.3333333333333333,Refuse to Say,,5.0,5.0,1,41.0,0.0
ITF,IT,4.0,Ineligible / Not Applicable,,8.0,4.0,1,30.0,4.0
ITC,IT,2.0,Ineligible / Not Applicable,,5.0,2.0,1,86.0,0.0
ITF,IT,,Refuse to Say,,10.0,1.0,1,75.0,4.0
ITI,IT,3.0,Valid Party Vote,1.0,4.0,2.0,1,52.0,0.0
ITG,IT,2.0,Refuse to Say,,3.0,4.0,0,47.0,4.0
ITF,IT,2.3333333333333335,Ineligible / Not Applicable,,4.0,4.0,0,19.0,4.0
ITF,IT,5.0,Refuse to Say,,2.0,4.0,0,39.0,4.0
ITF,IT,6.0,Valid Party Vote,1.0,2.0,7.0,1,60.0,4.0
ITC,IT,7.333333333333333,Valid Party Vote,1.0,3.0,1.0,1,76.0,0.0
ITI,IT,3.6666666666666665,Valid Party Vote,0.0,8.0,4.0,0,39.0,0.0
ITF,IT,2.6666666666666665,Ineligible / Not Applicable,,3.0,2.0,0,41.0,4.0
ITF,IT,7.666666666666667,Refuse to Say,,5.0,1.0,1,67.0,4.0
ITI,IT,4.0,Ineligible / Not Applicable,,3.0,4.0,1,81.0,0.0
ITG,IT,4.666666666666667,Refuse to Say,,5.0,,0,61.0,4.0
ITF,IT,1.0,Ineligible / Not Applicable,,2.0,2.0,1,35.0,4.0
ITC,IT,6.666666666666667,Valid Party Vote,1.0,6.0,4.0,0,58.0,0.0
ITH,IT,3.0,Ineligible / Not Applicable,,5.0,2.0,0,18.0,0.0
ITF,IT,1.3333333333333333,Valid Party Vote,0.0,5.0,4.0,1,40.0,4.0
ITF,IT,2.6666666666666665,Ineligible / Not Applicable,,,2.0,1,15.0,4.0
ITC,IT,0.3333333333333333,Refuse to Say,,0.0,4.0,0,50.0,0.0
ITI,IT,2.6666666666666665,Ineligible / Not Applicable,,2.0,2.0,1,74.0,0.0
ITC,IT,4.666666666666667,Valid Party Vote,1.0,6.0,4.0,0,68.0,0.0
ITI,IT,6.0,Ineligible / Not Applicable,,4.0,4.0,0,59.0,0.0
ITC,IT,3.6666666666666665,Refuse to Say,,5.0,2.0,1,35.0,0.0
ITG,IT,3.0,Valid Party Vote,0.0,3.0,4.0,1,45.0,4.0
ITC,IT,7.0,Ineligible / Not Applicable,,10.0,2.0,0,15.0,0.0
ITC,IT,4.666666666666667,Valid Party Vote,0.0,10.0,,1,50.0,0.0
ITG,IT,3.3333333333333335,Ineligible / Not Applicable,,2.0,4.0,1,64.0,4.0
ITI,IT,3.0,Ineligible / Not Applicable,,2.0,2.0,1,58.0,0.0
ITF,IT,4.666666666666667,Valid Party Vote,1.0,4.0,2.0,1,42.0,4.0
ITC,IT,5.333333333333333,Ineligible / Not Applicable,,6.0,6.0,1,39.0,0.0
ITC,IT,4.666666666666667,Ineligible / Not Applicable,,4.0,4.0,0,73.0,0.0
ITG,IT,6.0,Valid Party Vote,0.0,3.0,4.0,1,49.0,4.0
ITC,IT,6.0,Valid Party Vote,0.0,7.0,7.0,0,26.0,0.0
ITH,IT,2.3333333333333335,Refuse to Say,,5.0,2.0,0,72.0,0.0
ITH,IT,6.0,Valid Party Vote,0.0,5.0,2.0,0,77.0,0.0
ITG,IT,5.0,Valid Party Vote,0.0,7.0,2.0,0,70.0,4.0
ITC,IT,6.0,Valid Party Vote,1.0,2.0,1.0,1,82.0,0.0
ITH,IT,6.666666666666667,Valid Party Vote,0.0,4.0,1.0,1,80.0,0.0
ITC,IT,6.666666666666667,Valid Party Vote,1.0,3.0,2.0,0,52.0,0.0
ITI,IT,8.666666666666666,Valid Party Vote,1.0,0.0,2.0,0,77.0,0.0
ITI,IT,2.0,Ineligible / Not Applicable,,5.0,2.0,0,51.0,0.0
ITC,IT,6.0,Valid Party Vote,1.0,1.0,6.0,0,28.0,0.0
ITF,IT,5.333333333333333,Ineligible / Not Applicable,,6.0,7.0,1,53.0,4.0
ITH,IT,5.333333333333333,Valid Party Vote,0.0,7.0,7.0,1,38.0,0.0
ITI,IT,7.333333333333333,Valid Party Vote,1.0,1.0,4.0,1,22.0,0.0
ITH,IT,6.333333333333333,Refuse to Say,,,4.0,0,61.0,0.0
ITC,IT,2.3333333333333335,Ineligible / Not Applicable,,2.0,4.0,1,25.0,0.0
ITC,IT,4.0,Valid Party Vote,0.0,8.0,6.0,0,47.0,0.0
ITC,IT,5.666666666666667,Ineligible / Not Applicable,,5.0,2.0,0,45.0,0.0
ITC,IT,5.666666666666667,Valid Party Vote,0.0,0.0,7.0,0,25.0,0.0
ITI,IT,5.666666666666667,Valid Party Vote,0.0,3.0,4.0,1,60.0,0.0
ITC,IT,3.6666666666666665,Valid Party Vote,1.0,0.0,4.0,1,42.0,0.0
ITC,IT,1.6666666666666667,Ineligible / Not Applicable,,4.0,4.0,1,50.0,0.0
ITC,IT,0.0,Valid Party Vote,0.0,6.0,2.0,1,65.0,0.0
ITF,IT,4.666666666666667,Ineligible / Not Applicable,,6.0,1.0,1,71.0,4.0
ITH,IT,4.666666666666667,Ineligible / Not Applicable,,8.0,4.0,1,47.0,0.0
ITG,IT,6.333333333333333,Valid Party Vote,0.0,0.0,4.0,0,46.0,4.0
ITG,IT,4.0,Refuse to Say,,7.0,2.0,1,51.0,4.0
ITH,IT,6.0,Valid Party Vote,0.0,4.0,4.0,0,53.0,0.0
ITH,IT,3.3333333333333335,Ineligible / Not Applicable,,7.0,7.0,1,56.0,0.0
ITC,IT,1.3333333333333333,Ineligible / Not Applicable,,5.0,7.0,1,58.0,0.0
ITF,IT,7.666666666666667,Valid Party Vote,1.0,3.0,4.0,1,81.0,4.0
ITI,IT,1.6666666666666667,Ineligible / Not Applicable,,7.0,7.0,1,66.0,0.0
ITI,IT,1.3333333333333333,Valid Party Vote,0.0,3.0,4.0,1,24.0,0.0
ITC,IT,3.3333333333333335,Valid Party Vote,0.0,,3.0,0,55.0,0.0
ITH,IT,4.0,Valid Party Vote,1.0,6.0,4.0,0,46.0,0.0
ITF,IT,2.6666666666666665,Valid Party Vote,0.0,5.0,2.0,1,60.0,4.0
ITF,IT,4.666666666666667,Ineligible / Not Applicable,,5.0,4.0,1,50.0,4.0
ITI,IT,6.333333333333333,Ineligible / Not Applicable,,2.0,2.0,1,67.0,0.0
ITC,IT,5.666666666666667,Valid Party Vote,1.0,0.0,6.0,0,25.0,0.0
ITC,IT,3.0,Valid Party Vote,0.0,0.0,2.0,0,62.0,0.0
ITG,IT,6.333333333333333,Ineligible / Not Applicable,,5.0,6.0,0,39.0,4.0
ITI,IT,5.666666666666667,Valid Party Vote,0.0,6.0,4.0,1,52.0,0.0
ITC,IT,6.0,Ineligible / Not Applicable,,6.0,4.0,1,45.0,0.0
ITF,IT,7.333333333333333,Valid Party Vote,0.0,8.0,7.0,1,76.0,4.0
ITF,IT,0.6666666666666666,Refuse to Say,,4.0,1.0,0,71.0,4.0
ITI,IT,2.0,Don't Know,,4.0,4.0,1,33.0,0.0
ITC,IT,3.6666666666666665,Refuse to Say,,2.0,4.0,0,39.0,0.0
ITC,IT,8.0,Ineligible / Not Applicable,,7.0,4.0,1,90.0,0.0
ITC,IT,8.0,Ineligible / Not Applicable,,3.0,4.0,1,65.0,0.0
ITI,IT,2.6666666666666665,Ineligible / Not Applicable,,1.0,2.0,0,36.0,0.0
ITF,IT,5.333333333333333,Valid Party Vote,1.0,0.0,2.0,0,63.0,4.0
ITC,IT,5.666666666666667,Ineligible / Not Applicable,,7.0,4.0,1,49.0,0.0
ITF,IT,5.333333333333333,Valid Party Vote,0.0,5.0,7.0,1,32.0,4.0
ITG,IT,1.6666666666666667,Ineligible / Not Applicable,,3.0,,1,85.0,4.0
ITC,IT,2.3333333333333335,Ineligible / Not Applicable,,4.0,4.0,1,51.0,0.0
ITH,IT,6.5,Refuse to Say,,5.0,2.0,1,31.0,0.0
ITF,IT,4.333333333333333,Valid Party Vote,0.0,5.0,4.0,0,23.0,4.0
ITC,IT,6.333333333333333,Refuse to Say,,0.0,7.0,0,34.0,0.0
ITF,IT,6.0,Don't Know,,2.0,7.0,0,74.0,4.0
ITF,IT,2.0,Ineligible / Not Applicable,,8.0,6.0,1,47.0,4.0
ITF,IT,4.666666666666667,Valid Party Vote,0.0,4.0,6.0,1,33.0,4.0
ITG,IT,1.3333333333333333,Refuse to Say,,,2.0,1,,4.0
ITF,IT,4.666666666666667,Valid Party Vote,1.0,3.0,4.0,0,29.0,4.0
ITF,IT,1.0,Valid Party Vote,0.0,5.0,1.0,0,56.0,4.0
ITF,IT,7.0,Valid Party Vote,0.0,8.0,4.0,1,72.0,4.0
ITH,IT,4.666666666666667,Ineligible / Not Applicable,,8.0,7.0,0,33.0,0.0
ITF,IT,2.0,Ineligible / Not Applicable,,3.0,4.0,1,33.0,4.0
ITI,IT,4.333333333333333,Ineligible / Not Applicable,,8.0,4.0,1,59.0,0.0
ITI,IT,6.333333333333333,Valid Party Vote,0.0,5.0,2.0,0,56.0,0.0
ITG,IT,5.333333333333333,Refuse to Say,,6.0,6.0,0,38.0,4.0
ITF,IT,4.666666666666667,Ineligible / Not Applicable,,3.0,1.0,0,65.0,4.0
ITH,IT,3.6666666666666665,Ineligible / Not Applicable,,0.0,4.0,1,50.0,0.0
ITF,IT,5.0,Valid Party Vote,1.0,6.0,2.0,1,49.0,4.0
ITF,IT,3.6666666666666665,Refuse to Say,,6.0,7.0,0,34.0,4.0
ITI,IT,4.333333333333333,Ineligible / Not Applicable,,8.0,3.0,1,,0.0
ITG,IT,6.0,Refuse to Say,,5.0,4.0,0,60.0,4.0
ITH,IT,4.666666666666667,Ineligible / Not Applicable,,6.0,7.0,0,73.0,0.0
ITI,IT,5.333333333333333,Ineligible / Not Applicable,,4.0,2.0,1,75.0,0.0
ITG,IT,4.333333333333333,Valid Party Vote,0.0,5.0,2.0,0,22.0,4.0
ITI,IT,3.0,Ineligible / Not Applicable,,4.0,4.0,0,19.0,0.0
ITC,IT,3.6666666666666665,Ineligible / Not Applicable,,6.0,3.0,1,36.0,0.0
ITI,IT,5.0,Valid Party Vote,1.0,3.0,2.0,0,53.0,0.0
ITF,IT,0.6666666666666666,Ineligible / Not Applicable,,0.0,2.0,1,76.0,4.0
ITF,IT,3.6666666666666665,Refuse to Say,,5.0,4.0,0,36.0,4.0
ITG,IT,3.0,Valid Party Vote,1.0,5.0,2.0,1,69.0,4.0
ITH,IT,3.0,Valid Party Vote,0.0,0.0,2.0,1,59.0,0.0
ITF,IT,3.6666666666666665,Refuse to Say,,3.0,5.0,0,52.0,4.0
ITC,IT,1.6666666666666667,Refuse to Say,,0.0,4.0,1,46.0,0.0
ITC,IT,0.3333333333333333,Ineligible / Not Applicable,,0.0,2.0,0,19.0,0.0
ITI,IT,7.666666666666667,Valid Party Vote,0.0,4.0,4.0,0,61.0,0.0
ITI,IT,2.3333333333333335,Valid Party Vote,0.0,7.0,4.0,1,31.0,0.0
ITG,IT,3.0,Ineligible / Not Applicable,,1.0,2.0,1,61.0,4.0
ITC,IT,6.333333333333333,Ineligible / Not Applicable,,6.0,2.0,1,53.0,0.0
ITC,IT,5.333333333333333,Valid Party Vote,0.0,6.0,6.0,1,30.0,0.0
ITH,IT,3.0,Ineligible / Not Applicable,,3.0,4.0,1,50.0,0.0
ITG,IT,7.0,Valid Party Vote,1.0,5.0,7.0,0,61.0,4.0
ITH,IT,10.0,Ineligible / Not Applicable,,10.0,2.0,1,46.0,0.0
ITG,IT,2.6666666666666665,Valid Party Vote,1.0,6.0,4.0,1,65.0,4.0
ITH,IT,3.3333333333333335,Refuse to Say,,1.0,6.0,1,35.0,0.0
ITH,IT,3.6666666666666665,Refuse to Say,,7.0,4.0,1,46.0,0.0
ITH,IT,5.0,Valid Party Vote,1.0,5.0,4.0,0,50.0,0.0
ITC,IT,6.0,Ineligible / Not Applicable,,7.0,2.0,1,18.0,0.0
ITF,IT,6.333333333333333,Valid Party Vote,0.0,5.0,2.0,0,90.0,4.0
ITF,IT,3.6666666666666665,Valid Party Vote,0.0,1.0,4.0,1,25.0,4.0
ITG,IT,2.0,Ineligible / Not Applicable,,3.0,2.0,1,49.0,4.0
ITI,IT,5.0,Ineligible / Not Applicable,,5.0,2.0,1,,0.0
ITC,IT,6.333333333333333,Valid Party Vote,1.0,2.0,3.0,0,61.0,0.0
ITI,IT,2.6666666666666665,Ineligible / Not Applicable,,5.0,2.0,0,76.0,0.0
ITF,IT,5.666666666666667,Refuse to Say,,1.0,2.0,0,79.0,4.0
ITG,IT,7.0,Valid Party Vote,1.0,2.0,6.0,1,47.0,4.0
ITC,IT,1.6666666666666667,Ineligible / Not Applicable,,0.0,2.0,0,41.0,0.0
ITI,IT,4.0,Ineligible / Not Applicable,,5.0,2.0,0,,0.0
ITI,IT,6.333333333333333,Valid Party Vote,1.0,4.0,7.0,1,58.0,0.0
ITH,IT,4.666666666666667,Refuse to Say,,5.0,2.0,0,46.0,0.0
ITC,IT,5.333333333333333,Valid Party Vote,0.0,5.0,4.0,1,22.0,0.0
ITF,IT,5.666666666666667,Don't Know,,5.0,7.0,0,61.0,4.0
ITG,IT,1.6666666666666667,Valid Party Vote,0.0,4.0,2.0,0,58.0,4.0
ITH,IT,5.333333333333333,Ineligible / Not Applicable,,5.0,4.0,1,50.0,0.0
ITC,IT,5.333333333333333,Valid Party Vote,0.0,7.0,2.0,1,60.0,0.0
ITF,IT,0.0,Don't Know,,0.0,2.0,0,37.0,4.0
ITI,IT,0.0,Ineligible / Not Applicable,,3.0,2.0,0,43.0,0.0
ITC,IT,2.3333333333333335,Ineligible / Not Applicable,,0.0,2.0,1,83.0,0.0
ITH,IT,6.0,Don't Know,,6.0,7.0,1,33.0,0.0
ITH,IT,5.333333333333333,Valid Party Vote,1.0,5.0,4.0,0,63.0,0.0
ITF,IT,6.666666666666667,Valid Party Vote,1.0,6.0,4.0,1,57.0,4.0
ITF,IT,5.0,Ineligible / Not Applicable,,2.0,5.0,0,37.0,4.0
ITF,IT,4.666666666666667,Valid Party Vote,0.0,4.0,2.0,1,63.0,4.0
ITF,IT,5.666666666666667,Refuse to Say,,5.0,7.0,1,73.0,4.0
ITF,IT,5.0,Valid Party Vote,0.0,4.0,2.0,0,61.0,4.0
ITH,IT,0.0,Ineligible / Not Applicable,,3.0,4.0,1,46.0,0.0
ITH,IT,5.0,Valid Party Vote,0.0,5.0,4.0,0,60.0,0.0
ITH,IT,6.0,Valid Party Vote,0.0,8.0,4.0,1,31.0,0.0
ITG,IT,5.0,Valid Party Vote,1.0,0.0,2.0,0,77.0,4.0
ITC,IT,4.333333333333333,Refuse to Say,,6.0,4.0,1,49.0,0.0
ITI,IT,1.3333333333333333,Ineligible / Not Applicable,,2.0,2.0,0,17.0,0.0
ITG,IT,3.0,Ineligible / Not Applicable,,5.0,2.0,0,67.0,4.0
ITG,IT,0.0,Valid Party Vote,0.0,0.0,3.0,0,72.0,4.0
ITF,IT,3.6666666666666665,Don't Know,,0.0,2.0,1,51.0,4.0
ITC,IT,6.333333333333333,Valid Party Vote,0.0,2.0,4.0,1,45.0,0.0
ITI,IT,6.0,Ineligible / Not Applicable,,5.0,3.0,1,37.0,0.0
ITI,IT,7.333333333333333,Valid Party Vote,0.0,9.0,5.0,0,61.0,0.0
ITG,IT,2.3333333333333335,Ineligible / Not Applicable,,0.0,6.0,0,35.0,4.0
ITF,IT,6.333333333333333,Valid Party Vote,1.0,3.0,7.0,1,57.0,4.0
ITF,IT,2.0,Ineligible / Not Applicable,,3.0,2.0,1,47.0,4.0
ITH,IT,0.3333333333333333,Ineligible / Not Applicable,,1.0,3.0,1,44.0,0.0
ITF,IT,4.0,Valid Party Vote,0.0,6.0,5.0,1,39.0,4.0
ITI,IT,4.333333333333333,Ineligible / Not Applicable,,6.0,3.0,0,,0.0
ITH,IT,1.0,Refuse to Say,,0.0,4.0,0,49.0,0.0
ITC,IT,3.0,Valid Party Vote,0.0,2.0,7.0,0,35.0,0.0
ITI,IT,6.333333333333333,Ineligible / Not Applicable,,6.0,2.0,1,66.0,0.0
ITC,IT,5.0,Valid Party Vote,1.0,0.0,6.0,0,43.0,0.0
ITI,IT,8.0,Ineligible / Not Applicable,,5.0,2.0,1,51.0,0.0
ITH,IT,5.666666666666667,Ineligible / Not Applicable,,8.0,2.0,1,39.0,0.0
ITF,IT,5.0,Ineligible / Not Applicable,,5.0,1.0,1,78.0,4.0
ITH,IT,7.0,Valid Party Vote,0.0,3.0,7.0,1,85.0,0.0
ITC,IT,1.6666666666666667,Ineligible / Not Applicable,,3.0,2.0,1,47.0,0.0
ITF,IT,3.6666666666666665,Refuse to Say,,5.0,2.0,1,54.0,4.0
ITI,IT,5.0,Ineligible / Not Applicable,,5.0,4.0,0,26.0,0.0
ITH,IT,1.6666666666666667,Ineligible / Not Applicable,,4.0,2.0,1,17.0,0.0
ITI,IT,5.0,Valid Party Vote,0.0,4.0,4.0,1,74.0,0.0
ITC,IT,3.3333333333333335,Ineligible / Not Applicable,,5.0,2.0,0,38.0,0.0
ITC,IT,5.333333333333333,Valid Party Vote,0.0,7.0,2.0,1,88.0,0.0
ITH,IT,2.6666666666666665,Valid Party Vote,0.0,3.0,2.0,1,60.0,0.0
ITC,IT,3.3333333333333335,Ineligible / Not Applicable,,3.0,2.0,0,41.0,0.0
ITC,IT,5.666666666666667,Valid Party Vote,0.0,6.0,4.0,0,77.0,0.0
ITG,IT,1.0,Refuse to Say,,5.0,2.0,1,50.0,4.0
ITG,IT,2.6666666666666665,Refuse to Say,,8.0,4.0,1,27.0,4.0
ITH,IT,1.0,Refuse to Say,,2.0,2.0,0,75.0,0.0
ITI,IT,7.666666666666667,Ineligible / Not Applicable,,7.0,2.0,1,17.0,0.0
ITC,IT,6.333333333333333,Valid Party Vote,1.0,1.0,2.0,1,66.0,0.0
ITH,IT,6.333333333333333,Valid Party Vote,0.0,7.0,6.0,1,42.0,0.0
ITC,IT,6.0,Ineligible / Not Applicable,,7.0,7.0,0,72.0,0.0
ITC,IT,7.666666666666667,Refuse to Say,,5.0,4.0,1,56.0,0.0
ITC,IT,6.333333333333333,Valid Party Vote,0.0,0.0,5.0,0,66.0,0.0
ITI,IT,6.666666666666667,Ineligible / Not Applicable,,3.0,2.0,1,19.0,0.0
ITH,IT,4.0,Ineligible / Not Applicable,,5.0,1.0,0,83.0,0.0
ITF,IT,2.0,Valid Party Vote,0.0,3.0,4.0,0,32.0,4.0
ITC,IT,6.333333333333333,Valid Party Vote,0.0,6.0,3.0,1,64.0,0.0
ITC,IT,3.3333333333333335,Ineligible / Not Applicable,,4.0,1.0,0,81.0,0.0
ITC,IT,1.6666666666666667,Valid Party Vote,0.0,6.0,2.0,1,66.0,0.0
ITF,IT,6.0,Ineligible / Not Applicable,,1.0,1.0,1,87.0,4.0
ITI,IT,6.333333333333333,Valid Party Vote,0.0,9.0,7.0,1,32.0,0.0
ITF,IT,2.6666666666666665,Refuse to Say,,4.0,4.0,1,21.0,4.0
ITG,IT,7.0,Valid Party Vote,0.0,10.0,7.0,0,62.0,4.0
ITF,IT,6.0,Valid Party Vote,0.0,5.0,1.0,0,74.0,4.0
ITC,IT,4.333333333333333,Refuse to Say,,5.0,7.0,1,52.0,0.0
ITH,IT,5.333333333333333,Valid Party Vote,0.0,4.0,7.0,1,77.0,0.0
ITF,IT,0.0,Don't Know,,5.0,4.0,1,35.0,4.0
ITF,IT,0.0,Ineligible / Not Applicable,,0.0,1.0,1,75.0,4.0
ITF,IT,4.333333333333333,Valid Party Vote,0.0,7.0,4.0,1,30.0,4.0
ITG,IT,4.333333333333333,Valid Party Vote,1.0,5.0,2.0,0,59.0,4.0
ITC,IT,5.0,Don't Know,,5.0,2.0,1,64.0,0.0
ITI,IT,4.666666666666667,Valid Party Vote,1.0,2.0,2.0,0,77.0,0.0
ITF,IT,3.0,Ineligible / Not Applicable,,3.0,1.0,0,81.0,4.0
ITF,IT,2.3333333333333335,Refuse to Say,,4.0,4.0,0,62.0,4.0
ITC,IT,2.0,Valid Party Vote,1.0,2.0,2.0,0,64.0,0.0
ITC,IT,4.333333333333333,Valid Party Vote,0.0,4.0,4.0,0,59.0,0.0
ITC,IT,5.333333333333333,Ineligible / Not Applicable,,5.0,2.0,1,16.0,0.0
ITC,IT,3.3333333333333335,Don't Know,,6.0,3.0,1,61.0,0.0
ITH,IT,5.333333333333333,Valid Party Vote,1.0,5.0,4.0,0,31.0,0.0
ITG,IT,4.666666666666667,Valid Party Vote,0.0,6.0,7.0,1,50.0,4.0
ITG,IT,5.666666666666667,Valid Party Vote,1.0,3.0,2.0,0,64.0,4.0
ITH,IT,0.0,Valid Party Vote,1.0,0.0,3.0,1,57.0,0.0
ITC,IT,0.6666666666666666,Ineligible / Not Applicable,,4.0,4.0,0,24.0,0.0
ITH,IT,7.666666666666667,Valid Party Vote,1.0,4.0,2.0,0,78.0,0.0
ITC,IT,5.0,Valid Party Vote,1.0,2.0,2.0,1,56.0,0.0
ITF,IT,5.0,Ineligible / Not Applicable,,4.0,4.0,0,23.0,4.0
ITF,IT,5.0,Valid Party Vote,0.0,3.0,2.0,1,63.0,4.0
ITC,IT,0.0,Refuse to Say,,5.0,5.0,0,50.0,0.0
ITI,IT,7.333333333333333,Valid Party Vote,0.0,7.0,4.0,1,71.0,0.0
ITF,IT,5.333333333333333,Don't Know,,6.0,7.0,1,27.0,4.0
ITC,IT,4.333333333333333,Valid Party Vote,1.0,2.0,4.0,1,61.0,0.0
ITH,IT,4.0,Ineligible / Not Applicable,,5.0,7.0,1,48.0,0.0
ITI,IT,5.0,Valid Party Vote,0.0,2.0,1.0,1,78.0,0.0
ITC,IT,5.0,Valid Party Vote,0.0,7.0,4.0,0,43.0,0.0
ITC,IT,3.0,Valid Party Vote,1.0,0.0,1.0,1,79.0,0.0
ITH,IT,6.666666666666667,Valid Party Vote,0.0,6.0,2.0,1,75.0,0.0
ITC,IT,0.0,Valid Party Vote,1.0,0.0,2.0,0,55.0,0.0
ITC,IT,6.0,Ineligible / Not Applicable,,7.0,1.0,1,73.0,0.0
ITF,IT,5.333333333333333,Valid Party Vote,1.0,2.0,2.0,0,58.0,4.0
ITI,IT,3.0,Ineligible / Not Applicable,,3.0,2.0,1,51.0,0.0
ITH,IT,3.6666666666666665,Valid Party Vote,0.0,5.0,4.0,0,49.0,0.0
ITI,IT,6.0,Valid Party Vote,0.0,5.0,2.0,0,54.0,0.0
ITH,IT,6.0,Refuse to Say,,4.0,2.0,1,76.0,0.0
ITI,IT,8.0,Refuse to Say,,1.0,1.0,0,90.0,0.0
ITF,IT,4.666666666666667,Ineligible / Not Applicable,,0.0,2.0,0,48.0,4.0
ITH,IT,5.333333333333333,Ineligible / Not Applicable,,5.0,4.0,1,62.0,0.0
ITI,IT,5.333333333333333,Ineligible / Not Applicable,,6.0,4.0,0,37.0,0.0
ITF,IT,5.0,Valid Party Vote,0.0,6.0,1.0,1,64.0,4.0
ITH,IT,3.0,Valid Party Vote,1.0,0.0,2.0,0,67.0,0.0
ITF,IT,6.0,Valid Party Vote,0.0,7.0,4.0,0,66.0,4.0
ITF,IT,6.0,Ineligible / Not Applicable,,6.0,2.0,0,17.0,4.0
ITF,IT,5.0,Refuse to Say,,5.0,1.0,0,84.0,4.0
ITC,IT,4.666666666666667,Valid Party Vote,1.0,4.0,3.0,0,73.0,0.0
ITH,IT,2.3333333333333335,Ineligible / Not Applicable,,0.0,5.0,0,20.0,0.0
ITC,IT,6.666666666666667,Valid Party Vote,0.0,3.0,4.0,1,58.0,0.0
ITI,IT,5.333333333333333,Ineligible / Not Applicable,,2.0,1.0,1,83.0,0.0
ITC,IT,5.333333333333333,Valid Party Vote,0.0,7.0,4.0,1,32.0,0.0
ITC,IT,0.0,Refuse to Say,,5.0,4.0,1,46.0,0.0
ITI,IT,3.0,Refuse to Say,,6.0,5.0,0,21.0,0.0
ITF,IT,3.3333333333333335,Ineligible / Not Applicable,,1.0,2.0,0,29.0,4.0
ITF,IT,3.0,Refuse to Say,,6.0,4.0,1,32.0,4.0
ITF,IT,1.6666666666666667,Ineligible / Not Applicable,,5.0,4.0,0,22.0,4.0
ITH,IT,7.666666666666667,Valid Party Vote,1.0,1.0,4.0,0,57.0,0.0
ITG,IT,1.0,Ineligible / Not Applicable,,6.0,2.0,0,16.0,4.0
ITI,IT,1.3333333333333333,Ineligible / Not Applicable,,3.0,3.0,1,56.0,0.0
ITI,IT,5.0,Ineligible / Not Applicable,,7.0,1.0,1,64.0,0.0
ITC,IT,2.3333333333333335,Valid Party Vote,0.0,6.0,4.0,1,45.0,0.0
ITG,IT,1.0,Refuse to Say,,3.0,7.0,0,46.0,4.0
ITF,IT,1.6666666666666667,Refuse to Say,,2.0,2.0,1,51.0,4.0
ITC,IT,0.0,Ineligible / Not Applicable,,0.0,3.0,1,75.0,0.0
ITH,IT,4.0,Ineligible / Not Applicable,,5.0,4.0,1,52.0,0.0
ITC,IT,5.666666666666667,Ineligible / Not Applicable,,10.0,3.0,0,33.0,0.0
ITI,IT,5.0,Ineligible / Not Applicable,,5.0,2.0,1,75.0,0.0
ITI,IT,7.0,Ineligible / Not Applicable,,6.0,2.0,1,52.0,0.0
ITG,IT,4.666666666666667,Ineligible / Not Applicable,,8.0,4.0,0,21.0,4.0
ITF,IT,7.0,Ineligible / Not Applicable,,5.0,2.0,1,19.0,4.0
ITC,IT,4.0,Refuse to Say,,4.0,7.0,1,35.0,0.0
ITF,IT,5.0,Refuse to Say,,4.0,2.0,1,67.0,4.0
ITC,IT,4.0,Ineligible / Not Applicable,,8.0,4.0,1,39.0,0.0
ITI,IT,4.666666666666667,Ineligible / Not Applicable,,5.0,2.0,1,45.0,0.0
ITI,IT,4.0,Refuse to Say,,3.0,2.0,1,84.0,0.0
ITI,IT,7.666666666666667,Valid Party Vote,0.0,0.0,3.0,0,48.0,0.0
ITH,IT,6.0,Valid Party Vote,1.0,2.0,3.0,0,63.0,0.0
ITC,IT,6.0,Valid Party Vote,0.0,7.0,7.0,0,63.0,0.0
ITI,IT,1.6666666666666667,Ineligible / Not Applicable,,2.0,2.0,0,42.0,0.0
ITC,IT,5.666666666666667,Valid Party Vote,1.0,4.0,7.0,0,50.0,0.0
ITF,IT,0.0,Ineligible / Not Applicable,,4.0,2.0,0,19.0,4.0
ITH,IT,4.0,Ineligible / Not Applicable,,6.0,4.0,0,36.0,0.0
ITF,IT,0.0,Refuse to Say,,4.0,3.0,0,50.0,4.0
ITC,IT,4.0,Valid Party Vote,1.0,4.0,2.0,0,69.0,0.0
ITC,IT,2.0,Ineligible / Not Applicable,,5.0,4.0,1,38.0,0.0
ITC,IT,1.6666666666666667,Valid Party Vote,1.0,4.0,2.0,1,69.0,0.0
ITC,IT,5.0,Ineligible / Not Applicable,,5.0,2.0,0,50.0,0.0
ITC,IT,4.0,Valid Party Vote,1.0,2.0,7.0,1,73.0,0.0
ITG,IT,5.333333333333333,Valid Party Vote,0.0,5.0,4.0,0,47.0,4.0
ITH,IT,6.666666666666667,Ineligible / Not Applicable,,4.0,4.0,0,19.0,0.0
ITF,IT,3.6666666666666665,Don't Know,,5.0,4.0,1,22.0,4.0
ITC,IT,5.333333333333333,Valid Party Vote,1.0,3.0,7.0,0,71.0,0.0
ITC,IT,3.6666666666666665,Refuse to Say,,5.0,4.0,0,58.0,0.0
ITI,IT,2.0,Ineligible / Not Applicable,,3.0,7.0,0,51.0,0.0
ITC,IT,4.0,Ineligible / Not Applicable,,5.0,2.0,0,54.0,0.0
ITH,IT,3.3333333333333335,Valid Party Vote,0.0,4.0,4.0,0,51.0,0.0
ITF,IT,4.666666666666667,Valid Party Vote,0.0,4.0,2.0,1,67.0,4.0
ITC,IT,4.666666666666667,Valid Party Vote,0.0,3.0,4.0,1,52.0,0.0
ITC,IT,5.0,Refuse to Say,,3.0,4.0,0,66.0,0.0
ITH,IT,4.666666666666667,Ineligible / Not Applicable,,6.0,2.0,1,19.0,0.0
ITI,IT,6.0,Valid Party Vote,1.0,5.0,4.0,0,28.0,0.0
ITC,IT,5.666666666666667,Ineligible / Not Applicable,,7.0,3.0,0,64.0,0.0
ITC,IT,0.0,Ineligible / Not Applicable,,0.0,4.0,0,41.0,0.0
ITH,IT,3.3333333333333335,Ineligible / Not Applicable,,1.0,4.0,0,58.0,0.0
ITI,IT,4.333333333333333,Valid Party Vote,1.0,5.0,4.0,0,34.0,0.0
ITG,IT,2.6666666666666665,Ineligible / Not Applicable,,5.0,2.0,0,67.0,4.0
ITF,IT,3.3333333333333335,Ineligible / Not Applicable,,4.0,2.0,0,52.0,4.0
ITC,IT,2.6666666666666665,Refuse to Say,,4.0,2.0,0,76.0,0.0
ITC,IT,6.5,Valid Party Vote,0.0,5.0,4.0,0,44.0,0.0
ITF,IT,5.666666666666667,Ineligible / Not Applicable,,7.0,7.0,1,47.0,4.0
ITF,IT,2.3333333333333335,Valid Party Vote,0.0,2.0,1.0,0,89.0,4.0
ITH,IT,3.0,Refuse to Say,,2.0,5.0,1,42.0,0.0
ITF,IT,2.3333333333333335,Ineligible / Not Applicable,,3.0,2.0,0,82.0,4.0
ITG,IT,4.333333333333333,Refuse to Say,,6.0,4.0,1,33.0,4.0
ITH,IT,2.6666666666666665,Ineligible / Not Applicable,,4.0,4.0,0,20.0,0.0
ITH,IT,4.0,Ineligible / Not Applicable,,2.0,4.0,0,42.0,0.0
ITC,IT,4.666666666666667,Valid Party Vote,1.0,5.0,6.0,1,35.0,0.0
ITF,IT,6.666666666666667,Refuse to Say,,7.0,4.0,1,46.0,4.0
ITF,IT,5.0,Valid Party Vote,0.0,4.0,4.0,0,21.0,4.0
ITF,IT,5.0,Valid Party Vote,0.0,2.0,2.0,0,27.0,4.0
ITI,IT,6.0,Valid Party Vote,0.0,6.0,7.0,0,45.0,0.0
ITF,IT,6.333333333333333,Valid Party Vote,0.0,7.0,4.0,0,33.0,4.0
ITH,IT,4.333333333333333,Valid Party Vote,1.0,2.0,5.0,0,31.0,0.0
ITC,IT,4.0,Ineligible / Not Applicable,,4.0,3.0,1,55.0,0.0
ITF,IT,0.3333333333333333,Ineligible / Not Applicable,,2.0,3.0,1,44.0,4.0
ITF,IT,7.333333333333333,Valid Party Vote,0.0,2.0,4.0,0,34.0,4.0
ITC,IT,4.0,Ineligible / Not Applicable,,8.0,7.0,1,50.0,0.0
ITF,IT,5.666666666666667,Refuse to Say,,4.0,6.0,0,41.0,4.0
ITI,IT,2.0,Valid Party Vote,0.0,5.0,5.0,0,32.0,0.0
ITI,IT,2.3333333333333335,Ineligible / Not Applicable,,6.0,6.0,1,47.0,0.0
ITF,IT,3.3333333333333335,Ineligible / Not Applicable,,2.0,4.0,0,77.0,4.0
ITC,IT,7.0,Refuse to Say,,5.0,6.0,1,42.0,0.0
ITC,IT,0.0,Valid Party Vote,1.0,0.0,2.0,1,45.0,0.0
ITC,IT,4.666666666666667,Valid Party Vote,0.0,2.0,7.0,1,52.0,0.0
ITH,IT,1.3333333333333333,Ineligible / Not Applicable,,1.0,2.0,1,85.0,0.0
ITI,IT,4.0,Valid Party Vote,0.0,1.0,2.0,0,70.0,0.0
ITF,IT,4.666666666666667,Refuse to Say,,3.0,2.0,1,61.0,4.0
ITI,IT,3.0,Ineligible / Not Applicable,,2.0,2.0,1,42.0,0.0
ITH,IT,5.666666666666667,Valid Party Vote,0.0,8.0,4.0,1,52.0,0.0
ITH,IT,5.666666666666667,Refuse to Say,,5.0,2.0,1,70.0,0.0
ITI,IT,2.6666666666666665,Refuse to Say,,1.0,2.0,0,71.0,0.0
ITF,IT,2.6666666666666665,Valid Party Vote,0.0,5.0,4.0,1,24.0,4.0
ITC,IT,5.666666666666667,Ineligible / Not Applicable,,5.0,2.0,1,41.0,0.0
ITC,IT,6.666666666666667,Refuse to Say,,4.0,7.0,0,57.0,0.0
ITC,IT,3.3333333333333335,Refuse to Say,,5.0,2.0,0,62.0,0.0
ITF,IT,5.0,Valid Party Vote,0.0,10.0,4.0,0,36.0,4.0
ITH,IT,4.333333333333333,Ineligible / Not Applicable,,6.0,2.0,1,19.0,0.0
ITF,IT,6.0,Ineligible / Not Applicable,,7.0,4.0,1,46.0,4.0
ITC,IT,3.3333333333333335,Ineligible / Not Applicable,,4.0,2.0,1,71.0,0.0
ITF,IT,3.0,Valid Party Vote,0.0,5.0,4.0,0,38.0,4.0
ITF,IT,7.0,Valid Party Vote,0.0,5.0,6.0,1,26.0,4.0
ITG,IT,6.0,Valid Party Vote,1.0,3.0,4.0,1,55.0,4.0
ITF,IT,6.0,Refuse to Say,,5.0,1.0,1,75.0,4.0
ITI,IT,1.0,Ineligible / Not Applicable,,3.0,4.0,0,22.0,0.0
ITG,IT,4.666666666666667,Refuse to Say,,4.0,2.0,0,27.0,4.0
ITF,IT,3.3333333333333335,Valid Party Vote,0.0,4.0,4.0,0,61.0,4.0
ITC,IT,3.3333333333333335,Ineligible / Not Applicable,,2.0,2.0,1,74.0,0.0
ITF,IT,4.333333333333333,Ineligible / Not Applicable,,2.0,1.0,0,90.0,4.0
ITF,IT,3.0,Ineligible / Not Applicable,,5.0,2.0,1,19.0,4.0
ITH,IT,5.333333333333333,Refuse to Say,,7.0,2.0,1,71.0,0.0
ITC,IT,1.3333333333333333,Refuse to Say,,5.0,4.0,1,54.0,0.0
ITC,IT,4.0,Refuse to Say,,4.0,2.0,1,66.0,0.0
ITG,IT,2.6666666666666665,Valid Party Vote,1.0,5.0,2.0,1,30.0,4.0
ITG,IT,1.3333333333333333,Ineligible / Not Applicable,,0.0,2.0,1,46.0,4.0
ITC,IT,3.0,Valid Party Vote,0.0,9.0,3.0,0,20.0,0.0
ITF,IT,1.6666666666666667,Ineligible / Not Applicable,,5.0,2.0,0,48.0,4.0
ITF,IT,4.0,Ineligible / Not Applicable,,5.0,1.0,0,75.0,4.0
ITH,IT,2.0,Valid Party Vote,0.0,6.0,7.0,1,38.0,0.0
ITC,IT,1.3333333333333333,Valid Party Vote,1.0,3.0,4.0,0,33.0,0.0
ITF,IT,0.0,Ineligible / Not Applicable,,0.0,1.0,1,84.0,4.0
ITF,IT,5.333333333333333,Ineligible / Not Applicable,,0.0,2.0,1,37.0,4.0
ITG,IT,2.0,Ineligible / Not Applicable,,0.0,1.0,1,75.0,4.0
ITI,IT,4.333333333333333,Valid Party Vote,1.0,1.0,4.0,1,77.0,0.0
ITI,IT,4.0,Valid Party Vote,1.0,4.0,2.0,1,78.0,0.0
ITI,IT,7.666666666666667,Ineligible / Not Applicable,,7.0,2.0,1,55.0,0.0
ITC,IT,5.0,Valid Party Vote,1.0,6.0,4.0,1,50.0,0.0
ITG,IT,5.333333333333333,Ineligible / Not Applicable,,3.0,2.0,0,66.0,4.0
ITF,IT,0.0,Refuse to Say,,0.0,2.0,0,41.0,4.0
ITC,IT,4.0,Valid Party Vote,1.0,5.0,4.0,0,57.0,0.0
ITC,IT,3.3333333333333335,Valid Party Vote,0.0,4.0,3.0,0,34.0,0.0
ITC,IT,4.666666666666667,Ineligible / Not Applicable,,2.0,4.0,0,76.0,0.0
ITC,IT,2.6666666666666665,Ineligible / Not Applicable,,5.0,2.0,1,68.0,0.0
ITC,IT,4.333333333333333,Ineligible / Not Applicable,,10.0,7.0,1,63.0,0.0
ITH,IT,0.0,Refuse to Say,,0.0,3.0,0,67.0,0.0
ITC,IT,5.333333333333333,Ineligible / Not Applicable,,2.0,6.0,0,72.0,0.0
ITC,IT,6.0,Ineligible / Not Applicable,,8.0,2.0,0,42.0,0.0
ITC,IT,6.0,Valid Party Vote,1.0,0.0,7.0,0,30.0,0.0
ITH,IT,3.3333333333333335,Valid Party Vote,0.0,4.0,7.0,0,33.0,0.0
ITC,IT,6.666666666666667,Ineligible / Not Applicable,,2.0,2.0,1,54.0,0.0
ITH,IT,5.333333333333333,Ineligible / Not Applicable,,7.0,6.0,1,27.0,0.0
ITH,IT,5.333333333333333,Valid Party Vote,0.0,7.0,4.0,1,68.0,0.0
ITC,IT,4.0,Ineligible / Not Applicable,,5.0,3.0,1,49.0,0.0
ITH,IT,6.333333333333333,Valid Party Vote,1.0,1.0,5.0,1,49.0,0.0
ITF,IT,6.0,Refuse to Say,,2.0,2.0,1,55.0,4.0
ITC,IT,3.3333333333333335,Valid Party Vote,1.0,2.0,2.0,0,80.0,0.0
ITF,IT,2.6666666666666665,Ineligible / Not Applicable,,3.0,1.0,1,70.0,4.0
ITH,IT,3.6666666666666665,Valid Party Vote,0.0,5.0,2.0,0,65.0,0.0
ITF,IT,4.0,Ineligible / Not Applicable,,0.0,1.0,1,90.0,4.0
ITF,IT,4.0,Valid Party Vote,0.0,3.0,4.0,1,66.0,4.0
ITC,IT,1.6666666666666667,Ineligible / Not Applicable,,5.0,6.0,0,29.0,0.0
ITH,IT,6.333333333333333,Ineligible / Not Applicable,,6.0,7.0,0,48.0,0.0
ITI,IT,8.0,Valid Party Vote,0.0,7.0,4.0,1,54.0,0.0
ITG,IT,4.0,Refuse to Say,,5.0,7.0,0,32.0,4.0
ITI,IT,4.333333333333333,Valid Party Vote,0.0,5.0,4.0,0,56.0,0.0
ITF,IT,2.6666666666666665,Ineligible / Not Applicable,,5.0,2.0,1,56.0,4.0
ITC,IT,2.6666666666666665,Valid Party Vote,1.0,0.0,3.0,0,79.0,0.0
ITG,IT,7.333333333333333,Refuse to Say,,8.0,7.0,1,48.0,4.0
ITC,IT,7.0,Valid Party Vote,1.0,5.0,4.0,0,30.0,0.0
ITG,IT,2.3333333333333335,Ineligible / Not Applicable,,3.0,4.0,0,60.0,4.0
ITH,IT,5.666666666666667,Ineligible / Not Applicable,,5.0,6.0,1,25.0,0.0
ITH,IT,3.6666666666666665,Valid Party Vote,0.0,4.0,4.0,0,61.0,0.0
ITG,IT,0.0,Ineligible / Not Applicable,,,2.0,0,18.0,4.0
ITC,IT,5.333333333333333,Valid Party Vote,1.0,0.0,4.0,0,74.0,0.0
ITI,IT,8.0,Valid Party Vote,1.0,2.0,4.0,0,67.0,0.0
ITI,IT,4.0,Ineligible / Not Applicable,,6.0,7.0,1,41.0,0.0
ITI,IT,2.6666666666666665,Valid Party Vote,0.0,5.0,1.0,0,63.0,0.0
ITF,IT,4.0,Ineligible / Not Applicable,,3.0,1.0,1,82.0,4.0
ITI,IT,5.666666666666667,Valid Party Vote,0.0,5.0,2.0,1,87.0,0.0
ITF,IT,3.3333333333333335,Refuse to Say,,3.0,2.0,0,56.0,4.0
ITF,IT,5.666666666666667,Valid Party Vote,0.0,8.0,4.0,1,39.0,4.0
ITH,IT,6.333333333333333,Valid Party Vote,0.0,4.0,2.0,0,60.0,0.0
ITI,IT,5.0,Ineligible / Not Applicable,,5.0,4.0,1,75.0,0.0
ITI,IT,5.333333333333333,Ineligible / Not Applicable,,6.0,2.0,1,,0.0
ITI,IT,4.666666666666667,Valid Party Vote,0.0,4.0,,1,57.0,0.0
ITC,IT,0.3333333333333333,Refuse to Say,,1.0,4.0,1,66.0,0.0
ITG,IT,5.0,Refuse to Say,,6.0,7.0,0,28.0,4.0
ITF,IT,3.3333333333333335,Ineligible / Not Applicable,,6.0,2.0,0,48.0,4.0
ITC,IT,5.333333333333333,Ineligible / Not Applicable,,6.0,4.0,0,25.0,0.0
ITG,IT,4.666666666666667,Ineligible / Not Applicable,,6.0,2.0,0,46.0,4.0
ITH,IT,3.6666666666666665,Refuse to Say,,7.0,4.0,0,27.0,0.0
ITF,IT,4.333333333333333,Ineligible / Not Applicable,,4.0,1.0,1,67.0,4.0
ITC,IT,4.333333333333333,Valid Party Vote,1.0,0.0,2.0,0,52.0,0.0
ITC,IT,5.0,Ineligible / Not Applicable,,8.0,2.0,1,16.0,0.0
ITI,IT,4.0,Valid Party Vote,0.0,7.0,7.0,1,46.0,0.0
ITH,IT,5.0,Valid Party Vote,0.0,6.0,2.0,0,67.0,0.0
ITG,IT,5.0,Ineligible / Not Applicable,,4.0,2.0,1,64.0,4.0
ITG,IT,6.333333333333333,Valid Party Vote,0.0,,7.0,1,61.0,4.0
ITI,IT,5.0,Ineligible / Not Applicable,,3.0,2.0,1,72.0,0.0
ITF,IT,7.666666666666667,Refuse to Say,,3.0,4.0,1,61.0,4.0
ITI,IT,4.333333333333333,Ineligible / Not Applicable,,6.0,4.0,1,74.0,0.0
ITF,IT,0.6666666666666666,Ineligible / Not Applicable,,1.0,2.0,0,36.0,4.0
ITC,IT,6.333333333333333,Valid Party Vote,0.0,5.0,2.0,1,64.0,0.0
ITC,IT,5.0,Refuse to Say,,5.0,4.0,0,60.0,0.0
ITH,IT,6.666666666666667,Valid Party Vote,1.0,2.0,4.0,0,45.0,0.0
ITH,IT,8.0,Ineligible / Not Applicable,,7.0,2.0,0,47.0,0.0
ITC,IT,4.666666666666667,Valid Party Vote,0.0,6.0,7.0,1,43.0,0.0
ITI,IT,7.333333333333333,Ineligible / Not Applicable,,8.0,2.0,1,65.0,0.0
ITF,IT,5.0,Ineligible / Not Applicable,,5.0,2.0,0,66.0,4.0
ITC,IT,2.0,Ineligible / Not Applicable,,3.0,2.0,1,33.0,0.0
ITC,IT,4.333333333333333,Refuse to Say,,4.0,2.0,1,67.0,0.0
ITI,IT,4.333333333333333,Valid Party Vote,0.0,3.0,4.0,0,68.0,0.0
ITC,IT,6.666666666666667,Ineligible / Not Applicable,,4.0,4.0,1,34.0,0.0
ITH,IT,6.0,Valid Party Vote,0.0,7.0,6.0,1,31.0,0.0
ITH,IT,6.666666666666667,Valid Party Vote,0.0,7.0,2.0,1,68.0,0.0
ITG,IT,0.0,Ineligible / Not Applicable,,2.0,1.0,1,60.0,4.0
ITI,IT,3.0,Ineligible / Not Applicable,,4.0,4.0,1,30.0,0.0
ITI,IT,2.6666666666666665,Ineligible / Not Applicable,,7.0,4.0,1,34.0,0.0
ITH,IT,3.0,Valid Party Vote,0.0,4.0,4.0,0,49.0,0.0
ITI,IT,6.666666666666667,Ineligible / Not Applicable,,9.0,7.0,0,40.0,0.0
ITF,IT,5.0,Refuse to Say,,5.0,7.0,0,34.0,4.0
ITI,IT,0.6666666666666666,Refuse to Say,,2.0,2.0,1,50.0,0.0
ITF,IT,7.0,Valid Party Vote,0.0,7.0,4.0,0,31.0,4.0
ITC,IT,1.3333333333333333,Valid Party Vote,1.0,0.0,2.0,0,51.0,0.0
ITC,IT,6.333333333333333,Ineligible / Not Applicable,,2.0,5.0,0,72.0,0.0
ITF,IT,0.0,Refuse to Say,,,5.0,0,21.0,4.0
ITI,IT,3.3333333333333335,Valid Party Vote,0.0,2.0,2.0,0,74.0,0.0
ITF,IT,4.0,Ineligible / Not Applicable,,0.0,1.0,0,83.0,4.0
ITF,IT,3.0,Don't Know,,5.0,4.0,1,46.0,4.0
ITH,IT,6.666666666666667,Valid Party Vote,0.0,6.0,4.0,0,52.0,0.0
ITC,IT,6.0,Valid Party Vote,1.0,2.0,7.0,0,44.0,0.0
ITF,IT,5.0,Valid Party Vote,0.0,1.0,4.0,1,24.0,4.0
ITF,IT,7.333333333333333,Valid Party Vote,0.0,5.0,1.0,1,87.0,4.0
ITI,IT,5.333333333333333,Valid Party Vote,1.0,4.0,4.0,1,37.0,0.0
ITC,IT,5.0,Valid Party Vote,0.0,1.0,4.0,0,26.0,0.0
ITF,IT,4.666666666666667,Valid Party Vote,1.0,3.0,2.0,1,64.0,4.0
ITF,IT,5.0,Valid Party Vote,0.0,5.0,7.0,1,28.0,4.0
ITH,IT,6.666666666666667,Valid Party Vote,1.0,7.0,4.0,1,24.0,0.0
ITF,IT,5.0,Ineligible / Not Applicable,,,2.0,1,84.0,4.0
ITH,IT,6.333333333333333,Valid Party Vote,0.0,10.0,7.0,0,65.0,0.0
ITC,IT,6.666666666666667,Valid Party Vote,0.0,6.0,4.0,0,60.0,0.0
ITF,IT,5.333333333333333,Valid Party Vote,0.0,7.0,2.0,0,62.0,4.0
ITC,IT,4.0,Ineligible / Not Applicable,,5.0,2.0,0,72.0,0.0
ITC,IT,3.6666666666666665,Ineligible / Not Applicable,,4.0,1.0,1,90.0,0.0
ITC,IT,6.666666666666667,Valid Party Vote,1.0,6.0,4.0,1,64.0,0.0
ITI,IT,2.3333333333333335,Ineligible / Not Applicable,,2.0,2.0,0,73.0,0.0
ITF,IT,0.6666666666666666,Valid Party Vote,0.0,3.0,4.0,1,37.0,4.0
ITI,IT,4.666666666666667,Refuse to Say,,6.0,2.0,0,72.0,0.0
ITH,IT,7.0,Valid Party Vote,0.0,6.0,4.0,0,46.0,0.0
ITH,IT,5.333333333333333,Valid Party Vote,0.0,6.0,7.0,0,70.0,0.0
ITF,IT,4.0,Ineligible / Not Applicable,,4.0,1.0,1,90.0,4.0
ITF,IT,5.0,Refuse to Say,,3.0,4.0,0,50.0,4.0
ITH,IT,4.666666666666667,Refuse to Say,,5.0,5.0,0,36.0,0.0
ITI,IT,6.666666666666667,Ineligible / Not Applicable,,7.0,6.0,1,47.0,0.0
ITC,IT,5.0,Ineligible / Not Applicable,,7.0,4.0,1,24.0,0.0
ITF,IT,3.3333333333333335,Refuse to Say,,3.0,4.0,0,47.0,4.0
ITG,IT,4.0,Ineligible / Not Applicable,,5.0,1.0,1,80.0,4.0
ITC,IT,,Ineligible / Not Applicable,,8.0,3.0,0,35.0,0.0
ITI,IT,3.3333333333333335,Valid Party Vote,0.0,4.0,4.0,1,54.0,0.0
ITG,IT,4.0,Valid Party Vote,0.0,8.0,2.0,1,73.0,4.0
ITG,IT,0.3333333333333333,Valid Party Vote,1.0,0.0,4.0,1,71.0,4.0
ITF,IT,5.666666666666667,Valid Party Vote,0.0,2.0,2.0,0,33.0,4.0
ITH,IT,5.0,Ineligible / Not Applicable,,4.0,7.0,1,44.0,0.0
ITC,IT,1.3333333333333333,Ineligible / Not Applicable,,5.0,4.0,1,40.0,0.0
ITC,IT,5.0,Valid Party Vote,0.0,5.0,2.0,0,38.0,0.0
ITI,IT,4.666666666666667,Valid Party Vote,0.0,3.0,2.0,0,64.0,0.0
ITI,IT,5.333333333333333,Refuse to Say,,6.0,1.0,1,90.0,0.0
ITF,IT,4.0,Ineligible / Not Applicable,,4.0,2.0,1,18.0,4.0
ITI,IT,5.333333333333333,Valid Party Vote,0.0,6.0,2.0,1,45.0,0.0
ITC,IT,6.0,Refuse to Say,,7.0,1.0,1,90.0,0.0
ITI,IT,7.333333333333333,Valid Party Vote,1.0,0.0,2.0,0,63.0,0.0
ITC,IT,5.666666666666667,Refuse to Say,,5.0,4.0,0,48.0,0.0
ITF,IT,2.6666666666666665,Valid Party Vote,0.0,6.0,2.0,1,75.0,4.0
ITC,IT,5.666666666666667,Refuse to Say,,,2.0,1,27.0,0.0
ITF,IT,5.333333333333333,Don't Know,,3.0,4.0,0,59.0,4.0
ITH,IT,2.0,Ineligible / Not Applicable,,5.0,4.0,1,48.0,0.0
ITC,IT,5.333333333333333,Refuse to Say,,5.0,3.0,1,50.0,0.0
ITF,IT,4.666666666666667,Valid Party Vote,0.0,4.0,2.0,1,59.0,4.0
ITC,IT,4.333333333333333,Valid Party Vote,1.0,0.0,2.0,0,54.0,0.0
ITF,IT,2.3333333333333335,Ineligible / Not Applicable,,4.0,3.0,1,66.0,4.0
ITC,IT,5.666666666666667,Ineligible / Not Applicable,,8.0,2.0,1,40.0,0.0
ITI,IT,0.0,Ineligible / Not Applicable,,2.0,2.0,0,51.0,0.0
ITC,IT,4.0,Ineligible / Not Applicable,,6.0,1.0,0,66.0,0.0
ITG,IT,1.6666666666666667,Ineligible / Not Applicable,,1.0,4.0,1,56.0,4.0
ITH,IT,4.666666666666667,Valid Party Vote,0.0,5.0,4.0,0,63.0,0.0
ITC,IT,5.0,Refuse to Say,,0.0,4.0,1,31.0,0.0
ITG,IT,5.0,Ineligible / Not Applicable,,5.0,4.0,1,51.0,4.0
ITG,IT,2.3333333333333335,Ineligible / Not Applicable,,0.0,1.0,1,81.0,4.0
ITC,IT,6.0,Valid Party Vote,0.0,7.0,4.0,1,60.0,0.0
ITG,IT,1.0,Ineligible / Not Applicable,,0.0,,0,30.0,4.0
ITI,IT,0.3333333333333333,Ineligible / Not Applicable,,3.0,4.0,1,53.0,0.0
ITC,IT,0.3333333333333333,Ineligible / Not Applicable,,3.0,7.0,0,30.0,0.0
ITG,IT,3.0,Refuse to Say,,,2.0,0,24.0,4.0
ITG,IT,10.0,Ineligible / Not Applicable,,0.0,2.0,0,16.0,4.0
ITH,IT,6.666666666666667,Ineligible / Not Applicable,,,2.0,0,15.0,0.0
ITG,IT,2.3333333333333335,Refuse to Say,,3.0,4.0,1,35.0,4.0
ITC,IT,5.0,Refuse to Say,,5.0,2.0,1,51.0,0.0
ITC,IT,3.3333333333333335,Valid Party Vote,0.0,6.0,4.0,0,30.0,0.0
ITF,IT,1.3333333333333333,Ineligible / Not Applicable,,7.0,4.0,1,27.0,4.0
ITH,IT,6.666666666666667,Valid Party Vote,0.0,5.0,4.0,1,28.0,0.0
ITC,IT,4.0,Refuse to Say,,8.0,3.0,0,88.0,0.0
ITH,IT,2.0,No Answer / System Missing,,7.0,,0,25.0,0.0
ITC,IT,3.3333333333333335,Don't Know,,7.0,4.0,1,20.0,0.0
ITC,IT,1.3333333333333333,Refuse to Say,,5.0,7.0,0,70.0,0.0
ITC,IT,5.666666666666667,Valid Party Vote,0.0,5.0,3.0,1,71.0,0.0
ITC,IT,7.333333333333333,Ineligible / Not Applicable,,5.0,4.0,1,19.0,0.0
ITH,IT,3.6666666666666665,Valid Party Vote,0.0,5.0,2.0,1,72.0,0.0
ITG,IT,0.6666666666666666,Ineligible / Not Applicable,,1.0,4.0,1,22.0,4.0
ITF,IT,6.666666666666667,Valid Party Vote,0.0,9.0,4.0,0,32.0,4.0
ITG,IT,0.0,Valid Party Vote,1.0,3.0,4.0,1,66.0,4.0
ITC,IT,0.3333333333333333,Refuse to Say,,3.0,4.0,1,59.0,0.0
ITF,IT,4.333333333333333,Refuse to Say,,0.0,1.0,1,71.0,4.0
ITF,IT,6.666666666666667,Refuse to Say,,5.0,5.0,0,71.0,4.0
ITC,IT,2.0,Ineligible / Not Applicable,,2.0,1.0,0,46.0,0.0
ITC,IT,5.0,Ineligible / Not Applicable,,8.0,4.0,1,46.0,0.0
ITI,IT,3.6666666666666665,Ineligible / Not Applicable,,3.0,2.0,1,87.0,0.0
ITC,IT,4.333333333333333,Ineligible / Not Applicable,,5.0,2.0,0,17.0,0.0
ITH,IT,2.3333333333333335,Refuse to Say,,5.0,7.0,1,65.0,0.0
ITH,IT,6.0,Valid Party Vote,1.0,6.0,4.0,0,59.0,0.0
ITH,IT,1.0,Valid Party Vote,1.0,4.0,7.0,0,48.0,0.0
ITF,IT,3.0,Valid Party Vote,0.0,3.0,4.0,1,24.0,4.0
ITF,IT,10.0,Ineligible / Not Applicable,,,3.0,0,44.0,4.0
ITH,IT,4.666666666666667,Ineligible / Not Applicable,,5.0,2.0,0,84.0,0.0
ITC,IT,0.6666666666666666,Valid Party Vote,1.0,0.0,4.0,0,58.0,0.0
ITI,IT,8.333333333333334,Valid Party Vote,0.0,1.0,2.0,1,76.0,0.0
ITH,IT,7.333333333333333,Ineligible / Not Applicable,,5.0,1.0,1,90.0,0.0
ITH,IT,5.666666666666667,Valid Party Vote,0.0,7.0,4.0,0,73.0,0.0
ITH,IT,3.6666666666666665,Valid Party Vote,0.0,6.0,4.0,1,49.0,0.0
ITC,IT,2.0,Ineligible / Not Applicable,,2.0,2.0,1,78.0,0.0
ITC,IT,3.3333333333333335,Ineligible / Not Applicable,,5.0,1.0,1,75.0,0.0
ITI,IT,7.0,Ineligible / Not Applicable,,8.0,4.0,1,22.0,0.0
ITC,IT,5.666666666666667,Valid Party Vote,0.0,4.0,6.0,1,50.0,0.0
ITH,IT,5.0,Valid Party Vote,1.0,4.0,7.0,1,40.0,0.0
ITG,IT,0.0,Refuse to Say,,3.0,1.0,1,66.0,4.0
ITF,IT,0.0,Ineligible / Not Applicable,,4.0,1.0,0,74.0,4.0
ITC,IT,7.0,Valid Party Vote,0.0,4.0,6.0,1,47.0,0.0
ITI,IT,3.6666666666666665,Ineligible / Not Applicable,,,4.0,1,24.0,0.0
ITC,IT,4.0,Refuse to Say,,0.0,3.0,0,77.0,0.0
ITI,IT,5.333333333333333,Valid Party Vote,1.0,2.0,2.0,0,84.0,0.0
ITC,IT,1.0,Refuse to Say,,10.0,4.0,0,28.0,0.0
ITG,IT,1.0,Ineligible / Not Applicable,,3.0,4.0,0,30.0,4.0
ITC,IT,4.666666666666667,Valid Party Vote,0.0,10.0,4.0,1,64.0,0.0
ITI,IT,4.666666666666667,Ineligible / Not Applicable,,6.0,3.0,1,35.0,0.0
ITC,IT,0.0,Ineligible / Not Applicable,,3.0,2.0,0,67.0,0.0
ITC,IT,2.3333333333333335,Valid Party Vote,0.0,7.0,3.0,1,50.0,0.0
ITC,IT,3.0,Ineligible / Not Applicable,,0.0,2.0,1,15.0,0.0
ITC,IT,5.666666666666667,Ineligible / Not Applicable,,7.0,4.0,1,53.0,0.0
ITF,IT,7.0,Ineligible / Not Applicable,,3.0,4.0,1,23.0,4.0
ITH,IT,5.0,Valid Party Vote,0.0,5.0,4.0,1,46.0,0.0
ITC,IT,7.666666666666667,Valid Party Vote,0.0,3.0,2.0,0,77.0,0.0
ITC,IT,6.333333333333333,Valid Party Vote,0.0,6.0,7.0,1,27.0,0.0
ITI,IT,1.6666666666666667,Valid Party Vote,0.0,5.0,2.0,0,42.0,0.0
ITH,IT,5.666666666666667,Don't Know,,6.0,1.0,1,65.0,0.0
ITF,IT,5.0,Refuse to Say,,5.0,2.0,1,40.0,4.0
ITF,IT,0.0,Valid Party Vote,0.0,7.0,4.0,1,20.0,4.0
ITF,IT,6.666666666666667,Valid Party Vote,1.0,4.0,6.0,0,50.0,4.0
ITI,IT,4.333333333333333,Valid Party Vote,1.0,4.0,4.0,1,46.0,0.0
ITF,IT,1.0,Refuse to Say,,6.0,4.0,1,21.0,4.0
ITF,IT,7.333333333333333,Valid Party Vote,1.0,7.0,4.0,1,48.0,4.0
ITG,IT,3.6666666666666665,Refuse to Say,,5.0,3.0,0,66.0,4.0
ITI,IT,3.0,Valid Party Vote,0.0,3.0,2.0,0,60.0,0.0
ITG,IT,6.0,Valid Party Vote,0.0,5.0,6.0,1,31.0,4.0
ITF,IT,2.6666666666666665,Ineligible / Not Applicable,,0.0,1.0,1,90.0,4.0
ITH,IT,6.0,Valid Party Vote,0.0,6.0,4.0,0,61.0,0.0
ITG,IT,4.0,Valid Party Vote,0.0,6.0,2.0,1,68.0,4.0
ITC,IT,5.666666666666667,Valid Party Vote,1.0,2.0,4.0,0,68.0,0.0
ITC,IT,6.0,Valid Party Vote,1.0,2.0,4.0,1,39.0,0.0
ITI,IT,4.333333333333333,Ineligible / Not Applicable,,4.0,2.0,1,71.0,0.0
ITC,IT,5.333333333333333,Refuse to Say,,8.0,2.0,1,75.0,0.0
ITC,IT,4.666666666666667,Ineligible / Not Applicable,,6.0,4.0,0,31.0,0.0
ITC,IT,2.3333333333333335,Ineligible / Not Applicable,,0.0,2.0,0,46.0,0.0
ITI,IT,6.333333333333333,Valid Party Vote,0.0,8.0,7.0,1,30.0,0.0
ITF,IT,0.0,Ineligible / Not Applicable,,,2.0,1,74.0,4.0
ITH,IT,4.666666666666667,Ineligible / Not Applicable,,7.0,2.0,1,30.0,0.0
ITF,IT,6.0,Ineligible / Not Applicable,,3.0,1.0,1,72.0,4.0
ITI,IT,2.0,Ineligible / Not Applicable,,6.0,1.0,1,90.0,0.0
ITI,IT,4.0,Ineligible / Not Applicable,,2.0,1.0,1,86.0,0.0
ITC,IT,4.333333333333333,Refuse to Say,,4.0,2.0,0,75.0,0.0
ITC,IT,3.3333333333333335,Valid Party Vote,0.0,3.0,4.0,0,55.0,0.0
ITH,IT,7.333333333333333,Refuse to Say,,8.0,4.0,1,21.0,0.0
ITH,IT,3.3333333333333335,Valid Party Vote,0.0,3.0,1.0,0,90.0,0.0
ITC,IT,4.333333333333333,Valid Party Vote,1.0,2.0,4.0,0,32.0,0.0
ITC,IT,6.333333333333333,Ineligible / Not Applicable,,7.0,2.0,0,27.0,0.0
ITG,IT,5.666666666666667,Valid Party Vote,0.0,10.0,4.0,1,35.0,4.0
ITC,IT,0.3333333333333333,Refuse to Say,,3.0,4.0,1,59.0,0.0
ITG,IT,4.666666666666667,Valid Party Vote,0.0,4.0,7.0,0,41.0,4.0
ITG,IT,4.0,Valid Party Vote,1.0,5.0,4.0,1,45.0,4.0
ITC,IT,4.333333333333333,Valid Party Vote,1.0,7.0,4.0,1,57.0,0.0
ITH,IT,5.0,Valid Party Vote,0.0,7.0,4.0,1,77.0,0.0
ITH,IT,2.3333333333333335,Valid Party Vote,1.0,3.0,5.0,0,53.0,0.0
ITH,IT,6.333333333333333,Valid Party Vote,0.0,5.0,4.0,1,21.0,0.0
ITH,IT,5.333333333333333,Valid Party Vote,0.0,5.0,4.0,0,65.0,0.0
ITI,IT,6.333333333333333,Ineligible / Not Applicable,,5.0,2.0,1,67.0,0.0
ITC,IT,5.666666666666667,Ineligible / Not Applicable,,1.0,4.0,1,58.0,0.0
ITF,IT,0.3333333333333333,Valid Party Vote,0.0,0.0,4.0,1,32.0,4.0
ITI,IT,5.666666666666667,Refuse to Say,,6.0,7.0,0,29.0,0.0
ITI,IT,6.666666666666667,Ineligible / Not Applicable,,5.0,4.0,0,59.0,0.0
ITC,IT,6.333333333333333,Valid Party Vote,1.0,10.0,4.0,1,23.0,0.0
ITF,IT,9.0,Valid Party Vote,1.0,0.0,7.0,1,36.0,4.0
ITF,IT,5.666666666666667,Valid Party Vote,0.0,5.0,7.0,1,25.0,4.0
ITH,IT,3.6666666666666665,Refuse to Say,,5.0,4.0,1,77.0,0.0
ITF,IT,9.333333333333334,Refuse to Say,,5.0,4.0,0,22.0,4.0
ITC,IT,4.333333333333333,Refuse to Say,,7.0,2.0,0,75.0,0.0
ITF,IT,5.0,Ineligible / Not Applicable,,5.0,4.0,0,46.0,4.0
ITF,IT,5.666666666666667,Refuse to Say,,4.0,4.0,1,33.0,4.0
ITC,IT,0.0,Ineligible / Not Applicable,,0.0,4.0,1,21.0,0.0
ITG,IT,6.666666666666667,Refuse to Say,,3.0,4.0,0,50.0,4.0
ITC,IT,3.3333333333333335,Don't Know,,3.0,4.0,0,44.0,0.0
ITH,IT,4.0,Valid Party Vote,1.0,3.0,2.0,1,78.0,0.0
ITG,IT,4.0,Ineligible / Not Applicable,,2.0,4.0,0,42.0,4.0
ITF,IT,1.0,Valid Party Vote,1.0,6.0,5.0,0,37.0,4.0
ITF,IT,1.3333333333333333,Refuse to Say,,5.0,3.0,0,57.0,4.0
ITI,IT,5.666666666666667,Valid Party Vote,1.0,6.0,4.0,0,36.0,0.0
ITI,IT,4.0,Valid Party Vote,0.0,3.0,2.0,0,78.0,0.0
ITC,IT,3.0,Ineligible / Not Applicable,,2.0,4.0,0,47.0,0.0
ITI,IT,5.0,Ineligible / Not Applicable,,2.0,4.0,1,44.0,0.0
ITH,IT,3.0,Valid Party Vote,1.0,4.0,7.0,1,38.0,0.0
ITI,IT,5.333333333333333,Ineligible / Not Applicable,,2.0,1.0,1,80.0,0.0
ITI,IT,3.3333333333333335,Ineligible / Not Applicable,,7.0,2.0,0,73.0,0.0
ITF,IT,1.6666666666666667,Valid Party Vote,0.0,3.0,1.0,1,73.0,4.0
ITI,IT,5.333333333333333,Ineligible / Not Applicable,,4.0,3.0,1,,0.0
ITH,IT,7.333333333333333,Valid Party Vote,0.0,10.0,4.0,1,60.0,0.0
ITC,IT,0.0,Ineligible / Not Applicable,,9.0,4.0,1,58.0,0.0
ITC,IT,5.0,Ineligible / Not Applicable,,8.0,3.0,0,42.0,0.0
ITG,IT,3.3333333333333335,Valid Party Vote,1.0,2.0,4.0,0,31.0,4.0
ITF,IT,6.0,Valid Party Vote,1.0,2.0,2.0,0,41.0,4.0
ITC,IT,3.6666666666666665,Ineligible / Not Applicable,,1.0,1.0,1,87.0,0.0
ITI,IT,5.333333333333333,Refuse to Say,,4.0,4.0,1,51.0,0.0
ITH,IT,2.0,Valid Party Vote,0.0,2.0,5.0,1,50.0,0.0
ITI,IT,3.3333333333333335,Ineligible / Not Applicable,,2.0,4.0,0,38.0,0.0
ITC,IT,4.666666666666667,Ineligible / Not Applicable,,6.0,4.0,1,48.0,0.0
ITC,IT,3.6666666666666665,Ineligible / Not Applicable,,4.0,2.0,1,86.0,0.0
ITG,IT,6.0,Refuse to Say,,6.0,4.0,0,52.0,4.0
ITG,IT,2.3333333333333335,Refuse to Say,,0.0,6.0,1,39.0,4.0
ITF,IT,4.666666666666667,Ineligible / Not Applicable,,5.0,2.0,1,42.0,4.0
ITH,IT,4.0,Valid Party Vote,1.0,2.0,5.0,0,54.0,0.0
ITI,IT,3.6666666666666665,Ineligible / Not Applicable,,1.0,2.0,1,73.0,0.0
ITF,IT,4.666666666666667,Valid Party Vote,0.0,3.0,2.0,0,59.0,4.0
ITI,IT,5.333333333333333,Valid Party Vote,0.0,3.0,1.0,0,82.0,0.0
ITC,IT,1.3333333333333333,Valid Party Vote,1.0,4.0,2.0,1,72.0,0.0
ITH,IT,2.0,Ineligible / Not Applicable,,3.0,1.0,1,51.0,0.0
ITC,IT,7.0,Ineligible / Not Applicable,,4.0,1.0,0,82.0,0.0
ITC,IT,3.3333333333333335,Ineligible / Not Applicable,,5.0,7.0,1,62.0,0.0
ITI,IT,6.666666666666667,Ineligible / Not Applicable,,5.0,1.0,1,81.0,0.0
ITG,IT,0.0,Ineligible / Not Applicable,,5.0,2.0,1,20.0,4.0
ITH,IT,6.333333333333333,Valid Party Vote,1.0,0.0,,0,50.0,0.0
ITF,IT,0.0,Refuse to Say,,10.0,3.0,0,39.0,4.0
ITC,IT,5.666666666666667,Ineligible / Not Applicable,,5.0,2.0,1,17.0,0.0
ITF,IT,2.6666666666666665,Valid Party Vote,0.0,6.0,2.0,1,58.0,4.0
ITH,IT,4.0,Refuse to Say,,2.0,6.0,0,35.0,0.0
ITC,IT,5.666666666666667,Refuse to Say,,3.0,4.0,1,50.0,0.0
ITC,IT,6.0,Valid Party Vote,1.0,5.0,4.0,0,37.0,0.0
ITF,IT,4.0,Valid Party Vote,0.0,6.0,3.0,0,38.0,4.0
ITF,IT,4.666666666666667,Valid Party Vote,0.0,6.0,2.0,1,77.0,4.0
ITG,IT,4.666666666666667,Refuse to Say,,0.0,4.0,1,44.0,4.0
ITF,IT,4.666666666666667,Ineligible / Not Applicable,,5.0,2.0,1,69.0,4.0
ITC,IT,2.6666666666666665,Valid Party Vote,0.0,8.0,2.0,1,75.0,0.0
ITC,IT,4.0,Ineligible / Not Applicable,,6.0,5.0,0,24.0,0.0
ITI,IT,6.666666666666667,Ineligible / Not Applicable,,5.0,7.0,0,,0.0
ITI,IT,5.666666666666667,Ineligible / Not Applicable,,6.0,7.0,1,41.0,0.0
ITG,IT,3.3333333333333335,Valid Party Vote,0.0,8.0,4.0,1,24.0,4.0
ITI,IT,4.0,Ineligible / Not Applicable,,4.0,1.0,1,82.0,0.0
ITI,IT,5.666666666666667,Ineligible / Not Applicable,,8.0,2.0,1,29.0,0.0
ITI,IT,3.6666666666666665,Ineligible / Not Applicable,,8.0,2.0,1,64.0,0.0
ITF,IT,2.3333333333333335,Refuse to Say,,4.0,2.0,0,53.0,4.0
ITG,IT,0.0,Ineligible / Not Applicable,,2.0,,1,,4.0
ITG,IT,2.5,Ineligible / Not Applicable,,0.0,,0,70.0,4.0
ITF,IT,0.6666666666666666,Refuse to Say,,3.0,1.0,0,75.0,4.0
ITI,IT,7.0,Ineligible / Not Applicable,,6.0,4.0,0,45.0,0.0
ITH,IT,3.5,Ineligible / Not Applicable,,8.0,4.0,0,35.0,0.0
ITG,IT,3.6666666666666665,Valid Party Vote,0.0,5.0,4.0,0,30.0,4.0
ITF,IT,7.666666666666667,Valid Party Vote,0.0,6.0,5.0,0,23.0,4.0
ITH,IT,6.333333333333333,Valid Party Vote,0.0,5.0,4.0,1,56.0,0.0
ITC,IT,3.6666666666666665,Ineligible / Not Applicable,,4.0,3.0,1,16.0,0.0
ITG,IT,5.666666666666667,Valid Party Vote,0.0,10.0,4.0,1,50.0,4.0
ITG,IT,1.6666666666666667,Ineligible / Not Applicable,,8.0,2.0,0,21.0,4.0
ITH,IT,4.333333333333333,Valid Party Vote,0.0,8.0,7.0,1,50.0,0.0
ITI,IT,7.333333333333333,Ineligible / Not Applicable,,6.0,2.0,0,,0.0
ITI,IT,5.0,Ineligible / Not Applicable,,5.0,4.0,0,31.0,0.0
ITF,IT,4.0,Ineligible / Not Applicable,,4.0,4.0,1,34.0,4.0
ITI,IT,5.666666666666667,Valid Party Vote,1.0,1.0,4.0,1,57.0,0.0
ITC,IT,6.333333333333333,Ineligible / Not Applicable,,5.0,6.0,1,26.0,0.0
ITH,IT,3.6666666666666665,Refuse to Say,,5.0,1.0,0,82.0,0.0
ITH,IT,4.0,Valid Party Vote,0.0,7.0,6.0,0,28.0,0.0
ITF,IT,6.666666666666667,Valid Party Vote,0.0,4.0,4.0,0,54.0,4.0
ITF,IT,3.0,Valid Party Vote,0.0,6.0,2.0,1,80.0,4.0
ITH,IT,5.333333333333333,Refuse to Say,,4.0,2.0,0,71.0,0.0
ITC,IT,3.0,Valid Party Vote,0.0,3.0,2.0,0,64.0,0.0
ITG,IT,5.0,Refuse to Say,,5.0,2.0,0,70.0,4.0
ITG,IT,3.0,Refuse to Say,,3.0,4.0,1,78.0,4.0
ITC,IT,2.6666666666666665,Refuse to Say,,2.0,1.0,0,56.0,0.0
ITC,IT,6.666666666666667,Valid Party Vote,0.0,2.0,6.0,1,29.0,0.0
ITH,IT,3.6666666666666665,Ineligible / Not Applicable,,6.0,4.0,0,21.0,0.0
ITC,IT,4.0,Valid Party Vote,1.0,4.0,4.0,0,56.0,0.0
ITC,IT,6.0,Valid Party Vote,1.0,6.0,4.0,1,60.0,0.0
ITF,IT,3.3333333333333335,Valid Party Vote,1.0,0.0,2.0,0,64.0,4.0
ITC,IT,3.3333333333333335,Ineligible / Not Applicable,,2.0,2.0,1,19.0,0.0
ITC,IT,6.333333333333333,Valid Party Vote,0.0,6.0,7.0,1,25.0,0.0
ITH,IT,7.0,Valid Party Vote,1.0,5.0,2.0,0,74.0,0.0
ITI,IT,3.0,Valid Party Vote,0.0,8.0,4.0,1,31.0,0.0
ITF,IT,4.0,Refuse to Say,,5.0,7.0,1,50.0,4.0
ITI,IT,2.6666666666666665,Ineligible / Not Applicable,,4.0,2.0,0,60.0,0.0
ITC,IT,1.0,Refuse to Say,,6.0,3.0,0,71.0,0.0
ITC,IT,2.3333333333333335,Valid Party Vote,1.0,5.0,2.0,1,70.0,0.0
ITF,IT,5.333333333333333,Valid Party Vote,0.0,6.0,3.0,1,64.0,4.0
ITI,IT,5.0,Ineligible / Not Applicable,,6.0,2.0,1,,0.0
ITF,IT,4.666666666666667,Ineligible / Not Applicable,,9.0,2.0,1,16.0,4.0
ITC,IT,3.0,Ineligible / Not Applicable,,5.0,7.0,0,49.0,0.0
ITH,IT,6.666666666666667,Valid Party Vote,0.0,6.0,3.0,1,68.0,0.0
ITC,IT,6.0,Valid Party Vote,0.0,7.0,4.0,1,54.0,0.0
ITC,IT,6.333333333333333,Valid Party Vote,0.0,6.0,7.0,1,50.0,0.0
ITC,IT,3.6666666666666665,Ineligible / Not Applicable,,8.0,4.0,0,35.0,0.0
ITC,IT,1.0,Refuse to Say,,5.0,4.0,1,64.0,0.0
ITC,IT,6.0,Ineligible / Not Applicable,,6.0,4.0,1,39.0,0.0
ITC,IT,5.666666666666667,Valid Party Vote,1.0,1.0,2.0,1,63.0,0.0
ITI,IT,6.0,Valid Party Vote,1.0,4.0,2.0,1,76.0,0.0
ITH,IT,4.666666666666667,Ineligible / Not Applicable,,6.0,1.0,0,77.0,0.0
ITH,IT,3.3333333333333335,Valid Party Vote,0.0,3.0,2.0,0,69.0,0.0
ITC,IT,5.666666666666667,Valid Party Vote,0.0,7.0,4.0,1,77.0,0.0
ITC,IT,3.0,Ineligible / Not Applicable,,5.0,2.0,0,51.0,0.0
ITI,IT,2.0,Ineligible / Not Applicable,,4.0,4.0,0,45.0,0.0
ITF,IT,5.666666666666667,Refuse to Say,,2.0,1.0,0,84.0,4.0
ITH,IT,5.333333333333333,Refuse to Say,,6.0,7.0,1,55.0,0.0
ITI,IT,2.6666666666666665,Ineligible / Not Applicable,,3.0,2.0,0,65.0,0.0
ITI,IT,4.333333333333333,Valid Party Vote,0.0,9.0,7.0,0,26.0,0.0
ITC,IT,2.6666666666666665,Valid Party Vote,1.0,2.0,3.0,0,22.0,0.0
ITC,IT,3.3333333333333335,Valid Party Vote,1.0,5.0,4.0,0,31.0,0.0
ITI,IT,6.666666666666667,Valid Party Vote,0.0,4.0,7.0,0,57.0,0.0
ITG,IT,2.3333333333333335,Ineligible / Not Applicable,,1.0,2.0,1,76.0,4.0
ITF,IT,3.0,Valid Party Vote,1.0,5.0,4.0,1,44.0,4.0
ITH,IT,2.3333333333333335,Ineligible / Not Applicable,,9.0,2.0,0,16.0,0.0
ITH,IT,6.333333333333333,Ineligible / Not Applicable,,7.0,2.0,1,37.0,0.0
ITC,IT,0.6666666666666666,Valid Party Vote,1.0,1.0,7.0,1,39.0,0.0
ITF,IT,1.3333333333333333,Don't Know,,0.0,2.0,1,50.0,4.0
ITI,IT,8.666666666666666,Valid Party Vote,0.0,4.0,1.0,1,78.0,0.0
ITF,IT,4.666666666666667,Refuse to Say,,6.0,1.0,0,77.0,4.0
ITI,IT,6.0,Valid Party Vote,1.0,4.0,7.0,1,45.0,0.0
ITF,IT,3.3333333333333335,Valid Party Vote,0.0,5.0,1.0,1,63.0,4.0
ITH,IT,5.0,Don't Know,,7.0,4.0,0,60.0,0.0
ITC,IT,,Ineligible / Not Applicable,,8.0,2.0,0,36.0,0.0
ITC,IT,2.3333333333333335,Valid Party Vote,0.0,7.0,3.0,0,61.0,0.0
ITH,IT,5.666666666666667,Valid Party Vote,0.0,6.0,2.0,0,35.0,0.0
ITC,IT,6.0,Ineligible / Not Applicable,,2.0,2.0,1,23.0,0.0
ITC,IT,6.0,Valid Party Vote,0.0,7.0,4.0,1,75.0,0.0
ITF,IT,3.3333333333333335,Valid Party Vote,0.0,8.0,2.0,0,66.0,4.0
ITF,IT,6.333333333333333,Ineligible / Not Applicable,,4.0,6.0,0,78.0,4.0
ITI,IT,5.0,Valid Party Vote,0.0,8.0,4.0,0,53.0,0.0
ITC,IT,7.0,Refuse to Say,,5.0,7.0,0,25.0,0.0
ITF,IT,5.333333333333333,Valid Party Vote,0.0,7.0,4.0,0,42.0,4.0
ITH,IT,7.0,Ineligible / Not Applicable,,1.0,2.0,0,16.0,0.0
ITC,IT,2.6666666666666665,Valid Party Vote,0.0,0.0,2.0,0,60.0,0.0
ITC,IT,5.666666666666667,Valid Party Vote,1.0,4.0,2.0,0,56.0,0.0
ITI,IT,6.666666666666667,Valid Party Vote,0.0,2.0,2.0,0,72.0,0.0
ITH,IT,2.6666666666666665,Ineligible / Not Applicable,,8.0,4.0,0,43.0,0.0
ITF,IT,2.0,Valid Party Vote,1.0,7.0,4.0,0,20.0,4.0
ITF,IT,7.0,Ineligible / Not Applicable,,3.0,2.0,1,19.0,4.0
ITI,IT,3.6666666666666665,Ineligible / Not Applicable,,4.0,2.0,1,83.0,0.0
ITH,IT,4.666666666666667,Valid Party Vote,0.0,5.0,5.0,1,45.0,0.0
ITI,IT,4.333333333333333,Valid Party Vote,0.0,7.0,5.0,0,42.0,0.0
ITH,IT,10.0,Ineligible / Not Applicable,,0.0,1.0,1,84.0,0.0
ITC,IT,0.6666666666666666,Refuse to Say,,5.0,3.0,0,80.0,0.0
ITI,IT,7.666666666666667,Valid Party Vote,0.0,7.0,7.0,0,,0.0
ITH,IT,7.0,Valid Party Vote,1.0,7.0,2.0,0,46.0,0.0
ITF,IT,5.666666666666667,Valid Party Vote,1.0,5.0,2.0,0,60.0,4.0
ITC,IT,10.0,Ineligible / Not Applicable,,4.0,1.0,1,82.0,0.0
ITI,IT,7.0,Valid Party Vote,1.0,0.0,2.0,0,75.0,0.0
ITF,IT,3.0,Refuse to Say,,3.0,2.0,1,54.0,4.0
ITF,IT,,Refuse to Say,,,5.0,0,33.0,4.0
ITF,IT,6.333333333333333,Ineligible / Not Applicable,,5.0,4.0,1,31.0,4.0
ITH,IT,6.0,Ineligible / Not Applicable,,7.0,2.0,0,16.0,0.0
ITI,IT,3.6666666666666665,Ineligible / Not Applicable,,1.0,2.0,0,38.0,0.0
ITC,IT,7.333333333333333,Ineligible / Not Applicable,,6.0,2.0,0,21.0,0.0
ITI,IT,5.333333333333333,Ineligible / Not Applicable,,2.0,2.0,0,73.0,0.0
ITH,IT,5.5,Refuse to Say,,5.0,5.0,0,31.0,0.0
ITC,IT,5.333333333333333,Ineligible / Not Applicable,,7.0,4.0,0,20.0,0.0
ITI,IT,4.666666666666667,Ineligible / Not Applicable,,5.0,4.0,1,61.0,0.0
ITC,IT,1.0,Refuse to Say,,0.0,1.0,1,62.0,0.0
ITC,IT,5.666666666666667,Valid Party Vote,1.0,7.0,2.0,0,38.0,0.0
ITI,IT,7.0,Ineligible / Not Applicable,,7.0,7.0,1,59.0,0.0
ITF,IT,7.666666666666667,Refuse to Say,,0.0,4.0,0,60.0,4.0
ITI,IT,4.0,Ineligible / Not Applicable,,6.0,6.0,1,38.0,0.0
ITI,IT,1.3333333333333333,Ineligible / Not Applicable,,6.0,6.0,1,40.0,0.0
ITC,IT,4.333333333333333,Valid Party Vote,1.0,2.0,4.0,1,42.0,0.0
ITF,IT,4.666666666666667,Valid Party Vote,0.0,6.0,4.0,1,29.0,4.0
ITC,IT,7.0,Valid Party Vote,1.0,5.0,1.0,1,85.0,0.0
ITI,IT,4.666666666666667,Ineligible / Not Applicable,,2.0,4.0,0,19.0,0.0
ITC,IT,4.333333333333333,Refuse to Say,,6.0,2.0,0,59.0,0.0
ITH,IT,1.3333333333333333,Valid Party Vote,1.0,2.0,2.0,1,16.0,0.0
ITC,IT,0.0,Refuse to Say,,4.0,7.0,0,64.0,0.0
ITC,IT,6.666666666666667,Valid Party Vote,1.0,3.0,4.0,1,28.0,0.0
ITC,IT,3.0,Ineligible / Not Applicable,,4.0,1.0,1,86.0,0.0
ITG,IT,3.3333333333333335,Ineligible / Not Applicable,,10.0,2.0,0,54.0,4.0
ITH,IT,4.333333333333333,Valid Party Vote,1.0,0.0,7.0,0,55.0,0.0
ITF,IT,4.666666666666667,Ineligible / Not Applicable,,5.0,3.0,1,58.0,4.0
ITF,IT,1.6666666666666667,Refuse to Say,,5.0,4.0,0,64.0,4.0
ITH,IT,3.6666666666666665,Valid Party Vote,0.0,9.0,2.0,0,69.0,0.0
ITH,IT,7.666666666666667,Valid Party Vote,0.0,8.0,2.0,0,76.0,0.0
ITC,IT,2.6666666666666665,Valid Party Vote,1.0,2.0,7.0,1,68.0,0.0
ITI,IT,5.666666666666667,Ineligible / Not Applicable,,4.0,2.0,1,78.0,0.0
ITC,IT,4.333333333333333,Valid Party Vote,1.0,0.0,2.0,1,60.0,0.0
ITC,IT,5.0,Refuse to Say,,5.0,2.0,1,79.0,0.0
ITF,IT,5.333333333333333,Valid Party Vote,1.0,6.0,2.0,1,60.0,4.0
ITC,IT,5.0,Ineligible / Not Applicable,,8.0,3.0,1,36.0,0.0
ITI,IT,6.333333333333333,Valid Party Vote,0.0,6.0,7.0,0,69.0,0.0
ITC,IT,4.666666666666667,Valid Party Vote,1.0,5.0,3.0,0,33.0,0.0
ITC,IT,6.0,Valid Party Vote,0.0,5.0,3.0,0,57.0,0.0
ITF,IT,2.3333333333333335,Refuse to Say,,1.0,2.0,1,72.0,4.0
ITF,IT,1.6666666666666667,Don't Know,,3.0,1.0,1,55.0,4.0
ITH,IT,6.0,Valid Party Vote,1.0,1.0,2.0,0,73.0,0.0
ITH,IT,6.666666666666667,Refuse to Say,,6.0,7.0,0,51.0,0.0
ITC,IT,5.666666666666667,Ineligible / Not Applicable,,5.0,4.0,0,21.0,0.0
ITI,IT,5.666666666666667,Valid Party Vote,1.0,4.0,6.0,1,57.0,0.0
ITI,IT,6.0,Valid Party Vote,1.0,2.0,4.0,0,44.0,0.0
ITF,IT,0.0,Valid Party Vote,0.0,7.0,4.0,0,28.0,4.0
ITF,IT,6.333333333333333,Refuse to Say,,5.0,7.0,1,35.0,4.0
ITC,IT,5.5,Ineligible / Not Applicable,,,2.0,1,63.0,0.0
ITC,IT,3.3333333333333335,Valid Party Vote,1.0,4.0,2.0,0,70.0,0.0
ITC,IT,2.0,Refuse to Say,,6.0,3.0,1,55.0,0.0
ITF,IT,6.666666666666667,Valid Party Vote,1.0,6.0,4.0,1,20.0,4.0
ITG,IT,4.0,Ineligible / Not Applicable,,5.0,2.0,0,64.0,4.0
ITC,IT,6.0,Valid Party Vote,1.0,3.0,5.0,1,63.0,0.0
ITF,IT,3.6666666666666665,Ineligible / Not Applicable,,5.0,2.0,0,86.0,4.0
ITG,IT,2.0,Valid Party Vote,0.0,5.0,2.0,0,74.0,4.0
ITC,IT,3.6666666666666665,Ineligible / Not Applicable,,6.0,6.0,0,31.0,0.0
ITC,IT,4.333333333333333,Ineligible / Not Applicable,,3.0,4.0,1,23.0,0.0
ITC,IT,4.333333333333333,Valid Party Vote,0.0,2.0,4.0,1,28.0,0.0
ITF,IT,2.0,Valid Party Vote,0.0,3.0,2.0,0,30.0,4.0
ITC,IT,3.3333333333333335,Valid Party Vote,0.0,5.0,2.0,1,75.0,0.0
ITF,IT,9.0,Ineligible / Not Applicable,,9.0,,1,42.0,4.0
ITH,IT,6.0,Valid Party Vote,0.0,2.0,7.0,1,28.0,0.0
ITF,IT,4.0,Refuse to Say,,5.0,7.0,0,57.0,4.0
ITF,IT,1.6666666666666667,Ineligible / Not Applicable,,2.0,1.0,0,82.0,4.0
ITF,IT,3.0,Ineligible / Not Applicable,,6.0,2.0,0,47.0,4.0
ITH,IT,3.0,Valid Party Vote,0.0,4.0,2.0,1,61.0,0.0
ITI,IT,7.0,Ineligible / Not Applicable,,5.0,2.0,0,42.0,0.0
ITH,IT,5.0,Valid Party Vote,0.0,1.0,4.0,1,52.0,0.0
ITF,IT,6.666666666666667,Valid Party Vote,0.0,,2.0,0,35.0,4.0
ITF,IT,1.3333333333333333,Ineligible / Not Applicable,,3.0,2.0,0,56.0,4.0
ITI,IT,2.3333333333333335,Valid Party Vote,0.0,5.0,4.0,0,64.0,0.0
ITG,IT,3.3333333333333335,Ineligible / Not Applicable,,,1.0,1,71.0,4.0
ITC,IT,6.0,Refuse to Say,,5.0,3.0,0,75.0,0.0
ITG,IT,6.0,Refuse to Say,,0.0,4.0,1,62.0,4.0
ITC,IT,5.333333333333333,Valid Party Vote,0.0,6.0,4.0,0,62.0,0.0
ITH,IT,2.6666666666666665,Ineligible / Not Applicable,,5.0,4.0,1,30.0,0.0
ITF,IT,5.666666666666667,Ineligible / Not Applicable,,5.0,1.0,0,86.0,4.0
ITC,IT,1.6666666666666667,Ineligible / Not Applicable,,0.0,4.0,1,60.0,0.0
ITF,IT,4.666666666666667,Ineligible / Not Applicable,,6.0,1.0,1,38.0,4.0
ITC,IT,1.3333333333333333,Refuse to Say,,1.0,2.0,1,58.0,0.0
ITI,IT,5.333333333333333,Ineligible / Not Applicable,,4.0,2.0,0,17.0,0.0
ITH,IT,6.0,Valid Party Vote,0.0,6.0,7.0,1,57.0,0.0
ITC,IT,6.333333333333333,Valid Party Vote,0.0,6.0,4.0,0,53.0,0.0
ITF,IT,7.333333333333333,Ineligible / Not Applicable,,4.0,4.0,0,23.0,4.0
ITI,IT,3.6666666666666665,Ineligible / Not Applicable,,6.0,2.0,1,74.0,0.0
ITH,IT,3.0,Ineligible / Not Applicable,,1.0,7.0,0,39.0,0.0
ITI,IT,6.0,Ineligible / Not Applicable,,7.0,7.0,1,53.0,0.0
ITC,IT,4.333333333333333,Valid Party Vote,1.0,3.0,2.0,0,67.0,0.0
ITG,IT,5.0,Ineligible / Not Applicable,,3.0,4.0,0,51.0,4.0
ITF,IT,4.666666666666667,Ineligible / Not Applicable,,0.0,1.0,0,78.0,4.0
ITC,IT,2.6666666666666665,Valid Party Vote,1.0,2.0,3.0,0,69.0,0.0
ITI,IT,1.5,Refuse to Say,,3.0,4.0,0,21.0,0.0
ITI,IT,6.0,Valid Party Vote,0.0,7.0,7.0,0,42.0,0.0
ITH,IT,5.333333333333333,Valid Party Vote,1.0,7.0,4.0,1,43.0,0.0
ITF,IT,6.666666666666667,Valid Party Vote,0.0,0.0,4.0,0,47.0,4.0
ITF,IT,1.6666666666666667,Refuse to Say,,4.0,4.0,1,20.0,4.0
ITI,IT,4.0,Valid Party Vote,1.0,3.0,2.0,0,61.0,0.0
ITI,IT,7.666666666666667,Valid Party Vote,0.0,7.0,4.0,0,24.0,0.0
ITI,IT,6.333333333333333,Valid Party Vote,0.0,6.0,7.0,0,33.0,0.0
ITF,IT,1.0,Ineligible / Not Applicable,,5.0,3.0,0,75.0,4.0
ITF,IT,0.6666666666666666,Valid Party Vote,0.0,8.0,4.0,0,60.0,4.0
ITH,IT,5.666666666666667,Valid Party Vote,0.0,7.0,2.0,0,73.0,0.0
ITC,IT,,Ineligible / Not Applicable,,8.0,3.0,0,20.0,0.0
ITC,IT,5.333333333333333,Valid Party Vote,0.0,6.0,4.0,1,60.0,0.0
ITG,IT,4.666666666666667,Refuse to Say,,6.0,7.0,0,57.0,4.0
ITH,IT,5.0,Valid Party Vote,1.0,5.0,7.0,1,51.0,0.0
ITC,IT,2.0,Ineligible / Not Applicable,,0.0,2.0,1,74.0,0.0
ITG,IT,5.666666666666667,Ineligible / Not Applicable,,0.0,2.0,0,89.0,4.0
ITC,IT,6.0,Ineligible / Not Applicable,,6.0,2.0,0,53.0,0.0
ITC,IT,4.333333333333333,Valid Party Vote,1.0,0.0,2.0,1,72.0,0.0
ITC,IT,5.0,Refuse to Say,,8.0,7.0,1,32.0,0.0
ITG,IT,5.666666666666667,Refuse to Say,,4.0,4.0,0,60.0,4.0
ITI,IT,6.666666666666667,Refuse to Say,,8.0,7.0,0,43.0,0.0
ITH,IT,5.0,Valid Party Vote,0.0,5.0,2.0,0,67.0,0.0
ITH,IT,5.666666666666667,Valid Party Vote,0.0,6.0,4.0,0,33.0,0.0
ITI,IT,4.333333333333333,Valid Party Vote,0.0,9.0,4.0,0,24.0,0.0
ITF,IT,0.6666666666666666,Don't Know,,5.0,7.0,1,42.0,4.0
ITC,IT,5.333333333333333,Valid Party Vote,1.0,1.0,4.0,1,74.0,0.0
ITF,IT,5.666666666666667,Valid Party Vote,1.0,1.0,1.0,1,69.0,4.0
ITH,IT,2.6666666666666665,Valid Party Vote,0.0,5.0,7.0,1,56.0,0.0
ITI,IT,7.0,Valid Party Vote,0.0,5.0,7.0,0,41.0,0.0
ITI,IT,6.333333333333333,Valid Party Vote,1.0,3.0,2.0,0,78.0,0.0
ITF,IT,0.6666666666666666,Ineligible / Not Applicable,,,1.0,1,87.0,4.0
ITH,IT,4.666666666666667,Valid Party Vote,0.0,7.0,7.0,1,46.0,0.0
ITC,IT,10.0,Ineligible / Not Applicable,,4.0,4.0,0,41.0,0.0
ITI,IT,2.0,Ineligible / Not Applicable,,7.0,7.0,0,63.0,0.0
ITG,IT,2.0,Refuse to Say,,5.0,4.0,0,60.0,4.0
ITI,IT,4.333333333333333,Valid Party Vote,0.0,6.0,4.0,1,,0.0
ITI,IT,5.333333333333333,Ineligible / Not Applicable,,4.0,1.0,1,90.0,0.0
ITH,IT,4.666666666666667,Ineligible / Not Applicable,,4.0,2.0,0,43.0,0.0
ITC,IT,7.0,Refuse to Say,,5.0,7.0,0,65.0,0.0
ITI,IT,4.0,Valid Party Vote,0.0,6.0,2.0,0,72.0,0.0
ITC,IT,5.0,Valid Party Vote,1.0,2.0,2.0,1,73.0,0.0
ITG,IT,0.0,Refuse to Say,,0.0,6.0,1,27.0,4.0
ITC,IT,2.0,Refuse to Say,,6.0,2.0,0,34.0,0.0
ITH,IT,5.0,Ineligible / Not Applicable,,8.0,2.0,0,36.0,0.0
ITC,IT,0.0,Ineligible / Not Applicable,,2.0,2.0,1,77.0,0.0
ITC,IT,6.0,Ineligible / Not Applicable,,5.0,2.0,1,17.0,0.0
ITF,IT,3.6666666666666665,Refuse to Say,,3.0,5.0,0,24.0,4.0
ITF,IT,5.333333333333333,Valid Party Vote,1.0,4.0,2.0,1,75.0,4.0
ITC,IT,5.333333333333333,Refuse to Say,,5.0,4.0,1,33.0,0.0
ITI,IT,8.333333333333334,Ineligible / Not Applicable,,10.0,2.0,1,38.0,0.0
ITF,IT,3.0,Valid Party Vote,1.0,1.0,4.0,0,43.0,4.0
ITC,IT,5.333333333333333,Ineligible / Not Applicable,,6.0,2.0,1,42.0,0.0
ITH,IT,3.6666666666666665,Refuse to Say,,9.0,7.0,1,29.0,0.0
ITH,IT,1.0,Ineligible / Not Applicable,,0.0,4.0,1,69.0,0.0
ITH,IT,7.666666666666667,Valid Party Vote,0.0,3.0,3.0,0,66.0,0.0
ITF,IT,4.666666666666667,Ineligible / Not Applicable,,6.0,1.0,1,45.0,4.0
ITC,IT,1.0,Ineligible / Not Applicable,,2.0,2.0,0,38.0,0.0
ITH,IT,2.6666666666666665,Ineligible / Not Applicable,,0.0,2.0,1,18.0,0.0
ITH,IT,4.666666666666667,Valid Party Vote,0.0,5.0,4.0,1,67.0,0.0
ITF,IT,7.333333333333333,Don't Know,,5.0,3.0,1,27.0,4.0
ITC,IT,5.333333333333333,Ineligible / Not Applicable,,0.0,1.0,1,90.0,0.0
ITC,IT,6.0,Ineligible / Not Applicable,,5.0,2.0,1,51.0,0.0
ITF,IT,6.333333333333333,Refuse to Say,,,4.0,0,72.0,4.0
ITG,IT,5.0,Ineligible / Not Applicable,,5.0,2.0,1,68.0,4.0
ITC,IT,3.3333333333333335,Valid Party Vote,1.0,5.0,1.0,0,82.0,0.0
ITC,IT,5.0,Valid Party Vote,1.0,5.0,1.0,1,84.0,0.0
ITI,IT,2.3333333333333335,Refuse to Say,,0.0,4.0,0,50.0,0.0
ITG,IT,1.0,Ineligible / Not Applicable,,,7.0,1,87.0,4.0
ITG,IT,4.666666666666667,Valid Party Vote,0.0,6.0,2.0,1,58.0,4.0
ITG,IT,3.3333333333333335,Ineligible / Not Applicable,,4.0,2.0,1,59.0,4.0
ITC,IT,4.666666666666667,Ineligible / Not Applicable,,0.0,4.0,1,21.0,0.0
ITF,IT,5.0,Refuse to Say,,1.0,4.0,1,56.0,4.0
ITI,IT,7.333333333333333,Valid Party Vote,0.0,7.0,4.0,0,65.0,0.0
ITC,IT,8.333333333333334,Ineligible / Not Applicable,,8.0,6.0,1,46.0,0.0
ITG,IT,3.6666666666666665,Ineligible / Not Applicable,,5.0,4.0,1,33.0,4.0
ITH,IT,2.6666666666666665,Valid Party Vote,1.0,5.0,2.0,1,70.0,0.0
ITH,IT,7.666666666666667,Refuse to Say,,10.0,4.0,1,49.0,0.0
ITF,IT,0.3333333333333333,Refuse to Say,,,4.0,1,25.0,4.0
ITF,IT,2.0,Refuse to Say,,2.0,2.0,1,61.0,4.0
ITH,IT,2.5,Ineligible / Not Applicable,,2.0,1.0,1,90.0,0.0
ITF,IT,3.6666666666666665,Valid Party Vote,0.0,5.0,7.0,1,32.0,4.0
ITC,IT,5.0,Ineligible / Not Applicable,,8.0,2.0,0,46.0,0.0
ITC,IT,3.0,Ineligible / Not Applicable,,5.0,2.0,0,68.0,0.0
ITC,IT,0.3333333333333333,Refuse to Say,,5.0,4.0,1,59.0,0.0
ITH,IT,0.0,Ineligible / Not Applicable,,2.0,4.0,0,21.0,0.0
ITI,IT,5.0,Ineligible / Not Applicable,,4.0,2.0,0,34.0,0.0
ITH,IT,4.0,Valid Party Vote,0.0,6.0,7.0,1,27.0,0.0
ITH,IT,6.0,Refuse to Say,,,2.0,1,86.0,0.0
ITC,IT,6.666666666666667,Valid Party Vote,0.0,4.0,4.0,0,37.0,0.0
ITF,IT,2.3333333333333335,Ineligible / Not Applicable,,8.0,6.0,1,23.0,4.0
ITG,IT,1.6666666666666667,Valid Party Vote,0.0,9.0,2.0,1,65.0,4.0
ITF,IT,4.666666666666667,Ineligible / Not Applicable,,3.0,4.0,0,75.0,4.0
ITG,IT,5.333333333333333,Valid Party Vote,1.0,1.0,4.0,0,68.0,4.0
ITI,IT,3.0,Ineligible / Not Applicable,,6.0,2.0,0,17.0,0.0
ITG,IT,6.0,Refuse to Say,,0.0,2.0,0,61.0,4.0
ITH,IT,4.0,Ineligible / Not Applicable,,5.0,2.0,0,17.0,0.0
ITH,IT,2.0,Ineligible / Not Applicable,,1.0,2.0,1,63.0,0.0
ITI,IT,6.0,Ineligible / Not Applicable,,5.0,2.0,0,,0.0
ITH,IT,5.0,Valid Party Vote,0.0,5.0,4.0,0,73.0,0.0
ITG,IT,1.6666666666666667,Valid Party Vote,1.0,4.0,2.0,1,78.0,4.0
ITC,IT,0.3333333333333333,Ineligible / Not Applicable,,0.0,5.0,1,82.0,0.0
ITF,IT,3.3333333333333335,Valid Party Vote,0.0,5.0,2.0,0,34.0,4.0
ITG,IT,3.0,Ineligible / Not Applicable,,3.0,4.0,0,54.0,4.0
ITC,IT,0.0,Refuse to Say,,5.0,7.0,1,77.0,0.0
ITH,IT,4.0,Valid Party Vote,1.0,4.0,4.0,0,20.0,0.0
ITF,IT,3.3333333333333335,Refuse to Say,,4.0,1.0,0,70.0,4.0
ITC,IT,7.0,Valid Party Vote,0.0,8.0,2.0,1,85.0,0.0
ITF,IT,5.666666666666667,Ineligible / Not Applicable,,5.0,7.0,1,45.0,4.0
ITH,IT,6.0,Refuse to Say,,5.0,7.0,1,35.0,0.0
ITC,IT,3.6666666666666665,Refuse to Say,,0.0,2.0,1,81.0,0.0
ITG,IT,5.333333333333333,Refuse to Say,,4.0,4.0,1,39.0,4.0
ITC,IT,7.333333333333333,Refuse to Say,,2.0,1.0,0,73.0,0.0
ITF,IT,3.3333333333333335,Ineligible / Not Applicable,,7.0,2.0,1,66.0,4.0
ITC,IT,1.6666666666666667,Ineligible / Not Applicable,,8.0,2.0,0,58.0,0.0
ITF,IT,2.0,Refuse to Say,,4.0,4.0,1,27.0,4.0
ITI,IT,3.0,Ineligible / Not Applicable,,4.0,4.0,1,51.0,0.0
ITH,IT,1.6666666666666667,Refuse to Say,,0.0,4.0,1,69.0,0.0
ITC,IT,5.333333333333333,Ineligible / Not Applicable,,2.0,4.0,1,57.0,0.0
ITI,IT,6.0,Ineligible / Not Applicable,,2.0,2.0,1,74.0,0.0
ITI,IT,4.666666666666667,Valid Party Vote,0.0,8.0,7.0,1,40.0,0.0
ITH,IT,4.666666666666667,Refuse to Say,,7.0,4.0,0,42.0,0.0
ITI,IT,7.333333333333333,Valid Party Vote,1.0,1.0,4.0,0,51.0,0.0
ITF,IT,5.0,Valid Party Vote,1.0,0.0,4.0,1,73.0,4.0
ITF,IT,4.666666666666667,Valid Party Vote,0.0,5.0,2.0,0,52.0,4.0
ITH,IT,4.333333333333333,Valid Party Vote,0.0,4.0,2.0,1,54.0,0.0
ITC,IT,2.6666666666666665,Ineligible / Not Applicable,,1.0,4.0,1,52.0,0.0
ITI,IT,8.0,Ineligible / Not Applicable,,8.0,1.0,1,88.0,0.0
ITC,IT,7.5,Refuse to Say,,7.0,1.0,0,37.0,0.0
ITF,IT,4.333333333333333,Refuse to Say,,4.0,2.0,0,77.0,4.0
ITC,IT,5.666666666666667,Ineligible / Not Applicable,,2.0,7.0,1,39.0,0.0
ITH,IT,6.0,Ineligible / Not Applicable,,1.0,4.0,1,65.0,0.0
ITF,IT,5.666666666666667,Ineligible / Not Applicable,,5.0,2.0,1,16.0,4.0
ITH,IT,4.0,Ineligible / Not Applicable,,7.0,4.0,1,35.0,0.0
ITG,IT,3.6666666666666665,Valid Party Vote,0.0,9.0,2.0,1,52.0,4.0
ITF,IT,2.6666666666666665,Valid Party Vote,0.0,10.0,2.0,0,56.0,4.0
ITC,IT,4.333333333333333,Refuse to Say,,5.0,3.0,0,64.0,0.0
ITC,IT,6.333333333333333,Refuse to Say,,7.0,3.0,0,57.0,0.0
ITF,IT,7.333333333333333,Valid Party Vote,0.0,8.0,7.0,0,44.0,4.0
ITC,IT,4.666666666666667,Refuse to Say,,5.0,6.0,1,56.0,0.0
ITF,IT,6.0,Refuse to Say,,4.0,2.0,0,66.0,4.0
ITI,IT,2.0,Valid Party Vote,0.0,2.0,4.0,0,47.0,0.0
ITF,IT,1.0,Refuse to Say,,6.0,1.0,0,79.0,4.0
ITH,IT,4.0,Valid Party Vote,1.0,0.0,6.0,1,62.0,0.0
ITC,IT,5.333333333333333,Ineligible / Not Applicable,,8.0,6.0,0,29.0,0.0
ITC,IT,0.3333333333333333,Ineligible / Not Applicable,,5.0,2.0,0,19.0,0.0
ITF,IT,6.0,Valid Party Vote,0.0,5.0,4.0,1,74.0,4.0
ITI,IT,6.0,Ineligible / Not Applicable,,2.0,1.0,1,85.0,0.0
ITF,IT,5.0,Ineligible / Not Applicable,,1.0,1.0,1,65.0,4.0
ITG,IT,4.0,Ineligible / Not Applicable,,5.0,2.0,0,19.0,4.0
ITF,IT,3.6666666666666665,Refuse to Say,,,4.0,0,70.0,4.0
ITG,IT,3.6666666666666665,Valid Party Vote,0.0,4.0,2.0,1,63.0,4.0
ITF,IT,6.0,Ineligible / Not Applicable,,3.0,2.0,1,50.0,4.0
ITC,IT,2.3333333333333335,Valid Party Vote,1.0,3.0,2.0,0,64.0,0.0
ITI,IT,5.333333333333333,Valid Party Vote,1.0,4.0,2.0,1,72.0,0.0
ITH,IT,3.0,Ineligible / Not Applicable,,2.0,3.0,1,44.0,0.0
ITI,IT,6.0,Valid Party Vote,1.0,3.0,4.0,1,68.0,0.0
ITC,IT,6.666666666666667,Valid Party Vote,1.0,3.0,7.0,0,68.0,0.0
ITH,IT,4.0,Ineligible / Not Applicable,,7.0,6.0,0,25.0,0.0
ITC,IT,5.0,Refuse to Say,,5.0,7.0,1,26.0,0.0
ITF,IT,0.6666666666666666,Refuse to Say,,7.0,4.0,1,23.0,4.0
ITC,IT,7.333333333333333,Valid Party Vote,0.0,6.0,7.0,1,69.0,0.0
ITH,IT,4.666666666666667,Valid Party Vote,1.0,5.0,4.0,0,45.0,0.0
ITI,IT,4.666666666666667,Valid Party Vote,0.0,6.0,2.0,1,51.0,0.0
ITF,IT,4.0,Ineligible / Not Applicable,,4.0,4.0,0,20.0,4.0
ITC,IT,4.666666666666667,Refuse to Say,,5.0,4.0,0,63.0,0.0
ITF,IT,5.333333333333333,Valid Party Vote,0.0,0.0,2.0,1,62.0,4.0
ITH,IT,3.3333333333333335,Valid Party Vote,0.0,5.0,4.0,0,57.0,0.0
ITC,IT,1.6666666666666667,Refuse to Say,,5.0,3.0,1,35.0,0.0
ITH,IT,4.333333333333333,Valid Party Vote,1.0,3.0,4.0,1,52.0,0.0
PL7,PL,2.6666666666666665,Valid Party Vote,0.0,6.0,7.0,0,29.0,3.0
PL8,PL,2.5,Valid Party Vote,0.0,7.0,7.0,0,68.0,3.0
PL7,PL,1.6666666666666667,Valid Party Vote,0.0,5.0,4.0,0,68.0,3.0
PL6,PL,6.0,Ineligible / Not Applicable,,,2.0,1,17.0,3.0
ITC,IT,4.666666666666667,Valid Party Vote,1.0,2.0,7.0,1,75.0,0.0
ITI,IT,7.666666666666667,Valid Party Vote,0.0,5.0,4.0,1,54.0,0.0
ITC,IT,5.666666666666667,Ineligible / Not Applicable,,4.0,4.0,0,56.0,0.0
ITH,IT,4.666666666666667,Valid Party Vote,0.0,6.0,3.0,1,65.0,0.0
ITC,IT,,Ineligible / Not Applicable,,8.0,2.0,0,53.0,0.0
ITI,IT,6.0,Ineligible / Not Applicable,,6.0,3.0,1,49.0,0.0
ITC,IT,3.3333333333333335,Ineligible / Not Applicable,,3.0,1.0,0,74.0,0.0
ITF,IT,6.0,Valid Party Vote,0.0,0.0,1.0,1,62.0,4.0
ITH,IT,5.666666666666667,Valid Party Vote,0.0,4.0,4.0,1,75.0,0.0
ITH,IT,5.333333333333333,Ineligible / Not Applicable,,3.0,7.0,0,52.0,0.0
ITC,IT,6.666666666666667,Valid Party Vote,1.0,4.0,4.0,1,46.0,0.0
ITC,IT,4.0,Valid Party Vote,0.0,6.0,4.0,0,59.0,0.0
ITG,IT,4.666666666666667,Valid Party Vote,0.0,5.0,7.0,1,40.0,4.0
ITC,IT,2.3333333333333335,Valid Party Vote,0.0,6.0,4.0,0,67.0,0.0
ITH,IT,3.0,Valid Party Vote,1.0,2.0,2.0,0,72.0,0.0
ITC,IT,4.666666666666667,Ineligible / Not Applicable,,5.0,6.0,0,41.0,0.0
ITF,IT,2.3333333333333335,Valid Party Vote,0.0,5.0,4.0,0,45.0,4.0
ITC,IT,2.6666666666666665,Valid Party Vote,1.0,0.0,4.0,1,30.0,0.0
ITI,IT,5.666666666666667,Ineligible / Not Applicable,,7.0,3.0,0,20.0,0.0
ITI,IT,4.0,Valid Party Vote,1.0,4.0,1.0,0,72.0,0.0
ITC,IT,2.6666666666666665,Valid Party Vote,0.0,5.0,4.0,1,44.0,0.0
ITH,IT,4.0,Ineligible / Not Applicable,,5.0,4.0,1,26.0,0.0
ITF,IT,6.666666666666667,Valid Party Vote,0.0,5.0,7.0,0,75.0,4.0
ITF,IT,2.0,Ineligible / Not Applicable,,2.0,4.0,0,42.0,4.0
ITF,IT,6.0,Ineligible / Not Applicable,,5.0,2.0,0,41.0,4.0
ITI,IT,7.0,Valid Party Vote,0.0,10.0,4.0,1,48.0,0.0
ITH,IT,2.3333333333333335,Valid Party Vote,0.0,3.0,5.0,0,33.0,0.0
ITH,IT,5.333333333333333,Valid Party Vote,0.0,5.0,4.0,0,51.0,0.0
ITC,IT,8.0,Refuse to Say,,5.0,4.0,1,37.0,0.0
ITC,IT,1.6666666666666667,Don't Know,,0.0,7.0,0,71.0,0.0
ITG,IT,5.333333333333333,Valid Party Vote,0.0,4.0,4.0,0,42.0,4.0
ITC,IT,2.6666666666666665,Valid Party Vote,1.0,4.0,4.0,0,54.0,0.0
ITF,IT,,Ineligible / Not Applicable,,8.0,2.0,1,18.0,4.0
ITH,IT,4.666666666666667,Valid Party Vote,0.0,3.0,7.0,1,50.0,0.0
ITF,IT,1.6666666666666667,Refuse to Say,,3.0,5.0,0,73.0,4.0
ITH,IT,6.333333333333333,Ineligible / Not Applicable,,7.0,4.0,1,39.0,0.0
ITC,IT,4.0,Ineligible / Not Applicable,,4.0,3.0,0,40.0,0.0
ITI,IT,5.0,Valid Party Vote,0.0,7.0,6.0,1,27.0,0.0
ITG,IT,2.6666666666666665,Valid Party Vote,0.0,2.0,2.0,1,,4.0
ITF,IT,1.3333333333333333,Refuse to Say,,5.0,1.0,0,71.0,4.0
ITC,IT,2.6666666666666665,Refuse to Say,,0.0,2.0,0,79.0,0.0
ITH,IT,5.333333333333333,Valid Party Vote,0.0,5.0,2.0,0,70.0,0.0
ITF,IT,0.0,Ineligible / Not Applicable,,10.0,5.0,0,20.0,4.0
ITG,IT,5.666666666666667,Refuse to Say,,0.0,2.0,1,81.0,4.0
ITH,IT,6.333333333333333,Valid Party Vote,0.0,7.0,7.0,1,53.0,0.0
ITC,IT,5.333333333333333,Ineligible / Not Applicable,,7.0,6.0,0,33.0,0.0
ITI,IT,4.333333333333333,Ineligible / Not Applicable,,3.0,3.0,1,51.0,0.0
ITH,IT,5.0,Refuse to Say,,6.0,7.0,0,45.0,0.0
ITI,IT,4.666666666666667,Ineligible / Not Applicable,,6.0,7.0,0,60.0,0.0
ITH,IT,4.666666666666667,Valid Party Vote,1.0,4.0,4.0,0,66.0,0.0
ITF,IT,0.0,Ineligible / Not Applicable,,6.0,4.0,1,48.0,4.0
ITC,IT,6.0,Valid Party Vote,0.0,10.0,7.0,1,29.0,0.0
ITC,IT,5.333333333333333,Refuse to Say,,4.0,2.0,1,71.0,0.0
ITI,IT,5.333333333333333,Valid Party Vote,1.0,4.0,4.0,1,50.0,0.0
ITC,IT,5.0,Ineligible / Not Applicable,,7.0,1.0,0,34.0,0.0
ITI,IT,3.6666666666666665,Refuse to Say,,,4.0,1,37.0,0.0
ITF,IT,3.6666666666666665,Refuse to Say,,5.0,5.0,0,22.0,4.0
ITI,IT,5.0,Valid Party Vote,1.0,4.0,2.0,1,73.0,0.0
ITF,IT,3.0,Ineligible / Not Applicable,,3.0,2.0,1,50.0,4.0
ITI,IT,5.666666666666667,Valid Party Vote,1.0,1.0,2.0,0,73.0,0.0
ITH,IT,1.3333333333333333,No Answer / System Missing,,5.0,1.0,1,82.0,0.0
ITF,IT,6.333333333333333,Don't Know,,4.0,4.0,1,45.0,4.0
ITC,IT,1.0,Refuse to Say,,3.0,3.0,0,79.0,0.0
ITI,IT,6.666666666666667,Ineligible / Not Applicable,,7.0,3.0,0,35.0,0.0
ITI,IT,4.333333333333333,Valid Party Vote,0.0,2.0,4.0,1,51.0,0.0
ITI,IT,5.333333333333333,Valid Party Vote,1.0,3.0,2.0,1,69.0,0.0
ITH,IT,4.666666666666667,Refuse to Say,,8.0,2.0,0,74.0,0.0
ITF,IT,1.0,Ineligible / Not Applicable,,,,0,67.0,4.0
ITC,IT,0.0,Refuse to Say,,5.0,3.0,1,57.0,0.0
ITC,IT,4.0,Ineligible / Not Applicable,,4.0,3.0,1,43.0,0.0
ITF,IT,1.6666666666666667,Valid Party Vote,0.0,3.0,4.0,0,39.0,4.0
ITH,IT,0.0,Ineligible / Not Applicable,,7.0,2.0,1,90.0,0.0
ITG,IT,4.0,Ineligible / Not Applicable,,5.0,2.0,1,80.0,4.0
ITC,IT,2.3333333333333335,Refuse to Say,,7.0,4.0,0,39.0,0.0
ITG,IT,0.0,Ineligible / Not Applicable,,0.0,2.0,1,72.0,4.0
ITH,IT,4.0,Valid Party Vote,0.0,5.0,4.0,1,58.0,0.0
ITC,IT,5.666666666666667,Valid Party Vote,1.0,3.0,6.0,1,41.0,0.0
ITF,IT,6.0,Valid Party Vote,0.0,3.0,2.0,1,64.0,4.0
ITI,IT,4.333333333333333,Ineligible / Not Applicable,,3.0,1.0,1,75.0,0.0
ITF,IT,5.666666666666667,Valid Party Vote,1.0,5.0,2.0,0,76.0,4.0
ITG,IT,3.0,Ineligible / Not Applicable,,3.0,1.0,0,88.0,4.0
ITH,IT,5.333333333333333,Valid Party Vote,0.0,5.0,4.0,1,46.0,0.0
ITF,IT,4.333333333333333,Refuse to Say,,3.0,7.0,0,31.0,4.0
ITI,IT,4.0,Ineligible / Not Applicable,,6.0,2.0,0,80.0,0.0
ITC,IT,4.333333333333333,Refuse to Say,,4.0,4.0,0,49.0,0.0
ITF,IT,4.0,Refuse to Say,,2.0,5.0,0,67.0,4.0
ITC,IT,6.333333333333333,Valid Party Vote,1.0,5.0,2.0,1,66.0,0.0
ITC,IT,1.3333333333333333,Ineligible / Not Applicable,,5.0,7.0,1,85.0,0.0
ITF,IT,6.666666666666667,Valid Party Vote,1.0,5.0,2.0,1,50.0,4.0
ITC,IT,7.0,Refuse to Say,,5.0,4.0,1,27.0,0.0
ITH,IT,3.3333333333333335,Ineligible / Not Applicable,,1.0,1.0,0,73.0,0.0
ITI,IT,3.3333333333333335,Valid Party Vote,0.0,7.0,4.0,0,34.0,0.0
ITC,IT,0.0,Refuse to Say,,5.0,4.0,0,24.0,0.0
ITI,IT,8.666666666666666,Ineligible / Not Applicable,,2.0,1.0,0,87.0,0.0
ITC,IT,4.333333333333333,Ineligible / Not Applicable,,0.0,3.0,1,28.0,0.0
ITI,IT,5.0,Valid Party Vote,0.0,7.0,4.0,0,66.0,0.0
ITG,IT,5.666666666666667,Valid Party Vote,1.0,5.0,4.0,0,23.0,4.0
ITC,IT,3.6666666666666665,Ineligible / Not Applicable,,5.0,2.0,0,66.0,0.0
ITC,IT,4.666666666666667,Valid Party Vote,1.0,6.0,4.0,1,56.0,0.0
ITC,IT,6.333333333333333,Valid Party Vote,1.0,4.0,2.0,1,73.0,0.0
ITI,IT,5.666666666666667,Valid Party Vote,1.0,6.0,4.0,0,51.0,0.0
ITC,IT,8.0,Refuse to Say,,3.0,2.0,0,76.0,0.0
ITC,IT,7.0,Valid Party Vote,0.0,3.0,4.0,0,55.0,0.0
ITF,IT,2.5,Ineligible / Not Applicable,,5.0,1.0,1,77.0,4.0
ITI,IT,5.0,Valid Party Vote,0.0,4.0,2.0,0,77.0,0.0
ITI,IT,6.0,Ineligible / Not Applicable,,5.0,6.0,1,30.0,0.0
ITG,IT,3.6666666666666665,Ineligible / Not Applicable,,4.0,1.0,1,81.0,4.0
ITH,IT,5.333333333333333,Valid Party Vote,0.0,5.0,4.0,0,73.0,0.0
ITG,IT,3.6666666666666665,Refuse to Say,,4.0,2.0,1,54.0,4.0
ITH,IT,4.333333333333333,Valid Party Vote,0.0,6.0,6.0,1,22.0,0.0
ITF,IT,5.0,Ineligible / Not Applicable,,2.0,2.0,0,35.0,4.0
PL9,PL,5.666666666666667,Refuse to Say,,5.0,7.0,1,54.0,3.0
PL8,PL,5.666666666666667,Valid Party Vote,0.0,5.0,7.0,1,31.0,3.0
PL2,PL,0.6666666666666666,Valid Party Vote,1.0,5.0,2.0,1,69.0,3.0
PL8,PL,7.666666666666667,Valid Party Vote,0.0,7.0,4.0,0,47.0,3.0
PL9,PL,0.0,Valid Party Vote,0.0,5.0,2.0,0,71.0,3.0
ITG,IT,7.333333333333333,Valid Party Vote,1.0,8.0,4.0,1,25.0,4.0
ITF,IT,6.0,Valid Party Vote,1.0,4.0,2.0,1,81.0,4.0
ITH,IT,4.333333333333333,Valid Party Vote,1.0,1.0,3.0,1,37.0,0.0
ITC,IT,0.6666666666666666,Refuse to Say,,5.0,4.0,0,73.0,0.0
ITI,IT,7.666666666666667,Ineligible / Not Applicable,,5.0,3.0,0,,0.0
ITC,IT,3.0,Ineligible / Not Applicable,,4.0,1.0,1,87.0,0.0
ITC,IT,7.333333333333333,Refuse to Say,,0.0,2.0,1,57.0,0.0
ITI,IT,4.0,Don't Know,,4.0,4.0,0,71.0,0.0
ITI,IT,8.0,Valid Party Vote,0.0,7.0,4.0,1,54.0,0.0
ITC,IT,1.6666666666666667,Valid Party Vote,1.0,2.0,2.0,0,64.0,0.0
ITI,IT,4.666666666666667,Valid Party Vote,1.0,4.0,2.0,0,72.0,0.0
ITC,IT,6.666666666666667,Valid Party Vote,0.0,7.0,4.0,0,43.0,0.0
ITC,IT,5.0,Ineligible / Not Applicable,,5.0,3.0,1,18.0,0.0
ITC,IT,4.666666666666667,Ineligible / Not Applicable,,5.0,1.0,0,90.0,0.0
ITH,IT,7.666666666666667,Valid Party Vote,0.0,5.0,4.0,0,21.0,0.0
ITI,IT,4.666666666666667,Valid Party Vote,0.0,7.0,4.0,0,64.0,0.0
ITC,IT,4.666666666666667,Valid Party Vote,0.0,6.0,4.0,1,35.0,0.0
ITF,IT,5.0,Refuse to Say,,7.0,4.0,0,23.0,4.0
ITF,IT,0.0,Valid Party Vote,0.0,2.0,4.0,1,28.0,4.0
ITC,IT,2.6666666666666665,Valid Party Vote,1.0,5.0,1.0,0,78.0,0.0
ITF,IT,4.0,Ineligible / Not Applicable,,5.0,2.0,1,18.0,4.0
ITI,IT,2.3333333333333335,Ineligible / Not Applicable,,6.0,2.0,0,44.0,0.0
ITI,IT,1.6666666666666667,Ineligible / Not Applicable,,1.0,5.0,0,41.0,0.0
ITG,IT,4.0,Ineligible / Not Applicable,,5.0,4.0,1,31.0,4.0
ITF,IT,3.3333333333333335,Ineligible / Not Applicable,,5.0,2.0,0,46.0,4.0
ITF,IT,2.0,Refuse to Say,,3.0,2.0,1,43.0,4.0
ITF,IT,0.6666666666666666,Valid Party Vote,0.0,4.0,1.0,0,82.0,4.0
ITC,IT,1.0,Refuse to Say,,5.0,3.0,1,64.0,0.0
ITF,IT,5.333333333333333,Valid Party Vote,0.0,8.0,5.0,1,35.0,4.0
ITC,IT,6.333333333333333,Ineligible / Not Applicable,,7.0,4.0,1,34.0,0.0
ITC,IT,6.0,Valid Party Vote,1.0,0.0,4.0,1,20.0,0.0
ITC,IT,6.333333333333333,Valid Party Vote,1.0,5.0,5.0,1,26.0,0.0
ITI,IT,5.0,Refuse to Say,,1.0,2.0,0,84.0,0.0
ITI,IT,5.0,Ineligible / Not Applicable,,3.0,4.0,0,63.0,0.0
ITG,IT,1.6666666666666667,Ineligible / Not Applicable,,5.0,1.0,1,82.0,4.0
ITC,IT,6.666666666666667,Valid Party Vote,0.0,6.0,6.0,0,50.0,0.0
ITG,IT,0.0,Refuse to Say,,,,1,,4.0
ITH,IT,3.6666666666666665,Ineligible / Not Applicable,,8.0,1.0,1,15.0,0.0
ITC,IT,6.0,Valid Party Vote,1.0,4.0,7.0,0,49.0,0.0
ITC,IT,5.666666666666667,Refuse to Say,,8.0,3.0,0,67.0,0.0
ITH,IT,6.0,Valid Party Vote,1.0,0.0,2.0,1,81.0,0.0
ITC,IT,,Ineligible / Not Applicable,,8.0,3.0,1,45.0,0.0
ITC,IT,3.3333333333333335,Valid Party Vote,1.0,1.0,4.0,1,39.0,0.0
ITF,IT,0.0,Valid Party Vote,0.0,1.0,2.0,0,69.0,4.0
ITI,IT,6.333333333333333,Ineligible / Not Applicable,,7.0,3.0,1,44.0,0.0
ITI,IT,1.3333333333333333,Ineligible / Not Applicable,,2.0,4.0,0,48.0,0.0
ITH,IT,4.0,Valid Party Vote,0.0,5.0,2.0,0,62.0,0.0
ITF,IT,5.0,Ineligible / Not Applicable,,8.0,1.0,1,90.0,4.0
ITC,IT,4.666666666666667,Ineligible / Not Applicable,,7.0,6.0,0,32.0,0.0
ITG,IT,3.0,Ineligible / Not Applicable,,,,0,38.0,4.0
ITC,IT,3.0,Ineligible / Not Applicable,,3.0,4.0,1,62.0,0.0
ITH,IT,0.0,Valid Party Vote,1.0,3.0,2.0,1,61.0,0.0
ITF,IT,8.666666666666666,Ineligible / Not Applicable,,5.0,4.0,1,21.0,4.0
ITC,IT,5.333333333333333,Valid Party Vote,0.0,3.0,3.0,0,68.0,0.0
ITF,IT,5.666666666666667,Refuse to Say,,5.0,7.0,1,59.0,4.0
ITG,IT,2.6666666666666665,Ineligible / Not Applicable,,4.0,4.0,1,39.0,4.0
ITF,IT,3.3333333333333335,Ineligible / Not Applicable,,0.0,2.0,1,64.0,4.0
ITC,IT,1.0,Refuse to Say,,5.0,4.0,1,62.0,0.0
ITC,IT,5.0,Ineligible / Not Applicable,,,4.0,1,60.0,0.0
ITI,IT,3.0,Ineligible / Not Applicable,,5.0,4.0,0,29.0,0.0
ITF,IT,5.333333333333333,Valid Party Vote,0.0,8.0,5.0,0,63.0,4.0
ITG,IT,4.666666666666667,Valid Party Vote,0.0,7.0,2.0,1,43.0,4.0
ITC,IT,7.666666666666667,Valid Party Vote,1.0,6.0,2.0,1,55.0,0.0
ITF,IT,6.0,Valid Party Vote,0.0,3.0,2.0,1,67.0,4.0
ITF,IT,3.0,Ineligible / Not Applicable,,7.0,2.0,0,66.0,4.0
ITF,IT,1.6666666666666667,Ineligible / Not Applicable,,8.0,4.0,1,52.0,4.0
ITG,IT,2.6666666666666665,Valid Party Vote,1.0,5.0,2.0,0,49.0,4.0
ITF,IT,4.333333333333333,Valid Party Vote,0.0,1.0,1.0,1,71.0,4.0
ITG,IT,1.6666666666666667,Ineligible / Not Applicable,,7.0,4.0,1,33.0,4.0
ITF,IT,5.666666666666667,Don't Know,,5.0,2.0,1,24.0,4.0
ITC,IT,7.333333333333333,Valid Party Vote,1.0,2.0,6.0,0,32.0,0.0
ITC,IT,4.0,Valid Party Vote,0.0,6.0,4.0,0,86.0,0.0
ITI,IT,9.0,Refuse to Say,,9.0,4.0,0,74.0,0.0
ITC,IT,7.666666666666667,Valid Party Vote,0.0,7.0,4.0,1,38.0,0.0
ITF,IT,0.6666666666666666,Ineligible / Not Applicable,,0.0,2.0,1,38.0,4.0
ITI,IT,6.333333333333333,Ineligible / Not Applicable,,6.0,2.0,0,64.0,0.0
ITC,IT,0.6666666666666666,Ineligible / Not Applicable,,2.0,4.0,1,45.0,0.0
ITH,IT,6.0,Valid Party Vote,0.0,5.0,4.0,1,70.0,0.0
ITI,IT,0.6666666666666666,Ineligible / Not Applicable,,7.0,2.0,1,56.0,0.0
ITH,IT,5.0,Ineligible / Not Applicable,,5.0,1.0,1,82.0,0.0
ITI,IT,2.6666666666666665,Refuse to Say,,3.0,2.0,0,78.0,0.0
ITF,IT,2.6666666666666665,Ineligible / Not Applicable,,5.0,3.0,0,48.0,4.0
ITC,IT,5.0,Refuse to Say,,5.0,4.0,0,23.0,0.0
ITC,IT,0.0,Refuse to Say,,5.0,5.0,0,75.0,0.0
ITF,IT,4.666666666666667,Valid Party Vote,0.0,3.0,1.0,0,70.0,4.0
ITC,IT,4.333333333333333,Valid Party Vote,1.0,5.0,4.0,1,33.0,0.0
ITI,IT,4.666666666666667,Refuse to Say,,4.0,4.0,0,59.0,0.0
ITC,IT,7.0,Valid Party Vote,0.0,2.0,4.0,1,78.0,0.0
ITC,IT,7.0,Valid Party Vote,0.0,,,1,26.0,0.0
ITC,IT,2.0,Valid Party Vote,1.0,4.0,4.0,1,21.0,0.0
ITF,IT,5.0,Ineligible / Not Applicable,,5.0,4.0,0,48.0,4.0
ITC,IT,7.0,Valid Party Vote,0.0,9.0,4.0,0,54.0,0.0
ITC,IT,5.0,Refuse to Say,,2.0,3.0,0,34.0,0.0
ITI,IT,4.666666666666667,Valid Party Vote,0.0,5.0,2.0,1,61.0,0.0
ITC,IT,3.6666666666666665,Ineligible / Not Applicable,,0.0,1.0,0,81.0,0.0
ITI,IT,5.666666666666667,Valid Party Vote,1.0,4.0,4.0,0,35.0,0.0
ITI,IT,6.0,Valid Party Vote,1.0,4.0,2.0,1,62.0,0.0
ITI,IT,4.666666666666667,Ineligible / Not Applicable,,3.0,1.0,1,74.0,0.0
ITI,IT,5.0,Valid Party Vote,1.0,3.0,7.0,1,58.0,0.0
ITI,IT,5.333333333333333,Valid Party Vote,1.0,3.0,3.0,0,35.0,0.0
ITF,IT,1.0,Refuse to Say,,2.0,4.0,1,43.0,4.0
ITF,IT,4.333333333333333,Valid Party Vote,0.0,4.0,2.0,0,71.0,4.0
ITC,IT,7.0,Valid Party Vote,0.0,0.0,1.0,1,81.0,0.0
ITF,IT,1.6666666666666667,Valid Party Vote,0.0,7.0,7.0,1,35.0,4.0
ITH,IT,3.3333333333333335,Valid Party Vote,0.0,7.0,4.0,1,21.0,0.0
PL4,PL,3.0,Valid Party Vote,1.0,,2.0,1,84.0,3.0
PL5,PL,0.6666666666666666,Valid Party Vote,1.0,5.0,3.0,1,43.0,3.0
PL4,PL,5.666666666666667,Valid Party Vote,0.0,,4.0,1,39.0,3.0
PL6,PL,6.0,Valid Party Vote,0.0,6.0,3.0,0,23.0,3.0
PL9,PL,5.0,Valid Party Vote,1.0,5.0,6.0,0,60.0,3.0
PL9,PL,4.0,Valid Party Vote,0.0,9.0,7.0,0,27.0,3.0
PL7,PL,5.0,Refuse to Say,,2.0,3.0,0,53.0,3.0
PL4,PL,1.0,Valid Party Vote,1.0,3.0,2.0,0,45.0,3.0
PL2,PL,4.333333333333333,Valid Party Vote,1.0,5.0,2.0,1,76.0,3.0
PL4,PL,4.0,Valid Party Vote,0.0,5.0,5.0,1,80.0,3.0
PL4,PL,1.0,Ineligible / Not Applicable,,4.0,2.0,0,74.0,3.0
PL2,PL,4.0,Valid Party Vote,0.0,5.0,7.0,0,34.0,3.0
PL4,PL,5.0,Valid Party Vote,1.0,5.0,7.0,1,45.0,3.0
PL7,PL,4.0,Valid Party Vote,1.0,4.0,7.0,1,40.0,3.0
PL5,PL,2.3333333333333335,Valid Party Vote,1.0,4.0,7.0,0,57.0,3.0
PL4,PL,2.0,Valid Party Vote,1.0,5.0,2.0,0,67.0,3.0
PL6,PL,5.0,Valid Party Vote,1.0,6.0,7.0,1,37.0,3.0
PL7,PL,2.3333333333333335,Valid Party Vote,0.0,6.0,4.0,0,75.0,3.0
PL6,PL,2.3333333333333335,Valid Party Vote,0.0,9.0,2.0,0,37.0,3.0
PL4,PL,2.5,Valid Party Vote,0.0,8.0,4.0,1,48.0,3.0
PL4,PL,5.0,Valid Party Vote,1.0,6.0,3.0,0,77.0,3.0
PL4,PL,3.3333333333333335,Valid Party Vote,0.0,5.0,2.0,1,52.0,3.0
PL2,PL,0.6666666666666666,Ineligible / Not Applicable,,5.0,2.0,1,16.0,3.0
PL9,PL,4.0,Valid Party Vote,0.0,3.0,2.0,0,60.0,3.0
PL9,PL,4.333333333333333,Valid Party Vote,0.0,4.0,4.0,1,62.0,3.0
PL9,PL,3.6666666666666665,Valid Party Vote,0.0,5.0,7.0,0,52.0,3.0
PL4,PL,4.333333333333333,Valid Party Vote,1.0,5.0,4.0,0,41.0,3.0
PL7,PL,0.6666666666666666,Refuse to Say,,2.0,2.0,0,40.0,3.0
PL2,PL,5.333333333333333,Valid Party Vote,0.0,7.0,4.0,1,43.0,3.0
PL4,PL,4.666666666666667,Valid Party Vote,0.0,3.0,7.0,1,78.0,3.0
PL9,PL,1.6666666666666667,Valid Party Vote,0.0,5.0,7.0,1,71.0,3.0
PL8,PL,2.6666666666666665,Valid Party Vote,0.0,3.0,7.0,1,33.0,3.0
PL7,PL,2.0,Refuse to Say,,5.0,4.0,1,66.0,3.0
PL4,PL,0.6666666666666666,Valid Party Vote,1.0,8.0,7.0,1,41.0,3.0
PL8,PL,5.666666666666667,Valid Party Vote,0.0,6.0,5.0,0,45.0,3.0
PL7,PL,5.666666666666667,Valid Party Vote,1.0,2.0,2.0,1,38.0,3.0
PL6,PL,7.0,Valid Party Vote,0.0,4.0,7.0,1,50.0,3.0
PL9,PL,4.333333333333333,Valid Party Vote,1.0,7.0,3.0,0,49.0,3.0
PL8,PL,3.0,Valid Party Vote,0.0,9.0,3.0,0,39.0,3.0
PL7,PL,7.0,Ineligible / Not Applicable,,6.0,4.0,1,,3.0
PL4,PL,2.6666666666666665,Ineligible / Not Applicable,,,4.0,0,40.0,3.0
PL4,PL,5.0,Ineligible / Not Applicable,,8.0,6.0,1,85.0,3.0
PL7,PL,4.0,Ineligible / Not Applicable,,4.0,2.0,0,53.0,3.0
PL7,PL,2.3333333333333335,Valid Party Vote,0.0,7.0,4.0,1,24.0,3.0
PL2,PL,2.6666666666666665,Valid Party Vote,0.0,5.0,2.0,0,19.0,3.0
PL8,PL,5.666666666666667,Valid Party Vote,1.0,5.0,2.0,0,65.0,3.0
PL7,PL,3.0,Valid Party Vote,0.0,6.0,7.0,1,50.0,3.0
PL7,PL,1.6666666666666667,Ineligible / Not Applicable,,8.0,3.0,1,40.0,3.0
PL2,PL,5.0,Valid Party Vote,0.0,5.0,3.0,1,35.0,3.0
PL4,PL,1.6666666666666667,Ineligible / Not Applicable,,0.0,2.0,0,26.0,3.0
PL7,PL,2.3333333333333335,Valid Party Vote,0.0,6.0,4.0,0,23.0,3.0
PL2,PL,6.666666666666667,Valid Party Vote,0.0,7.0,4.0,0,22.0,3.0
PL5,PL,4.333333333333333,Valid Party Vote,1.0,5.0,7.0,0,43.0,3.0
PL4,PL,0.6666666666666666,Ineligible / Not Applicable,,,2.0,1,16.0,3.0
PL9,PL,0.3333333333333333,Valid Party Vote,0.0,5.0,4.0,0,68.0,3.0
PL2,PL,4.333333333333333,Valid Party Vote,0.0,5.0,6.0,1,26.0,3.0
PL6,PL,1.3333333333333333,Valid Party Vote,1.0,6.0,2.0,1,58.0,3.0
PL8,PL,1.6666666666666667,Valid Party Vote,0.0,3.0,6.0,1,52.0,3.0
PL9,PL,3.3333333333333335,Refuse to Say,,3.0,2.0,0,57.0,3.0
PL7,PL,2.3333333333333335,Valid Party Vote,0.0,7.0,2.0,1,68.0,3.0
PL5,PL,5.666666666666667,Valid Party Vote,0.0,5.0,7.0,1,60.0,3.0
PL7,PL,2.6666666666666665,Valid Party Vote,0.0,2.0,7.0,1,30.0,3.0
PL7,PL,4.666666666666667,Ineligible / Not Applicable,,7.0,7.0,0,64.0,3.0
PL2,PL,6.333333333333333,Valid Party Vote,1.0,0.0,5.0,1,38.0,3.0
PL6,PL,4.333333333333333,Valid Party Vote,0.0,8.0,4.0,1,83.0,3.0
PL8,PL,2.6666666666666665,Ineligible / Not Applicable,,7.0,4.0,0,24.0,3.0
PL5,PL,4.0,Valid Party Vote,1.0,7.0,3.0,0,61.0,3.0
PL4,PL,,Ineligible / Not Applicable,,5.0,4.0,1,83.0,3.0
PL9,PL,3.5,Valid Party Vote,0.0,5.0,7.0,0,52.0,3.0
PL8,PL,6.333333333333333,Valid Party Vote,0.0,9.0,2.0,0,69.0,3.0
PL6,PL,3.3333333333333335,Valid Party Vote,0.0,8.0,4.0,1,36.0,3.0
PL6,PL,0.0,Ineligible / Not Applicable,,3.0,5.0,1,,3.0
PL7,PL,0.0,Refuse to Say,,5.0,2.0,1,70.0,3.0
PL6,PL,5.333333333333333,Valid Party Vote,0.0,8.0,2.0,0,54.0,3.0
PL6,PL,4.0,Refuse to Say,,7.0,7.0,0,74.0,3.0
PL9,PL,2.0,Valid Party Vote,1.0,6.0,4.0,1,40.0,3.0
PL8,PL,5.333333333333333,Valid Party Vote,0.0,5.0,2.0,1,19.0,3.0
PL7,PL,5.0,Valid Party Vote,0.0,5.0,7.0,1,34.0,3.0
PL8,PL,3.0,Valid Party Vote,0.0,5.0,2.0,0,51.0,3.0
PL9,PL,5.0,Valid Party Vote,1.0,8.0,2.0,1,63.0,3.0
PL9,PL,4.333333333333333,Valid Party Vote,0.0,6.0,7.0,1,34.0,3.0
PL9,PL,0.5,Ineligible / Not Applicable,,5.0,2.0,1,75.0,3.0
PL9,PL,3.6666666666666665,Valid Party Vote,0.0,7.0,4.0,0,31.0,3.0
PL6,PL,4.0,Valid Party Vote,0.0,6.0,4.0,1,20.0,3.0
PL7,PL,1.6666666666666667,Valid Party Vote,0.0,5.0,2.0,0,19.0,3.0
PL4,PL,1.0,Valid Party Vote,1.0,7.0,2.0,1,75.0,3.0
PL6,PL,0.0,Valid Party Vote,0.0,,3.0,1,39.0,3.0
PL9,PL,2.3333333333333335,Valid Party Vote,0.0,8.0,6.0,0,30.0,3.0
PL4,PL,4.666666666666667,Valid Party Vote,0.0,8.0,4.0,0,54.0,3.0
PL9,PL,0.0,Refuse to Say,,3.0,3.0,0,34.0,3.0
PL9,PL,4.333333333333333,Ineligible / Not Applicable,,7.0,2.0,0,15.0,3.0
PL5,PL,2.6666666666666665,Valid Party Vote,1.0,10.0,2.0,0,65.0,3.0
PL4,PL,,Ineligible / Not Applicable,,,1.0,0,16.0,3.0
PL9,PL,4.666666666666667,Valid Party Vote,0.0,6.0,7.0,1,51.0,3.0
PL6,PL,1.6666666666666667,Refuse to Say,,9.0,7.0,1,42.0,3.0
PL6,PL,5.666666666666667,Ineligible / Not Applicable,,6.0,3.0,0,17.0,3.0
PL8,PL,6.666666666666667,Ineligible / Not Applicable,,5.0,3.0,0,22.0,3.0
PL2,PL,2.3333333333333335,Valid Party Vote,0.0,7.0,2.0,0,65.0,3.0
PL8,PL,1.3333333333333333,Valid Party Vote,1.0,7.0,5.0,1,29.0,3.0
PL7,PL,2.6666666666666665,Valid Party Vote,1.0,4.0,4.0,0,49.0,3.0
PL2,PL,3.0,Ineligible / Not Applicable,,7.0,4.0,1,74.0,3.0
PL2,PL,2.3333333333333335,Valid Party Vote,0.0,6.0,4.0,0,49.0,3.0
PL5,PL,0.6666666666666666,Valid Party Vote,1.0,3.0,3.0,0,33.0,3.0
PL9,PL,3.6666666666666665,Ineligible / Not Applicable,,5.0,2.0,1,15.0,3.0
PL9,PL,4.0,Valid Party Vote,0.0,7.0,6.0,0,43.0,3.0
PL6,PL,7.5,Valid Party Vote,0.0,8.0,4.0,1,63.0,3.0
PL5,PL,0.0,Valid Party Vote,0.0,8.0,2.0,1,39.0,3.0
PL4,PL,5.666666666666667,Valid Party Vote,1.0,6.0,2.0,1,56.0,3.0
PL8,PL,2.6666666666666665,Valid Party Vote,1.0,5.0,4.0,1,21.0,3.0
PL4,PL,0.0,Valid Party Vote,1.0,1.0,2.0,0,83.0,3.0
PL5,PL,1.0,Valid Party Vote,0.0,5.0,7.0,0,29.0,3.0
PL4,PL,2.6666666666666665,Ineligible / Not Applicable,,2.0,3.0,1,65.0,3.0
PL9,PL,5.666666666666667,Ineligible / Not Applicable,,,1.0,1,81.0,3.0
PL7,PL,4.0,Valid Party Vote,0.0,7.0,4.0,1,21.0,3.0
PL5,PL,2.6666666666666665,Valid Party Vote,1.0,7.0,7.0,1,45.0,3.0
PL9,PL,4.333333333333333,Valid Party Vote,0.0,2.0,6.0,1,24.0,3.0
PL9,PL,2.3333333333333335,Valid Party Vote,0.0,8.0,6.0,0,23.0,3.0
PL2,PL,2.0,Valid Party Vote,0.0,6.0,2.0,1,57.0,3.0
PL6,PL,6.666666666666667,Ineligible / Not Applicable,,7.0,4.0,1,27.0,3.0
PL4,PL,2.3333333333333335,Valid Party Vote,1.0,9.0,7.0,0,26.0,3.0
PL9,PL,6.333333333333333,Valid Party Vote,0.0,8.0,4.0,0,77.0,3.0
PL4,PL,2.3333333333333335,Ineligible / Not Applicable,,4.0,4.0,0,84.0,3.0
PL9,PL,3.6666666666666665,Valid Party Vote,0.0,0.0,7.0,0,41.0,3.0
PL6,PL,2.6666666666666665,Valid Party Vote,1.0,2.0,2.0,0,66.0,3.0
PL4,PL,5.333333333333333,Refuse to Say,,5.0,7.0,1,62.0,3.0
PL4,PL,0.6666666666666666,Valid Party Vote,1.0,5.0,4.0,0,60.0,3.0
PL6,PL,2.6666666666666665,Valid Party Vote,0.0,8.0,2.0,1,64.0,3.0
PL7,PL,4.666666666666667,Ineligible / Not Applicable,,6.0,2.0,1,16.0,3.0
PL2,PL,5.0,Valid Party Vote,1.0,7.0,4.0,0,32.0,3.0
PL9,PL,5.0,Valid Party Vote,1.0,3.0,7.0,1,28.0,3.0
PL9,PL,3.6666666666666665,Valid Party Vote,0.0,5.0,3.0,0,20.0,3.0
PL2,PL,5.0,Valid Party Vote,1.0,,2.0,0,84.0,3.0
PL8,PL,7.333333333333333,Refuse to Say,,5.0,5.0,1,61.0,3.0
PL2,PL,5.666666666666667,Valid Party Vote,1.0,8.0,3.0,0,51.0,3.0
PL9,PL,4.333333333333333,Refuse to Say,,3.0,4.0,1,40.0,3.0
PL4,PL,8.666666666666666,Valid Party Vote,1.0,2.0,3.0,1,77.0,3.0
PL2,PL,3.0,Valid Party Vote,0.0,7.0,4.0,0,58.0,3.0
PL4,PL,6.666666666666667,Valid Party Vote,1.0,3.0,4.0,0,67.0,3.0
PL9,PL,5.0,Valid Party Vote,1.0,6.0,7.0,0,77.0,3.0
PL6,PL,1.3333333333333333,Valid Party Vote,0.0,6.0,7.0,1,49.0,3.0
PL8,PL,8.333333333333334,Valid Party Vote,1.0,3.0,7.0,1,50.0,3.0
PL2,PL,6.0,Valid Party Vote,0.0,7.0,4.0,1,39.0,3.0
PL4,PL,4.333333333333333,Valid Party Vote,0.0,5.0,2.0,0,71.0,3.0
PL2,PL,8.0,Valid Party Vote,1.0,9.0,4.0,0,36.0,3.0
PL5,PL,5.666666666666667,Valid Party Vote,0.0,6.0,4.0,0,,3.0
PL4,PL,1.0,Valid Party Vote,1.0,7.0,2.0,0,75.0,3.0
PL8,PL,4.666666666666667,Refuse to Say,,8.0,2.0,1,48.0,3.0
PL7,PL,2.0,Valid Party Vote,0.0,2.0,4.0,1,62.0,3.0
PL4,PL,7.0,Ineligible / Not Applicable,,5.0,2.0,0,41.0,3.0
PL5,PL,7.0,Valid Party Vote,0.0,10.0,2.0,0,71.0,3.0
PL9,PL,0.0,Valid Party Vote,0.0,10.0,7.0,0,74.0,3.0
PL4,PL,1.3333333333333333,Ineligible / Not Applicable,,9.0,2.0,1,42.0,3.0
PL4,PL,1.6666666666666667,Ineligible / Not Applicable,,4.0,4.0,1,39.0,3.0
PL2,PL,7.0,Valid Party Vote,1.0,7.0,2.0,0,59.0,3.0
PL5,PL,1.3333333333333333,Ineligible / Not Applicable,,10.0,2.0,0,59.0,3.0
PL2,PL,6.0,Valid Party Vote,0.0,4.0,7.0,1,30.0,3.0
PL4,PL,3.0,Valid Party Vote,0.0,,7.0,0,40.0,3.0
PL8,PL,5.0,Valid Party Vote,1.0,5.0,4.0,0,47.0,3.0
PL8,PL,4.0,Valid Party Vote,1.0,2.0,6.0,1,52.0,3.0
PL4,PL,6.333333333333333,Valid Party Vote,0.0,3.0,4.0,0,35.0,3.0
PL6,PL,0.0,Ineligible / Not Applicable,,3.0,2.0,1,17.0,3.0
PL9,PL,0.0,Ineligible / Not Applicable,,5.0,2.0,0,44.0,3.0
PL5,PL,2.6666666666666665,Valid Party Vote,1.0,3.0,3.0,0,58.0,3.0
PL2,PL,3.3333333333333335,Valid Party Vote,1.0,8.0,4.0,1,33.0,3.0
PL4,PL,3.3333333333333335,Valid Party Vote,0.0,2.0,1.0,1,76.0,3.0
PL9,PL,2.0,Valid Party Vote,1.0,7.0,4.0,0,25.0,3.0
PL9,PL,5.333333333333333,Valid Party Vote,0.0,8.0,6.0,0,30.0,3.0
PL7,PL,5.0,Ineligible / Not Applicable,,6.0,6.0,1,33.0,3.0
PL8,PL,2.3333333333333335,Valid Party Vote,0.0,5.0,7.0,1,36.0,3.0
PL7,PL,3.3333333333333335,Valid Party Vote,0.0,5.0,7.0,1,64.0,3.0
PL8,PL,5.0,Refuse to Say,,5.0,3.0,1,46.0,3.0
PL6,PL,8.0,Valid Party Vote,1.0,6.0,2.0,0,64.0,3.0
PL6,PL,4.666666666666667,Valid Party Vote,1.0,1.0,3.0,0,42.0,3.0
PL9,PL,5.666666666666667,Valid Party Vote,0.0,7.0,4.0,1,50.0,3.0
PL7,PL,5.666666666666667,Ineligible / Not Applicable,,6.0,4.0,1,22.0,3.0
PL8,PL,1.6666666666666667,Ineligible / Not Applicable,,6.0,3.0,0,32.0,3.0
PL8,PL,5.0,Valid Party Vote,0.0,5.0,4.0,0,21.0,3.0
PL2,PL,5.0,Valid Party Vote,0.0,5.0,2.0,0,61.0,3.0
PL2,PL,7.666666666666667,Valid Party Vote,1.0,8.0,2.0,0,83.0,3.0
PL2,PL,2.5,Valid Party Vote,1.0,7.0,4.0,1,56.0,3.0
PL6,PL,7.333333333333333,Ineligible / Not Applicable,,5.0,2.0,0,66.0,3.0
PL9,PL,5.333333333333333,Valid Party Vote,0.0,5.0,7.0,1,70.0,3.0
PL6,PL,5.333333333333333,Valid Party Vote,0.0,8.0,4.0,1,24.0,3.0
PL6,PL,0.6666666666666666,Ineligible / Not Applicable,,7.0,3.0,1,29.0,3.0
PL7,PL,1.0,Valid Party Vote,0.0,8.0,4.0,1,73.0,3.0
PL8,PL,0.6666666666666666,Ineligible / Not Applicable,,5.0,3.0,0,29.0,3.0
PL2,PL,4.0,Valid Party Vote,0.0,5.0,2.0,0,72.0,3.0
PL2,PL,3.3333333333333335,Ineligible / Not Applicable,,4.0,2.0,1,18.0,3.0
PL6,PL,3.3333333333333335,Valid Party Vote,0.0,10.0,4.0,1,74.0,3.0
PL9,PL,1.6666666666666667,Valid Party Vote,1.0,4.0,7.0,1,36.0,3.0
PL2,PL,7.0,Valid Party Vote,0.0,6.0,6.0,0,81.0,3.0
PL6,PL,2.3333333333333335,Ineligible / Not Applicable,,5.0,2.0,0,19.0,3.0
PL4,PL,2.6666666666666665,Valid Party Vote,1.0,5.0,5.0,1,66.0,3.0
PL5,PL,4.0,Ineligible / Not Applicable,,5.0,2.0,1,17.0,3.0
PL9,PL,1.5,Valid Party Vote,1.0,4.0,3.0,0,68.0,3.0
PL7,PL,3.3333333333333335,Valid Party Vote,1.0,10.0,2.0,0,33.0,3.0
PL8,PL,3.3333333333333335,Valid Party Vote,1.0,,6.0,1,53.0,3.0
PL5,PL,6.666666666666667,Valid Party Vote,0.0,8.0,4.0,1,,3.0
PL9,PL,0.0,Valid Party Vote,1.0,5.0,3.0,0,45.0,3.0
PL8,PL,2.6666666666666665,Valid Party Vote,0.0,4.0,7.0,1,44.0,3.0
PL4,PL,5.666666666666667,Valid Party Vote,0.0,5.0,2.0,0,39.0,3.0
PL7,PL,1.6666666666666667,Ineligible / Not Applicable,,5.0,2.0,1,50.0,3.0
PL8,PL,9.0,Valid Party Vote,1.0,2.0,2.0,1,55.0,3.0
PL4,PL,3.3333333333333335,Refuse to Say,,10.0,2.0,0,67.0,3.0
PL5,PL,3.6666666666666665,Valid Party Vote,0.0,5.0,7.0,1,39.0,3.0
PL2,PL,3.0,Valid Party Vote,1.0,5.0,4.0,0,19.0,3.0
PL8,PL,5.0,Ineligible / Not Applicable,,5.0,7.0,1,37.0,3.0
PL9,PL,3.0,Valid Party Vote,0.0,,4.0,0,18.0,3.0
PL6,PL,5.0,Valid Party Vote,0.0,8.0,2.0,1,74.0,3.0
PL7,PL,5.0,Valid Party Vote,0.0,6.0,4.0,1,37.0,3.0
PL2,PL,6.333333333333333,Valid Party Vote,0.0,3.0,7.0,1,27.0,3.0
PL7,PL,4.333333333333333,Valid Party Vote,0.0,7.0,3.0,0,42.0,3.0
PL8,PL,4.666666666666667,Valid Party Vote,1.0,3.0,2.0,0,64.0,3.0
PL8,PL,2.3333333333333335,Valid Party Vote,1.0,3.0,7.0,0,39.0,3.0
PL6,PL,0.0,Valid Party Vote,0.0,5.0,4.0,1,72.0,3.0
PL9,PL,7.0,Ineligible / Not Applicable,,6.0,2.0,0,17.0,3.0
PL4,PL,0.0,Valid Party Vote,0.0,,2.0,0,52.0,3.0
PL6,PL,2.6666666666666665,Valid Party Vote,0.0,7.0,4.0,1,20.0,3.0
PL2,PL,2.6666666666666665,Valid Party Vote,1.0,2.0,2.0,0,49.0,3.0
PL8,PL,5.333333333333333,Valid Party Vote,1.0,7.0,4.0,0,24.0,3.0
PL2,PL,0.6666666666666666,Ineligible / Not Applicable,,5.0,2.0,0,57.0,3.0
PL6,PL,5.0,Valid Party Vote,0.0,9.0,4.0,0,74.0,3.0
PL8,PL,3.3333333333333335,Refuse to Say,,5.0,4.0,1,40.0,3.0
PL8,PL,4.666666666666667,Valid Party Vote,0.0,6.0,7.0,1,52.0,3.0
PL2,PL,7.666666666666667,Valid Party Vote,1.0,5.0,4.0,0,62.0,3.0
PL8,PL,6.0,Valid Party Vote,0.0,5.0,2.0,0,59.0,3.0
PL4,PL,8.0,Valid Party Vote,0.0,5.0,3.0,1,56.0,3.0
PL8,PL,3.6666666666666665,Valid Party Vote,1.0,5.0,7.0,0,72.0,3.0
PL9,PL,5.0,Valid Party Vote,0.0,5.0,7.0,1,55.0,3.0
PL2,PL,5.666666666666667,Valid Party Vote,0.0,9.0,7.0,1,33.0,3.0
PL8,PL,4.333333333333333,Valid Party Vote,0.0,5.0,7.0,1,31.0,3.0
PL7,PL,2.0,Valid Party Vote,1.0,5.0,5.0,1,46.0,3.0
PL7,PL,0.0,Ineligible / Not Applicable,,5.0,3.0,1,28.0,3.0
PL4,PL,,Refuse to Say,,8.0,7.0,1,59.0,3.0
PL9,PL,1.6666666666666667,Valid Party Vote,0.0,6.0,7.0,0,36.0,3.0
PL2,PL,5.666666666666667,Ineligible / Not Applicable,,6.0,2.0,1,63.0,3.0
PL9,PL,3.3333333333333335,Refuse to Say,,5.0,7.0,1,41.0,3.0
PL2,PL,2.6666666666666665,Ineligible / Not Applicable,,8.0,2.0,1,62.0,3.0
PL9,PL,4.666666666666667,Valid Party Vote,0.0,5.0,6.0,1,40.0,3.0
PL4,PL,0.6666666666666666,Valid Party Vote,1.0,5.0,4.0,0,62.0,3.0
PL6,PL,6.666666666666667,Ineligible / Not Applicable,,7.0,2.0,0,69.0,3.0
PL8,PL,3.0,Ineligible / Not Applicable,,4.0,2.0,0,15.0,3.0
PL2,PL,0.6666666666666666,Valid Party Vote,1.0,1.0,2.0,1,59.0,3.0
PL4,PL,4.333333333333333,Valid Party Vote,0.0,5.0,2.0,1,68.0,3.0
PL6,PL,3.0,Ineligible / Not Applicable,,5.0,2.0,1,88.0,3.0
PL5,PL,6.0,Valid Party Vote,0.0,6.0,7.0,1,27.0,3.0
PL4,PL,1.0,Valid Party Vote,1.0,6.0,2.0,0,53.0,3.0
PL4,PL,6.0,Valid Party Vote,0.0,5.0,4.0,1,58.0,3.0
PL9,PL,2.0,Ineligible / Not Applicable,,,2.0,1,74.0,3.0
PL9,PL,9.666666666666666,Valid Party Vote,1.0,4.0,7.0,0,52.0,3.0
PL9,PL,5.666666666666667,Valid Party Vote,0.0,8.0,6.0,1,80.0,3.0
PL8,PL,2.6666666666666665,Valid Party Vote,1.0,2.0,3.0,1,66.0,3.0
PL8,PL,2.3333333333333335,Valid Party Vote,0.0,5.0,5.0,1,51.0,3.0
PL2,PL,3.0,Valid Party Vote,0.0,7.0,2.0,0,53.0,3.0
PL9,PL,1.0,Valid Party Vote,1.0,5.0,3.0,1,48.0,3.0
PL6,PL,6.666666666666667,Valid Party Vote,1.0,7.0,2.0,1,58.0,3.0
PL7,PL,3.6666666666666665,Ineligible / Not Applicable,,5.0,3.0,0,26.0,3.0
PL2,PL,1.3333333333333333,Ineligible / Not Applicable,,1.0,4.0,0,24.0,3.0
PL5,PL,2.0,Valid Party Vote,1.0,2.0,2.0,1,,3.0
PL2,PL,0.0,Valid Party Vote,0.0,5.0,7.0,0,70.0,3.0
PL7,PL,2.6666666666666665,Ineligible / Not Applicable,,5.0,7.0,0,25.0,3.0
PL9,PL,3.0,Valid Party Vote,0.0,9.0,7.0,1,51.0,3.0
PL4,PL,7.333333333333333,Valid Party Vote,0.0,8.0,3.0,0,34.0,3.0
PL2,PL,1.0,Valid Party Vote,1.0,5.0,3.0,0,61.0,3.0
PL2,PL,2.6666666666666665,Don't Know,,3.0,3.0,1,32.0,3.0
PL2,PL,7.333333333333333,Refuse to Say,,4.0,2.0,0,48.0,3.0
PL2,PL,7.333333333333333,Valid Party Vote,0.0,7.0,5.0,1,60.0,3.0
PL9,PL,0.0,Ineligible / Not Applicable,,6.0,6.0,1,60.0,3.0
PL7,PL,5.0,Valid Party Vote,0.0,,7.0,1,44.0,3.0
PL2,PL,2.6666666666666665,Valid Party Vote,0.0,7.0,2.0,1,61.0,3.0
PL2,PL,2.0,Valid Party Vote,1.0,5.0,2.0,0,19.0,3.0
PL6,PL,4.333333333333333,Valid Party Vote,0.0,8.0,4.0,1,22.0,3.0
PL4,PL,3.0,Ineligible / Not Applicable,,2.0,2.0,0,30.0,3.0
PL4,PL,4.0,Valid Party Vote,1.0,2.0,2.0,0,76.0,3.0
PL9,PL,2.3333333333333335,Valid Party Vote,1.0,3.0,4.0,1,22.0,3.0
PL4,PL,6.5,Valid Party Vote,0.0,5.0,2.0,0,63.0,3.0
PL4,PL,3.3333333333333335,Valid Party Vote,1.0,6.0,2.0,0,65.0,3.0
PL2,PL,2.3333333333333335,Ineligible / Not Applicable,,5.0,7.0,1,50.0,3.0
PL2,PL,4.333333333333333,Valid Party Vote,0.0,5.0,6.0,1,23.0,3.0
PL2,PL,3.0,Valid Party Vote,0.0,5.0,2.0,0,77.0,3.0
PL4,PL,2.6666666666666665,Ineligible / Not Applicable,,5.0,2.0,1,47.0,3.0
PL2,PL,3.0,Valid Party Vote,0.0,6.0,3.0,1,42.0,3.0
PL8,PL,4.666666666666667,Refuse to Say,,4.0,4.0,1,22.0,3.0
PL7,PL,1.6666666666666667,Valid Party Vote,0.0,8.0,3.0,0,64.0,3.0
PL6,PL,3.0,Valid Party Vote,0.0,8.0,4.0,0,36.0,3.0
PL9,PL,2.0,Valid Party Vote,0.0,5.0,6.0,0,33.0,3.0
PL8,PL,1.6666666666666667,Ineligible / Not Applicable,,3.0,1.0,0,17.0,3.0
PL4,PL,4.0,Ineligible / Not Applicable,,4.0,3.0,0,,3.0
PL4,PL,0.0,Valid Party Vote,1.0,0.0,4.0,1,64.0,3.0
PL8,PL,2.3333333333333335,Refuse to Say,,,5.0,1,65.0,3.0
PL9,PL,7.0,Valid Party Vote,0.0,5.0,7.0,1,43.0,3.0
PL6,PL,1.6666666666666667,Valid Party Vote,0.0,4.0,6.0,1,24.0,3.0
PL2,PL,8.0,Ineligible / Not Applicable,,8.0,6.0,1,42.0,3.0
PL4,PL,5.0,Valid Party Vote,0.0,4.0,2.0,1,44.0,3.0
PL2,PL,3.0,Valid Party Vote,0.0,5.0,4.0,0,64.0,3.0
PL9,PL,1.3333333333333333,Refuse to Say,,3.0,2.0,0,75.0,3.0
PL7,PL,5.333333333333333,Valid Party Vote,1.0,7.0,4.0,1,19.0,3.0
PL2,PL,3.0,Valid Party Vote,1.0,8.0,3.0,0,45.0,3.0
PL9,PL,3.0,Valid Party Vote,0.0,6.0,4.0,1,28.0,3.0
PL7,PL,2.6666666666666665,Valid Party Vote,1.0,2.0,2.0,1,64.0,3.0
PL2,PL,5.0,Refuse to Say,,8.0,2.0,1,52.0,3.0
PL7,PL,3.6666666666666665,Refuse to Say,,5.0,3.0,0,36.0,3.0
PL4,PL,4.333333333333333,Valid Party Vote,1.0,7.0,4.0,1,69.0,3.0
PL2,PL,3.6666666666666665,Refuse to Say,,3.0,4.0,0,58.0,3.0
PL2,PL,2.3333333333333335,Don't Know,,5.0,7.0,1,33.0,3.0
PL4,PL,5.0,Valid Party Vote,1.0,0.0,2.0,1,54.0,3.0
PL6,PL,5.0,Valid Party Vote,0.0,5.0,7.0,1,67.0,3.0
PL9,PL,9.0,Valid Party Vote,1.0,3.0,2.0,0,52.0,3.0
PL4,PL,5.0,Refuse to Say,,5.0,3.0,0,57.0,3.0
PL7,PL,2.6666666666666665,Ineligible / Not Applicable,,7.0,2.0,0,65.0,3.0
PL6,PL,1.6666666666666667,Ineligible / Not Applicable,,4.0,7.0,1,31.0,3.0
PL2,PL,4.0,Valid Party Vote,0.0,7.0,3.0,0,60.0,3.0
PL2,PL,6.0,Valid Party Vote,1.0,6.0,3.0,1,70.0,3.0
PL4,PL,3.0,Ineligible / Not Applicable,,,3.0,0,61.0,3.0
PL5,PL,4.333333333333333,Valid Party Vote,1.0,5.0,7.0,1,36.0,3.0
PL2,PL,4.333333333333333,Valid Party Vote,0.0,7.0,2.0,1,18.0,3.0
PL9,PL,2.3333333333333335,Refuse to Say,,4.0,4.0,0,40.0,3.0
PL8,PL,3.3333333333333335,Valid Party Vote,1.0,5.0,7.0,1,49.0,3.0
PL5,PL,0.0,Valid Party Vote,1.0,,2.0,1,83.0,3.0
PL6,PL,0.6666666666666666,Valid Party Vote,1.0,9.0,7.0,1,57.0,3.0
PL7,PL,3.0,Valid Party Vote,1.0,5.0,3.0,0,62.0,3.0
PL2,PL,2.3333333333333335,Valid Party Vote,1.0,5.0,3.0,0,52.0,3.0
PL6,PL,0.3333333333333333,Ineligible / Not Applicable,,,3.0,0,33.0,3.0
PL7,PL,5.0,Ineligible / Not Applicable,,5.0,2.0,0,15.0,3.0
PL5,PL,2.0,Valid Party Vote,0.0,5.0,7.0,0,39.0,3.0
PL8,PL,2.6666666666666665,Valid Party Vote,1.0,2.0,6.0,0,58.0,3.0
PL4,PL,4.333333333333333,Valid Party Vote,0.0,7.0,3.0,1,31.0,3.0
PL5,PL,3.6666666666666665,Valid Party Vote,0.0,7.0,3.0,1,35.0,3.0
PL9,PL,0.6666666666666666,Ineligible / Not Applicable,,0.0,2.0,0,59.0,3.0
PL6,PL,5.0,Valid Party Vote,1.0,7.0,2.0,0,77.0,3.0
PL6,PL,2.3333333333333335,Valid Party Vote,1.0,4.0,7.0,1,43.0,3.0
PL2,PL,5.666666666666667,Valid Party Vote,0.0,8.0,7.0,0,31.0,3.0
PL8,PL,3.0,Valid Party Vote,1.0,5.0,3.0,1,27.0,3.0
PL9,PL,5.666666666666667,Ineligible / Not Applicable,,9.0,4.0,1,31.0,3.0
PL8,PL,5.0,Refuse to Say,,5.0,7.0,1,41.0,3.0
PL4,PL,0.6666666666666666,Valid Party Vote,1.0,0.0,4.0,0,50.0,3.0
PL5,PL,3.6666666666666665,Valid Party Vote,1.0,5.0,2.0,0,,3.0
PL6,PL,1.6666666666666667,Ineligible / Not Applicable,,,2.0,1,31.0,3.0
PL9,PL,4.0,Valid Party Vote,0.0,5.0,4.0,1,45.0,3.0
PL9,PL,5.666666666666667,Valid Party Vote,0.0,5.0,7.0,1,24.0,3.0
PL2,PL,4.333333333333333,Valid Party Vote,1.0,8.0,2.0,1,65.0,3.0
PL8,PL,1.0,Valid Party Vote,0.0,4.0,4.0,1,76.0,3.0
PL2,PL,4.0,Valid Party Vote,0.0,5.0,4.0,1,34.0,3.0
PL8,PL,0.0,Ineligible / Not Applicable,,5.0,2.0,0,70.0,3.0
PL8,PL,1.6666666666666667,Valid Party Vote,1.0,4.0,4.0,1,38.0,3.0
PL6,PL,5.666666666666667,Valid Party Vote,0.0,5.0,3.0,0,65.0,3.0
PL5,PL,3.3333333333333335,Valid Party Vote,1.0,4.0,4.0,0,21.0,3.0
PL2,PL,2.0,Valid Party Vote,1.0,8.0,2.0,1,65.0,3.0
PL5,PL,2.0,Valid Party Vote,0.0,5.0,7.0,1,29.0,3.0
PL8,PL,3.3333333333333335,Valid Party Vote,0.0,8.0,2.0,0,64.0,3.0
PL2,PL,5.0,Valid Party Vote,0.0,7.0,3.0,0,,3.0
PL6,PL,0.0,Valid Party Vote,0.0,7.0,7.0,1,46.0,3.0
PL7,PL,5.0,Valid Party Vote,1.0,5.0,2.0,1,67.0,3.0
PL9,PL,10.0,Valid Party Vote,0.0,8.0,7.0,1,,3.0
PL6,PL,3.6666666666666665,Valid Party Vote,0.0,3.0,7.0,1,76.0,3.0
PL4,PL,3.3333333333333335,Valid Party Vote,0.0,5.0,4.0,1,24.0,3.0
PL2,PL,3.0,Ineligible / Not Applicable,,4.0,2.0,1,17.0,3.0
PL8,PL,3.0,Ineligible / Not Applicable,,6.0,2.0,0,17.0,3.0
PL4,PL,5.666666666666667,Valid Party Vote,0.0,6.0,4.0,0,58.0,3.0
PL7,PL,2.6666666666666665,Valid Party Vote,0.0,,7.0,1,49.0,3.0
PL5,PL,3.6666666666666665,Valid Party Vote,1.0,7.0,3.0,0,66.0,3.0
PL4,PL,1.6666666666666667,Refuse to Say,,5.0,4.0,0,56.0,3.0
PL2,PL,4.666666666666667,Valid Party Vote,0.0,4.0,7.0,0,32.0,3.0
PL9,PL,1.5,Valid Party Vote,0.0,5.0,2.0,1,80.0,3.0
PL6,PL,7.666666666666667,Refuse to Say,,2.0,2.0,0,70.0,3.0
PL2,PL,6.0,Ineligible / Not Applicable,,6.0,2.0,0,16.0,3.0
PL4,PL,3.3333333333333335,Valid Party Vote,1.0,5.0,2.0,0,68.0,3.0
PL9,PL,1.3333333333333333,Valid Party Vote,1.0,4.0,5.0,1,79.0,3.0
PL5,PL,4.333333333333333,Valid Party Vote,0.0,5.0,2.0,1,78.0,3.0
PL8,PL,0.0,Refuse to Say,,,2.0,1,55.0,3.0
PL6,PL,2.0,Refuse to Say,,1.0,3.0,1,54.0,3.0
PL9,PL,1.0,Ineligible / Not Applicable,,5.0,7.0,1,51.0,3.0
PL9,PL,4.666666666666667,Valid Party Vote,0.0,7.0,7.0,1,85.0,3.0
PL7,PL,1.3333333333333333,Ineligible / Not Applicable,,7.0,2.0,1,53.0,3.0
PL8,PL,4.0,Ineligible / Not Applicable,,5.0,2.0,1,58.0,3.0
PL4,PL,5.0,Ineligible / Not Applicable,,5.0,4.0,0,25.0,3.0
PL7,PL,7.0,Valid Party Vote,1.0,4.0,2.0,1,57.0,3.0
PL7,PL,1.6666666666666667,Ineligible / Not Applicable,,8.0,2.0,0,66.0,3.0
PL4,PL,2.3333333333333335,Valid Party Vote,1.0,5.0,4.0,0,22.0,3.0
PL7,PL,4.0,Valid Party Vote,1.0,5.0,3.0,0,50.0,3.0
PL8,PL,7.666666666666667,Valid Party Vote,1.0,3.0,2.0,0,81.0,3.0
PL2,PL,3.0,Valid Party Vote,0.0,3.0,4.0,0,51.0,3.0
PL2,PL,1.6666666666666667,Valid Party Vote,1.0,7.0,3.0,0,36.0,3.0
PL5,PL,3.5,Valid Party Vote,0.0,5.0,2.0,1,82.0,3.0
PL9,PL,1.6666666666666667,Valid Party Vote,0.0,2.0,4.0,0,64.0,3.0
PL7,PL,3.3333333333333335,Valid Party Vote,1.0,7.0,3.0,0,35.0,3.0
PL4,PL,7.666666666666667,Valid Party Vote,1.0,9.0,2.0,0,54.0,3.0
PL4,PL,5.333333333333333,Valid Party Vote,0.0,6.0,6.0,1,28.0,3.0
PL8,PL,2.0,Ineligible / Not Applicable,,7.0,2.0,1,48.0,3.0
PL8,PL,6.0,Valid Party Vote,0.0,6.0,7.0,1,26.0,3.0
PL4,PL,1.0,Valid Party Vote,0.0,6.0,2.0,0,19.0,3.0
PL2,PL,7.0,Valid Party Vote,0.0,5.0,7.0,0,67.0,3.0
PL5,PL,8.333333333333334,Valid Party Vote,0.0,4.0,4.0,1,52.0,3.0
PL9,PL,4.666666666666667,Valid Party Vote,0.0,8.0,4.0,1,53.0,3.0
PL4,PL,1.6666666666666667,Refuse to Say,,0.0,3.0,0,36.0,3.0
PL9,PL,6.333333333333333,Valid Party Vote,0.0,8.0,7.0,0,81.0,3.0
PL2,PL,0.6666666666666666,Valid Party Vote,1.0,0.0,2.0,1,69.0,3.0
PL6,PL,1.6666666666666667,Valid Party Vote,0.0,8.0,4.0,1,35.0,3.0
PL9,PL,5.333333333333333,Valid Party Vote,1.0,3.0,2.0,1,73.0,3.0
PL4,PL,5.0,Ineligible / Not Applicable,,7.0,7.0,1,40.0,3.0
PL6,PL,5.666666666666667,Ineligible / Not Applicable,,4.0,2.0,0,16.0,3.0
PL5,PL,6.333333333333333,Valid Party Vote,0.0,7.0,7.0,0,74.0,3.0
PL4,PL,0.0,Refuse to Say,,2.0,2.0,1,68.0,3.0
PL5,PL,1.0,Ineligible / Not Applicable,,,4.0,1,25.0,3.0
PL9,PL,2.0,Valid Party Vote,1.0,5.0,4.0,1,37.0,3.0
PL7,PL,4.666666666666667,Ineligible / Not Applicable,,5.0,7.0,1,32.0,3.0
PL9,PL,3.3333333333333335,Valid Party Vote,0.0,6.0,7.0,1,49.0,3.0
PL7,PL,3.0,Valid Party Vote,0.0,5.0,2.0,0,75.0,3.0
PL2,PL,5.0,Valid Party Vote,0.0,7.0,4.0,0,41.0,3.0
PL8,PL,7.0,Valid Party Vote,0.0,7.0,4.0,1,19.0,3.0
PL4,PL,3.0,Valid Party Vote,0.0,3.0,4.0,1,61.0,3.0
PL6,PL,0.0,Valid Party Vote,0.0,1.0,1.0,1,64.0,3.0
PL8,PL,2.6666666666666665,Valid Party Vote,1.0,7.0,7.0,0,47.0,3.0
PL4,PL,5.333333333333333,Valid Party Vote,0.0,10.0,7.0,0,32.0,3.0
PL7,PL,5.333333333333333,Valid Party Vote,0.0,7.0,7.0,1,38.0,3.0
PL8,PL,8.0,Valid Party Vote,0.0,5.0,6.0,1,66.0,3.0
PL7,PL,1.0,Ineligible / Not Applicable,,10.0,2.0,0,47.0,3.0
PL7,PL,1.6666666666666667,Valid Party Vote,1.0,5.0,4.0,1,77.0,3.0
PL2,PL,1.6666666666666667,Valid Party Vote,0.0,9.0,4.0,1,44.0,3.0
PL2,PL,4.0,Valid Party Vote,0.0,8.0,6.0,0,23.0,3.0
PL6,PL,4.333333333333333,Valid Party Vote,0.0,10.0,3.0,1,67.0,3.0
PL8,PL,6.666666666666667,Refuse to Say,,7.0,5.0,1,35.0,3.0
PL6,PL,7.333333333333333,Valid Party Vote,1.0,,2.0,1,63.0,3.0
PL8,PL,5.0,Ineligible / Not Applicable,,5.0,4.0,1,36.0,3.0
PL9,PL,5.333333333333333,Ineligible / Not Applicable,,8.0,7.0,1,57.0,3.0
PL4,PL,2.0,Valid Party Vote,0.0,7.0,7.0,0,42.0,3.0
PL9,PL,6.333333333333333,Valid Party Vote,0.0,5.0,5.0,1,67.0,3.0
PL5,PL,5.333333333333333,Ineligible / Not Applicable,,5.0,4.0,0,,3.0
PL4,PL,0.0,Ineligible / Not Applicable,,5.0,3.0,1,77.0,3.0
PL2,PL,2.6666666666666665,Valid Party Vote,0.0,9.0,3.0,0,41.0,3.0
PL7,PL,6.0,Valid Party Vote,0.0,6.0,4.0,1,67.0,3.0
PL4,PL,7.666666666666667,Refuse to Say,,4.0,7.0,0,45.0,3.0
PL6,PL,8.666666666666666,Valid Party Vote,1.0,0.0,6.0,1,29.0,3.0
PL9,PL,3.3333333333333335,Valid Party Vote,1.0,5.0,4.0,0,61.0,3.0
PL4,PL,2.6666666666666665,Valid Party Vote,1.0,1.0,2.0,1,79.0,3.0
PL6,PL,3.0,Valid Party Vote,1.0,9.0,4.0,0,36.0,3.0
PL6,PL,7.666666666666667,Valid Party Vote,1.0,8.0,2.0,0,71.0,3.0
PL2,PL,8.0,Valid Party Vote,0.0,8.0,2.0,0,19.0,3.0
PL2,PL,0.3333333333333333,Valid Party Vote,0.0,5.0,7.0,1,49.0,3.0
PL9,PL,1.6666666666666667,Valid Party Vote,0.0,10.0,2.0,1,62.0,3.0
PL8,PL,3.0,Ineligible / Not Applicable,,0.0,7.0,0,39.0,3.0
PL7,PL,3.3333333333333335,Valid Party Vote,0.0,5.0,3.0,0,62.0,3.0
PL2,PL,,No Answer / System Missing,,,,1,,3.0
PL9,PL,4.0,Valid Party Vote,1.0,6.0,7.0,1,83.0,3.0
PL8,PL,3.0,Ineligible / Not Applicable,,7.0,2.0,1,50.0,3.0
PL8,PL,4.333333333333333,Don't Know,,6.0,2.0,0,67.0,3.0
PL5,PL,1.0,Refuse to Say,,6.0,4.0,1,35.0,3.0
PL6,PL,7.333333333333333,Valid Party Vote,0.0,8.0,2.0,0,68.0,3.0
PL7,PL,3.6666666666666665,Valid Party Vote,0.0,3.0,4.0,1,53.0,3.0
PL6,PL,4.333333333333333,Valid Party Vote,0.0,5.0,2.0,0,39.0,3.0
PL6,PL,8.0,Valid Party Vote,1.0,7.0,1.0,1,79.0,3.0
PL4,PL,2.6666666666666665,Valid Party Vote,1.0,7.0,2.0,1,59.0,3.0
PL8,PL,3.3333333333333335,Valid Party Vote,0.0,5.0,7.0,1,27.0,3.0
PL2,PL,6.333333333333333,Valid Party Vote,0.0,7.0,4.0,0,63.0,3.0
PL9,PL,8.0,Valid Party Vote,1.0,6.0,2.0,1,37.0,3.0
PL7,PL,5.0,Valid Party Vote,1.0,3.0,7.0,0,33.0,3.0
PL9,PL,5.333333333333333,Valid Party Vote,0.0,6.0,4.0,0,72.0,3.0
PL7,PL,3.0,Ineligible / Not Applicable,,4.0,7.0,1,41.0,3.0
PL6,PL,3.0,Valid Party Vote,1.0,3.0,2.0,1,48.0,3.0
PL9,PL,2.6666666666666665,Valid Party Vote,1.0,4.0,7.0,1,55.0,3.0
PL6,PL,2.0,Refuse to Say,,,4.0,1,73.0,3.0
PL7,PL,3.5,Valid Party Vote,0.0,9.0,5.0,1,68.0,3.0
PL7,PL,5.0,Valid Party Vote,0.0,9.0,7.0,1,68.0,3.0
PL8,PL,6.666666666666667,Valid Party Vote,1.0,5.0,4.0,0,39.0,3.0
PL4,PL,3.0,Valid Party Vote,0.0,5.0,3.0,0,24.0,3.0
PL7,PL,1.3333333333333333,Valid Party Vote,1.0,,2.0,1,62.0,3.0
PL8,PL,5.333333333333333,Valid Party Vote,0.0,5.0,4.0,0,74.0,3.0
PL2,PL,5.666666666666667,Valid Party Vote,1.0,7.0,7.0,1,39.0,3.0
PL2,PL,5.333333333333333,Valid Party Vote,0.0,5.0,2.0,0,47.0,3.0
PL9,PL,2.0,Valid Party Vote,0.0,5.0,7.0,1,65.0,3.0
PL2,PL,4.666666666666667,Refuse to Say,,5.0,2.0,1,54.0,3.0
PL4,PL,1.3333333333333333,Valid Party Vote,0.0,5.0,7.0,1,28.0,3.0
PL9,PL,2.0,Valid Party Vote,0.0,6.0,7.0,0,30.0,3.0
PL6,PL,0.0,Valid Party Vote,0.0,5.0,4.0,0,47.0,3.0
PL4,PL,6.0,Valid Party Vote,1.0,9.0,2.0,0,56.0,3.0
PL8,PL,0.0,Valid Party Vote,0.0,5.0,4.0,1,23.0,3.0
PL4,PL,4.333333333333333,Valid Party Vote,0.0,3.0,4.0,1,51.0,3.0
PL9,PL,5.0,Ineligible / Not Applicable,,,7.0,1,52.0,3.0
PL6,PL,1.6666666666666667,Valid Party Vote,0.0,7.0,2.0,1,53.0,3.0
PL8,PL,4.0,Ineligible / Not Applicable,,5.0,7.0,1,42.0,3.0
PL2,PL,1.3333333333333333,Valid Party Vote,0.0,8.0,4.0,0,66.0,3.0
PL2,PL,2.3333333333333335,Valid Party Vote,0.0,4.0,7.0,1,38.0,3.0
PL6,PL,7.333333333333333,Valid Party Vote,1.0,7.0,7.0,0,77.0,3.0
PL9,PL,7.0,Ineligible / Not Applicable,,,2.0,1,59.0,3.0
PL5,PL,1.6666666666666667,Valid Party Vote,1.0,4.0,4.0,1,31.0,3.0
PL6,PL,1.0,Valid Party Vote,0.0,7.0,2.0,0,31.0,3.0
PL6,PL,6.666666666666667,Ineligible / Not Applicable,,7.0,2.0,0,17.0,3.0
PL9,PL,0.6666666666666666,Valid Party Vote,0.0,3.0,7.0,0,46.0,3.0
PL9,PL,2.0,Valid Party Vote,0.0,3.0,4.0,0,82.0,3.0
PL7,PL,2.0,Valid Party Vote,1.0,4.0,2.0,1,18.0,3.0
PL6,PL,5.333333333333333,Valid Party Vote,1.0,8.0,2.0,1,80.0,3.0
PL2,PL,1.3333333333333333,Valid Party Vote,0.0,5.0,6.0,0,25.0,3.0
PL6,PL,6.666666666666667,Ineligible / Not Applicable,,6.0,2.0,0,48.0,3.0
PL2,PL,2.3333333333333335,Valid Party Vote,1.0,2.0,2.0,1,52.0,3.0
PL4,PL,0.0,Valid Party Vote,1.0,7.0,7.0,1,34.0,3.0
PL5,PL,1.0,Ineligible / Not Applicable,,5.0,2.0,1,54.0,3.0
PL6,PL,4.0,Valid Party Vote,1.0,10.0,2.0,0,68.0,3.0
PL6,PL,5.333333333333333,Valid Party Vote,0.0,6.0,4.0,1,73.0,3.0
PL2,PL,7.666666666666667,Valid Party Vote,0.0,7.0,4.0,1,79.0,3.0
PL6,PL,7.0,Valid Party Vote,0.0,,3.0,1,39.0,3.0
PL4,PL,0.0,Valid Party Vote,1.0,8.0,2.0,1,72.0,3.0
PL4,PL,6.333333333333333,Ineligible / Not Applicable,,6.0,4.0,0,41.0,3.0
PL9,PL,3.3333333333333335,Valid Party Vote,0.0,5.0,7.0,1,27.0,3.0
PL8,PL,1.6666666666666667,Valid Party Vote,0.0,,7.0,1,59.0,3.0
PL2,PL,2.0,Valid Party Vote,0.0,8.0,4.0,1,23.0,3.0
PL6,PL,1.6666666666666667,Valid Party Vote,1.0,7.0,2.0,0,67.0,3.0
PL5,PL,5.333333333333333,Valid Party Vote,1.0,3.0,2.0,0,72.0,3.0
PL9,PL,4.333333333333333,Valid Party Vote,1.0,6.0,7.0,1,27.0,3.0
PL8,PL,3.6666666666666665,Refuse to Say,,6.0,2.0,1,51.0,3.0
PL8,PL,2.6666666666666665,Ineligible / Not Applicable,,6.0,2.0,1,64.0,3.0
PL4,PL,5.666666666666667,Valid Party Vote,1.0,8.0,2.0,1,70.0,3.0
PL4,PL,2.3333333333333335,Valid Party Vote,0.0,,2.0,1,71.0,3.0
PL4,PL,6.666666666666667,Valid Party Vote,0.0,7.0,4.0,0,63.0,3.0
PL7,PL,1.6666666666666667,Valid Party Vote,1.0,3.0,7.0,0,42.0,3.0
PL8,PL,4.666666666666667,Valid Party Vote,1.0,5.0,7.0,1,39.0,3.0
PL2,PL,1.3333333333333333,Ineligible / Not Applicable,,3.0,7.0,0,41.0,3.0
PL7,PL,5.0,Valid Party Vote,1.0,5.0,7.0,0,44.0,3.0
PL8,PL,3.6666666666666665,Valid Party Vote,0.0,8.0,7.0,0,61.0,3.0
PL2,PL,3.6666666666666665,Valid Party Vote,0.0,5.0,2.0,0,19.0,3.0
PL6,PL,3.6666666666666665,Refuse to Say,,6.0,2.0,0,72.0,3.0
PL6,PL,4.666666666666667,Ineligible / Not Applicable,,7.0,2.0,0,64.0,3.0
PL8,PL,0.5,Valid Party Vote,1.0,2.0,5.0,1,73.0,3.0
PL4,PL,1.3333333333333333,Valid Party Vote,1.0,9.0,5.0,0,47.0,3.0
PL2,PL,2.6666666666666665,Ineligible / Not Applicable,,3.0,2.0,1,19.0,3.0
PL8,PL,3.6666666666666665,Ineligible / Not Applicable,,2.0,2.0,0,46.0,3.0
PL2,PL,5.333333333333333,Valid Party Vote,1.0,7.0,7.0,0,39.0,3.0
PL7,PL,4.666666666666667,Valid Party Vote,1.0,8.0,2.0,0,50.0,3.0
PL4,PL,2.0,Valid Party Vote,1.0,3.0,2.0,0,57.0,3.0
PL2,PL,5.0,Valid Party Vote,0.0,8.0,6.0,1,24.0,3.0
PL6,PL,0.0,Ineligible / Not Applicable,,5.0,3.0,1,19.0,3.0
PL6,PL,3.3333333333333335,Valid Party Vote,0.0,6.0,7.0,0,27.0,3.0
PL5,PL,0.0,Ineligible / Not Applicable,,3.0,3.0,0,30.0,3.0
PL8,PL,0.0,Ineligible / Not Applicable,,6.0,4.0,0,34.0,3.0
PL4,PL,2.0,Valid Party Vote,0.0,5.0,2.0,0,64.0,3.0
PL8,PL,3.3333333333333335,Valid Party Vote,0.0,5.0,4.0,0,21.0,3.0
PL5,PL,6.333333333333333,Valid Party Vote,0.0,5.0,5.0,0,46.0,3.0
PL4,PL,6.0,Ineligible / Not Applicable,,6.0,2.0,1,,3.0
PL4,PL,4.333333333333333,Valid Party Vote,1.0,2.0,3.0,0,69.0,3.0
PL9,PL,0.0,Refuse to Say,,4.0,5.0,1,57.0,3.0
PL2,PL,4.666666666666667,Valid Party Vote,0.0,6.0,6.0,1,54.0,3.0
PL6,PL,1.6666666666666667,Valid Party Vote,0.0,5.0,6.0,0,57.0,3.0
PL9,PL,5.0,Ineligible / Not Applicable,,5.0,2.0,0,16.0,3.0
PL8,PL,2.6666666666666665,Valid Party Vote,1.0,6.0,3.0,0,62.0,3.0
PL8,PL,1.0,Valid Party Vote,1.0,9.0,6.0,0,51.0,3.0
PL4,PL,0.3333333333333333,Refuse to Say,,5.0,2.0,0,47.0,3.0
PL2,PL,7.333333333333333,Valid Party Vote,0.0,3.0,4.0,1,51.0,3.0
PL7,PL,6.0,Valid Party Vote,1.0,4.0,7.0,0,24.0,3.0
PL7,PL,4.666666666666667,Ineligible / Not Applicable,,5.0,2.0,1,16.0,3.0
PL7,PL,3.3333333333333335,Valid Party Vote,0.0,6.0,4.0,0,22.0,3.0
PL4,PL,1.0,Refuse to Say,,5.0,4.0,1,20.0,3.0
PL6,PL,5.333333333333333,Valid Party Vote,0.0,8.0,7.0,1,52.0,3.0
PL5,PL,1.0,Valid Party Vote,0.0,5.0,2.0,1,51.0,3.0
PL4,PL,3.0,Valid Party Vote,0.0,1.0,2.0,0,68.0,3.0
PL4,PL,8.333333333333334,Ineligible / Not Applicable,,7.0,7.0,1,34.0,3.0
PL4,PL,3.0,Valid Party Vote,1.0,5.0,2.0,0,51.0,3.0
PL2,PL,5.0,Refuse to Say,,7.0,7.0,1,37.0,3.0
PL5,PL,0.6666666666666666,Valid Party Vote,0.0,3.0,4.0,0,31.0,3.0
PL2,PL,2.0,Refuse to Say,,5.0,2.0,0,42.0,3.0
PL4,PL,0.6666666666666666,Ineligible / Not Applicable,,4.0,2.0,0,56.0,3.0
PL7,PL,7.0,Valid Party Vote,0.0,8.0,7.0,1,60.0,3.0
PL9,PL,6.0,Valid Party Vote,0.0,6.0,6.0,0,43.0,3.0
PL4,PL,9.333333333333334,Ineligible / Not Applicable,,9.0,2.0,1,51.0,3.0
PL8,PL,3.6666666666666665,Valid Party Vote,0.0,2.0,7.0,1,26.0,3.0
PL6,PL,7.0,Valid Party Vote,0.0,5.0,2.0,0,,3.0
PL4,PL,2.3333333333333335,Ineligible / Not Applicable,,6.0,7.0,1,75.0,3.0
PL4,PL,0.0,Valid Party Vote,1.0,5.0,4.0,1,77.0,3.0
PL6,PL,8.666666666666666,Refuse to Say,,9.0,7.0,1,41.0,3.0
PL7,PL,5.0,Ineligible / Not Applicable,,5.0,2.0,1,60.0,3.0
PL9,PL,4.0,Refuse to Say,,5.0,4.0,0,26.0,3.0
PL5,PL,3.0,Valid Party Vote,1.0,7.0,2.0,1,,3.0
PL4,PL,1.0,Ineligible / Not Applicable,,5.0,5.0,1,29.0,3.0
PL8,PL,0.0,Valid Party Vote,1.0,0.0,4.0,0,59.0,3.0
PL7,PL,0.0,Ineligible / Not Applicable,,5.0,2.0,0,34.0,3.0
PL8,PL,0.6666666666666666,Valid Party Vote,1.0,5.0,7.0,0,70.0,3.0
PL8,PL,5.333333333333333,Valid Party Vote,1.0,4.0,2.0,1,70.0,3.0
PL6,PL,4.0,Ineligible / Not Applicable,,5.0,2.0,0,16.0,3.0
PL4,PL,1.3333333333333333,Valid Party Vote,0.0,8.0,4.0,1,22.0,3.0
PL9,PL,3.3333333333333335,Valid Party Vote,0.0,8.0,6.0,1,34.0,3.0
PL7,PL,6.666666666666667,Refuse to Say,,4.0,7.0,0,84.0,3.0
PL2,PL,7.333333333333333,Valid Party Vote,0.0,4.0,4.0,1,63.0,3.0
PL8,PL,4.666666666666667,Valid Party Vote,0.0,6.0,6.0,1,23.0,3.0
PL9,PL,6.666666666666667,Ineligible / Not Applicable,,0.0,2.0,0,37.0,3.0
PL4,PL,2.3333333333333335,Valid Party Vote,0.0,6.0,4.0,1,41.0,3.0
PL6,PL,7.666666666666667,Ineligible / Not Applicable,,7.0,2.0,0,26.0,3.0
PL5,PL,2.6666666666666665,Refuse to Say,,5.0,7.0,0,63.0,3.0
PL9,PL,5.0,Valid Party Vote,0.0,6.0,4.0,1,22.0,3.0
PL6,PL,2.0,Valid Party Vote,0.0,6.0,7.0,1,49.0,3.0
PL9,PL,3.0,Ineligible / Not Applicable,,5.0,,1,43.0,3.0
PL5,PL,3.3333333333333335,Valid Party Vote,0.0,7.0,2.0,0,61.0,3.0
PL4,PL,6.333333333333333,Valid Party Vote,0.0,9.0,7.0,1,53.0,3.0
PL7,PL,0.6666666666666666,Ineligible / Not Applicable,,5.0,6.0,1,,3.0
PL5,PL,1.6666666666666667,Refuse to Say,,2.0,4.0,1,38.0,3.0
PL7,PL,5.666666666666667,Valid Party Vote,0.0,2.0,4.0,1,28.0,3.0
PL4,PL,2.0,Refuse to Say,,7.0,4.0,1,66.0,3.0
PL5,PL,6.0,Ineligible / Not Applicable,,8.0,4.0,0,55.0,3.0
PL2,PL,2.0,Refuse to Say,,5.0,4.0,0,63.0,3.0
PL9,PL,2.3333333333333335,Valid Party Vote,0.0,6.0,3.0,1,71.0,3.0
PL4,PL,0.6666666666666666,Ineligible / Not Applicable,,2.0,2.0,0,42.0,3.0
PL4,PL,5.0,Valid Party Vote,1.0,,2.0,1,70.0,3.0
PL9,PL,5.333333333333333,Valid Party Vote,0.0,8.0,7.0,1,42.0,3.0
PL7,PL,4.666666666666667,Valid Party Vote,0.0,5.0,4.0,0,61.0,3.0
PL8,PL,1.5,Valid Party Vote,0.0,7.0,2.0,0,74.0,3.0
PL2,PL,0.0,Valid Party Vote,0.0,5.0,4.0,1,67.0,3.0
PL9,PL,4.666666666666667,Ineligible / Not Applicable,,6.0,2.0,1,63.0,3.0
PL7,PL,2.0,Refuse to Say,,8.0,2.0,0,50.0,3.0
PL2,PL,7.0,Valid Party Vote,1.0,5.0,4.0,1,60.0,3.0
PL2,PL,6.666666666666667,Valid Party Vote,1.0,9.0,2.0,1,66.0,3.0
PL7,PL,0.0,Refuse to Say,,7.0,7.0,1,43.0,3.0
PL2,PL,2.6666666666666665,Valid Party Vote,1.0,8.0,7.0,1,40.0,3.0
PL9,PL,3.3333333333333335,Valid Party Vote,1.0,8.0,7.0,0,57.0,3.0
PL7,PL,2.0,Refuse to Say,,6.0,7.0,1,45.0,3.0
PL7,PL,1.0,Valid Party Vote,0.0,8.0,6.0,1,81.0,3.0
PL7,PL,0.6666666666666666,Valid Party Vote,1.0,2.0,4.0,1,72.0,3.0
PL2,PL,0.0,Ineligible / Not Applicable,,1.0,2.0,0,45.0,3.0
PL8,PL,3.0,Valid Party Vote,1.0,5.0,2.0,0,49.0,3.0
PL9,PL,5.0,Valid Party Vote,1.0,6.0,5.0,0,27.0,3.0
PL9,PL,0.6666666666666666,Valid Party Vote,0.0,,4.0,0,30.0,3.0
PL2,PL,7.666666666666667,Valid Party Vote,0.0,7.0,7.0,0,68.0,3.0
PL5,PL,2.3333333333333335,Valid Party Vote,0.0,8.0,7.0,1,44.0,3.0
PL8,PL,2.3333333333333335,Valid Party Vote,0.0,8.0,5.0,0,58.0,3.0
PL7,PL,3.6666666666666665,Valid Party Vote,0.0,7.0,4.0,1,21.0,3.0
PL6,PL,4.333333333333333,Valid Party Vote,0.0,7.0,6.0,0,69.0,3.0
PL7,PL,1.5,Valid Party Vote,1.0,5.0,2.0,1,70.0,3.0
PL8,PL,1.0,Valid Party Vote,1.0,7.0,2.0,0,44.0,3.0
PL9,PL,3.5,Valid Party Vote,1.0,9.0,3.0,1,67.0,3.0
PL8,PL,3.3333333333333335,Refuse to Say,,7.0,7.0,1,70.0,3.0
PL6,PL,4.333333333333333,Valid Party Vote,0.0,10.0,7.0,1,52.0,3.0
PL2,PL,4.333333333333333,Valid Party Vote,1.0,7.0,4.0,1,51.0,3.0
PL7,PL,5.333333333333333,Valid Party Vote,1.0,1.0,2.0,1,85.0,3.0
PL9,PL,5.0,Refuse to Say,,,7.0,1,40.0,3.0
PL8,PL,4.0,Valid Party Vote,1.0,5.0,7.0,1,40.0,3.0
PL8,PL,3.0,Don't Know,,7.0,3.0,1,19.0,3.0
PL6,PL,8.0,Valid Party Vote,0.0,5.0,7.0,1,49.0,3.0
PL5,PL,5.0,Valid Party Vote,1.0,8.0,2.0,0,77.0,3.0
PL8,PL,10.0,Valid Party Vote,1.0,8.0,3.0,0,54.0,3.0
PL6,PL,5.666666666666667,Valid Party Vote,0.0,5.0,2.0,1,75.0,3.0
PL7,PL,4.333333333333333,Refuse to Say,,5.0,3.0,0,33.0,3.0
PL5,PL,5.666666666666667,Valid Party Vote,0.0,10.0,4.0,1,23.0,3.0
PL9,PL,1.3333333333333333,Valid Party Vote,0.0,8.0,7.0,0,48.0,3.0
PL2,PL,5.666666666666667,Valid Party Vote,0.0,10.0,2.0,0,72.0,3.0
PL4,PL,1.3333333333333333,Valid Party Vote,0.0,8.0,4.0,0,61.0,3.0
PL5,PL,3.6666666666666665,Ineligible / Not Applicable,,4.0,2.0,1,17.0,3.0
PL7,PL,5.333333333333333,Valid Party Vote,1.0,5.0,3.0,0,26.0,3.0
PL2,PL,2.0,Refuse to Say,,7.0,7.0,0,45.0,3.0
PL7,PL,6.0,Valid Party Vote,0.0,6.0,7.0,1,74.0,3.0
PL2,PL,3.3333333333333335,Valid Party Vote,1.0,2.0,2.0,0,58.0,3.0
PL2,PL,5.666666666666667,Ineligible / Not Applicable,,10.0,2.0,0,17.0,3.0
PL2,PL,3.3333333333333335,Valid Party Vote,1.0,8.0,2.0,0,84.0,3.0
PL4,PL,4.666666666666667,Valid Party Vote,0.0,5.0,,0,64.0,3.0
PL2,PL,5.0,Valid Party Vote,0.0,5.0,4.0,0,52.0,3.0
PL8,PL,9.0,Valid Party Vote,1.0,7.0,4.0,0,72.0,3.0
PL2,PL,5.333333333333333,Ineligible / Not Applicable,,8.0,2.0,1,17.0,3.0
PL6,PL,6.0,Valid Party Vote,0.0,7.0,4.0,1,21.0,3.0
PL6,PL,7.0,Valid Party Vote,0.0,6.0,2.0,1,58.0,3.0
PL6,PL,2.0,Valid Party Vote,1.0,7.0,2.0,1,65.0,3.0
PL6,PL,0.0,Ineligible / Not Applicable,,7.0,2.0,0,64.0,3.0
PL8,PL,4.333333333333333,Valid Party Vote,0.0,8.0,4.0,0,66.0,3.0
PL9,PL,4.666666666666667,Valid Party Vote,0.0,9.0,7.0,0,32.0,3.0
PL5,PL,1.6666666666666667,Refuse to Say,,5.0,2.0,1,61.0,3.0
PL4,PL,0.3333333333333333,Ineligible / Not Applicable,,,2.0,1,45.0,3.0
PL8,PL,4.333333333333333,Valid Party Vote,0.0,4.0,7.0,1,54.0,3.0
PL9,PL,6.666666666666667,Valid Party Vote,0.0,10.0,7.0,1,42.0,3.0
PL2,PL,3.0,Valid Party Vote,0.0,4.0,4.0,0,26.0,3.0
PL5,PL,0.3333333333333333,Valid Party Vote,1.0,5.0,3.0,0,62.0,3.0
PL2,PL,1.0,Valid Party Vote,0.0,4.0,2.0,0,63.0,3.0
PL2,PL,1.0,Valid Party Vote,1.0,5.0,7.0,1,67.0,3.0
PL7,PL,5.0,Valid Party Vote,1.0,5.0,2.0,1,73.0,3.0
PL2,PL,6.0,Refuse to Say,,8.0,4.0,1,48.0,3.0
PL8,PL,4.0,Valid Party Vote,1.0,6.0,4.0,1,55.0,3.0
PL7,PL,2.3333333333333335,Valid Party Vote,1.0,5.0,6.0,0,38.0,3.0
PL7,PL,1.6666666666666667,Ineligible / Not Applicable,,7.0,7.0,1,26.0,3.0
PL2,PL,4.0,Valid Party Vote,1.0,7.0,4.0,0,80.0,3.0
PL7,PL,6.333333333333333,Valid Party Vote,0.0,6.0,2.0,0,48.0,3.0
PL4,PL,2.0,Valid Party Vote,0.0,8.0,7.0,0,44.0,3.0
PL6,PL,5.0,Valid Party Vote,0.0,,4.0,0,24.0,3.0
PL2,PL,2.3333333333333335,Valid Party Vote,1.0,5.0,2.0,0,57.0,3.0
PL2,PL,4.0,Refuse to Say,,4.0,6.0,0,40.0,3.0
PL7,PL,1.6666666666666667,Ineligible / Not Applicable,,5.0,7.0,0,32.0,3.0
PL2,PL,3.3333333333333335,Valid Party Vote,1.0,6.0,4.0,1,,3.0
PL4,PL,2.6666666666666665,Valid Party Vote,0.0,7.0,7.0,0,37.0,3.0
PL4,PL,2.6666666666666665,Valid Party Vote,0.0,8.0,4.0,1,67.0,3.0
PL6,PL,1.6666666666666667,Valid Party Vote,0.0,7.0,7.0,0,61.0,3.0
PL7,PL,4.0,Valid Party Vote,1.0,5.0,7.0,1,50.0,3.0
PL4,PL,0.6666666666666666,Ineligible / Not Applicable,,6.0,2.0,1,43.0,3.0
PL9,PL,4.0,Valid Party Vote,1.0,4.0,2.0,0,84.0,3.0
PL6,PL,8.333333333333334,Valid Party Vote,1.0,8.0,2.0,0,64.0,3.0
PL4,PL,2.3333333333333335,Valid Party Vote,1.0,10.0,4.0,0,42.0,3.0
PL2,PL,5.666666666666667,Valid Party Vote,1.0,5.0,7.0,1,83.0,3.0
PL6,PL,3.3333333333333335,Valid Party Vote,0.0,7.0,5.0,1,56.0,3.0
PL5,PL,4.333333333333333,Refuse to Say,,5.0,7.0,0,52.0,3.0
PL4,PL,6.333333333333333,Valid Party Vote,0.0,5.0,7.0,1,44.0,3.0
PL9,PL,5.0,Valid Party Vote,1.0,5.0,7.0,1,64.0,3.0
PL4,PL,0.6666666666666666,Valid Party Vote,0.0,7.0,7.0,1,44.0,3.0
PL9,PL,5.333333333333333,Valid Party Vote,1.0,6.0,4.0,0,64.0,3.0
PL5,PL,5.333333333333333,Valid Party Vote,1.0,5.0,7.0,0,36.0,3.0
PL2,PL,3.3333333333333335,Valid Party Vote,1.0,,4.0,1,41.0,3.0
PL2,PL,3.6666666666666665,Valid Party Vote,1.0,6.0,7.0,1,50.0,3.0
PL4,PL,0.6666666666666666,Ineligible / Not Applicable,,5.0,3.0,0,33.0,3.0
PL5,PL,7.0,Valid Party Vote,0.0,10.0,4.0,0,79.0,3.0
PL6,PL,5.0,Valid Party Vote,0.0,,7.0,1,27.0,3.0
PL6,PL,5.666666666666667,Refuse to Say,,7.0,7.0,1,63.0,3.0
PL7,PL,0.0,Valid Party Vote,1.0,,2.0,1,57.0,3.0
PL7,PL,4.333333333333333,Valid Party Vote,1.0,5.0,2.0,0,59.0,3.0
PL8,PL,4.333333333333333,Valid Party Vote,0.0,8.0,5.0,0,63.0,3.0
PL5,PL,7.0,Valid Party Vote,0.0,8.0,2.0,0,64.0,3.0
PL8,PL,4.333333333333333,Ineligible / Not Applicable,,7.0,3.0,1,23.0,3.0
PL7,PL,0.0,Ineligible / Not Applicable,,5.0,6.0,1,,3.0
PL8,PL,1.6666666666666667,Valid Party Vote,1.0,5.0,7.0,1,50.0,3.0
PL9,PL,3.0,Valid Party Vote,0.0,8.0,7.0,0,43.0,3.0
PL9,PL,5.333333333333333,Valid Party Vote,0.0,9.0,4.0,1,64.0,3.0
PL8,PL,2.0,Refuse to Say,,7.0,2.0,0,63.0,3.0
PL8,PL,3.0,Refuse to Say,,4.0,2.0,0,73.0,3.0
PL7,PL,6.666666666666667,Refuse to Say,,5.0,7.0,1,48.0,3.0
PL5,PL,2.6666666666666665,Valid Party Vote,0.0,,6.0,0,46.0,3.0
PL8,PL,6.0,Valid Party Vote,1.0,2.0,4.0,0,43.0,3.0
PL5,PL,3.6666666666666665,Valid Party Vote,0.0,7.0,7.0,0,28.0,3.0
PL7,PL,1.3333333333333333,Refuse to Say,,10.0,7.0,1,58.0,3.0
PL5,PL,5.0,Ineligible / Not Applicable,,3.0,6.0,0,25.0,3.0
PL8,PL,4.0,Ineligible / Not Applicable,,7.0,3.0,0,38.0,3.0
PL9,PL,6.333333333333333,Valid Party Vote,1.0,,7.0,1,50.0,3.0
PL8,PL,5.0,Valid Party Vote,1.0,6.0,5.0,0,49.0,3.0
PL5,PL,2.0,Ineligible / Not Applicable,,6.0,2.0,1,17.0,3.0
PL4,PL,0.0,Valid Party Vote,1.0,5.0,1.0,1,64.0,3.0
PL9,PL,4.333333333333333,Ineligible / Not Applicable,,4.0,2.0,0,35.0,3.0
PL5,PL,2.0,Valid Party Vote,0.0,4.0,4.0,0,36.0,3.0
PL9,PL,3.6666666666666665,Valid Party Vote,0.0,7.0,6.0,1,40.0,3.0
PL4,PL,4.0,Valid Party Vote,0.0,8.0,3.0,0,53.0,3.0
PL4,PL,3.6666666666666665,Refuse to Say,,3.0,2.0,1,49.0,3.0
PL6,PL,5.333333333333333,Valid Party Vote,0.0,5.0,7.0,0,58.0,3.0
PL8,PL,3.3333333333333335,Valid Party Vote,0.0,5.0,7.0,0,48.0,3.0
PL2,PL,1.0,Valid Party Vote,1.0,7.0,2.0,1,63.0,3.0
PL2,PL,3.0,Valid Party Vote,1.0,8.0,7.0,0,39.0,3.0
PL6,PL,4.666666666666667,Valid Party Vote,1.0,8.0,3.0,1,58.0,3.0
PL2,PL,3.0,Ineligible / Not Applicable,,6.0,6.0,0,40.0,3.0
PL5,PL,0.0,Valid Party Vote,1.0,0.0,3.0,1,37.0,3.0
PL6,PL,0.6666666666666666,Ineligible / Not Applicable,,7.0,4.0,1,58.0,3.0
PL9,PL,8.0,Valid Party Vote,0.0,6.0,7.0,0,42.0,3.0
PL4,PL,6.666666666666667,Valid Party Vote,0.0,5.0,7.0,1,57.0,3.0
PL7,PL,5.0,Valid Party Vote,0.0,,4.0,1,82.0,3.0
PL5,PL,3.6666666666666665,Valid Party Vote,1.0,,2.0,0,32.0,3.0
PL7,PL,2.3333333333333335,Valid Party Vote,1.0,6.0,2.0,1,44.0,3.0
PL9,PL,5.0,Refuse to Say,,8.0,7.0,1,45.0,3.0
PL8,PL,4.333333333333333,Valid Party Vote,1.0,5.0,4.0,0,70.0,3.0
PL4,PL,0.6666666666666666,Valid Party Vote,1.0,,2.0,1,54.0,3.0
PL7,PL,4.0,Ineligible / Not Applicable,,2.0,2.0,0,21.0,3.0
PL9,PL,2.3333333333333335,Valid Party Vote,1.0,5.0,4.0,0,28.0,3.0
PL9,PL,2.0,Valid Party Vote,0.0,2.0,4.0,0,59.0,3.0
PL9,PL,3.0,Valid Party Vote,0.0,5.0,4.0,1,34.0,3.0
PL7,PL,2.0,Ineligible / Not Applicable,,6.0,7.0,1,39.0,3.0
PL2,PL,1.0,Valid Party Vote,1.0,8.0,3.0,1,60.0,3.0
PL8,PL,5.333333333333333,Valid Party Vote,1.0,6.0,7.0,1,62.0,3.0
PL5,PL,5.0,Valid Party Vote,0.0,7.0,5.0,1,,3.0
PL5,PL,7.333333333333333,Valid Party Vote,0.0,5.0,6.0,0,77.0,3.0
PL8,PL,3.3333333333333335,Valid Party Vote,0.0,3.0,7.0,0,50.0,3.0
PL8,PL,1.0,Ineligible / Not Applicable,,3.0,4.0,0,45.0,3.0
PL8,PL,9.333333333333334,Valid Party Vote,1.0,1.0,2.0,1,79.0,3.0
PL4,PL,0.6666666666666666,Valid Party Vote,1.0,,2.0,1,73.0,3.0
PL5,PL,7.0,Valid Party Vote,0.0,5.0,7.0,0,81.0,3.0
PL9,PL,5.333333333333333,Valid Party Vote,1.0,3.0,4.0,0,35.0,3.0
PL2,PL,5.0,Valid Party Vote,0.0,9.0,7.0,0,60.0,3.0
PL6,PL,1.6666666666666667,Refuse to Say,,4.0,7.0,0,61.0,3.0
PL8,PL,6.333333333333333,Valid Party Vote,1.0,9.0,4.0,1,72.0,3.0
PL8,PL,1.0,Refuse to Say,,10.0,7.0,0,48.0,3.0
PL2,PL,0.0,Ineligible / Not Applicable,,2.0,2.0,0,57.0,3.0
PL4,PL,5.666666666666667,Valid Party Vote,0.0,6.0,4.0,0,65.0,3.0
PL4,PL,2.3333333333333335,Ineligible / Not Applicable,,6.0,4.0,1,69.0,3.0
PL2,PL,3.6666666666666665,Valid Party Vote,0.0,6.0,4.0,0,32.0,3.0
PL6,PL,2.0,Valid Party Vote,0.0,5.0,7.0,1,36.0,3.0
PL8,PL,5.333333333333333,Valid Party Vote,0.0,2.0,2.0,0,38.0,3.0
PL4,PL,0.0,Ineligible / Not Applicable,,8.0,3.0,0,30.0,3.0
PL8,PL,5.333333333333333,Refuse to Say,,5.0,6.0,1,29.0,3.0
PL6,PL,5.0,Valid Party Vote,0.0,4.0,7.0,1,28.0,3.0
PL2,PL,4.333333333333333,Ineligible / Not Applicable,,5.0,3.0,1,25.0,3.0
PL4,PL,2.6666666666666665,Valid Party Vote,0.0,5.0,4.0,1,78.0,3.0
PL2,PL,4.0,Valid Party Vote,1.0,5.0,4.0,0,33.0,3.0
PL4,PL,4.333333333333333,Valid Party Vote,0.0,8.0,7.0,1,47.0,3.0
PL7,PL,3.3333333333333335,Refuse to Say,,1.0,4.0,0,21.0,3.0
PL6,PL,2.6666666666666665,Ineligible / Not Applicable,,8.0,2.0,1,15.0,3.0
PL5,PL,6.0,Valid Party Vote,1.0,,3.0,1,71.0,3.0
PL2,PL,5.0,Valid Party Vote,0.0,7.0,7.0,1,33.0,3.0
PL4,PL,5.333333333333333,Valid Party Vote,0.0,4.0,4.0,1,24.0,3.0
PL9,PL,5.666666666666667,Valid Party Vote,0.0,4.0,7.0,1,47.0,3.0
PL9,PL,7.333333333333333,Valid Party Vote,0.0,1.0,7.0,1,37.0,3.0
PL5,PL,3.0,Refuse to Say,,0.0,7.0,1,45.0,3.0
PL8,PL,3.3333333333333335,Ineligible / Not Applicable,,2.0,3.0,0,29.0,3.0
PL6,PL,4.333333333333333,Valid Party Vote,1.0,10.0,4.0,1,67.0,3.0
PL2,PL,5.666666666666667,Valid Party Vote,0.0,6.0,7.0,1,66.0,3.0
PL4,PL,2.6666666666666665,Valid Party Vote,0.0,6.0,6.0,0,68.0,3.0
PL4,PL,0.0,Ineligible / Not Applicable,,5.0,1.0,1,16.0,3.0
PL6,PL,2.0,Valid Party Vote,0.0,8.0,7.0,0,56.0,3.0
PL7,PL,2.6666666666666665,Valid Party Vote,0.0,5.0,7.0,1,44.0,3.0
PL9,PL,4.666666666666667,Valid Party Vote,0.0,10.0,7.0,1,44.0,3.0
PL4,PL,6.0,Valid Party Vote,0.0,6.0,7.0,1,45.0,3.0
PL8,PL,2.3333333333333335,Valid Party Vote,1.0,5.0,3.0,1,64.0,3.0
PL5,PL,3.3333333333333335,Valid Party Vote,1.0,5.0,2.0,0,70.0,3.0
PL2,PL,5.333333333333333,Ineligible / Not Applicable,,4.0,2.0,0,15.0,3.0
PL5,PL,2.0,Valid Party Vote,1.0,5.0,6.0,0,30.0,3.0
PL7,PL,5.0,Valid Party Vote,1.0,6.0,4.0,0,76.0,3.0
PL2,PL,4.0,Valid Party Vote,0.0,6.0,7.0,1,25.0,3.0
PL9,PL,0.0,Valid Party Vote,1.0,3.0,2.0,1,47.0,3.0
PL8,PL,1.6666666666666667,Refuse to Say,,7.0,4.0,1,54.0,3.0
PL2,PL,5.0,Valid Party Vote,0.0,7.0,3.0,0,30.0,3.0
PL5,PL,7.0,Valid Party Vote,0.0,0.0,2.0,1,79.0,3.0
PL6,PL,4.333333333333333,Valid Party Vote,0.0,,2.0,0,57.0,3.0
PL2,PL,7.666666666666667,Ineligible / Not Applicable,,6.0,2.0,1,18.0,3.0
PL9,PL,1.0,Valid Party Vote,0.0,5.0,7.0,1,37.0,3.0
PL8,PL,3.0,Valid Party Vote,1.0,5.0,6.0,0,48.0,3.0
PL7,PL,5.0,Valid Party Vote,1.0,,7.0,0,46.0,3.0
PL7,PL,3.6666666666666665,Valid Party Vote,1.0,1.0,7.0,1,53.0,3.0
PL2,PL,5.0,Valid Party Vote,0.0,2.0,7.0,1,49.0,3.0
PL9,PL,3.0,Valid Party Vote,0.0,3.0,5.0,1,50.0,3.0
PL4,PL,1.0,Valid Party Vote,0.0,7.0,4.0,1,74.0,3.0
PL9,PL,6.666666666666667,Refuse to Say,,5.0,6.0,1,22.0,3.0
PL4,PL,0.6666666666666666,Ineligible / Not Applicable,,9.0,2.0,1,76.0,3.0
PL6,PL,5.0,Valid Party Vote,1.0,4.0,7.0,1,33.0,3.0
PL2,PL,6.0,Ineligible / Not Applicable,,4.0,2.0,1,18.0,3.0
PL9,PL,4.0,Ineligible / Not Applicable,,5.0,2.0,0,19.0,3.0
PL9,PL,2.0,Valid Party Vote,0.0,5.0,7.0,1,44.0,3.0
PL5,PL,1.0,Valid Party Vote,0.0,8.0,4.0,0,39.0,3.0
PL2,PL,2.0,Valid Party Vote,1.0,7.0,4.0,1,22.0,3.0
PL5,PL,2.3333333333333335,Valid Party Vote,0.0,5.0,4.0,1,19.0,3.0
PL2,PL,1.6666666666666667,Refuse to Say,,6.0,6.0,0,41.0,3.0
PL7,PL,3.0,Valid Party Vote,1.0,8.0,4.0,0,59.0,3.0
PL4,PL,4.666666666666667,Valid Party Vote,0.0,6.0,7.0,1,29.0,3.0
PL9,PL,3.0,Valid Party Vote,0.0,5.0,7.0,1,47.0,3.0
PL2,PL,5.0,Valid Party Vote,1.0,5.0,4.0,0,21.0,3.0
PL4,PL,3.5,Ineligible / Not Applicable,,8.0,3.0,1,22.0,3.0
PL9,PL,7.0,Valid Party Vote,0.0,7.0,1.0,0,83.0,3.0
PL4,PL,3.6666666666666665,Valid Party Vote,1.0,7.0,6.0,1,35.0,3.0
PL9,PL,5.333333333333333,Valid Party Vote,0.0,6.0,7.0,0,44.0,3.0
PL9,PL,1.3333333333333333,Refuse to Say,,2.0,2.0,1,53.0,3.0
PL8,PL,6.0,Valid Party Vote,0.0,8.0,7.0,0,31.0,3.0
PL6,PL,0.0,Ineligible / Not Applicable,,5.0,2.0,0,24.0,3.0
PL5,PL,8.0,Valid Party Vote,1.0,8.0,5.0,1,66.0,3.0
PL7,PL,2.0,Valid Party Vote,0.0,6.0,7.0,1,24.0,3.0
PL9,PL,3.6666666666666665,Ineligible / Not Applicable,,4.0,7.0,0,39.0,3.0
PL8,PL,4.0,Valid Party Vote,1.0,5.0,2.0,0,71.0,3.0
PL5,PL,5.0,Valid Party Vote,0.0,10.0,7.0,1,45.0,3.0
PL6,PL,5.0,Refuse to Say,,,6.0,0,48.0,3.0
PL9,PL,6.666666666666667,Valid Party Vote,1.0,5.0,7.0,1,47.0,3.0
PL4,PL,3.6666666666666665,Ineligible / Not Applicable,,0.0,1.0,0,15.0,3.0
PL7,PL,5.0,Ineligible / Not Applicable,,5.0,6.0,1,44.0,3.0
PL9,PL,5.0,Ineligible / Not Applicable,,5.0,2.0,0,37.0,3.0
PL7,PL,2.3333333333333335,Valid Party Vote,0.0,5.0,4.0,0,55.0,3.0
PL6,PL,2.3333333333333335,Valid Party Vote,1.0,6.0,7.0,1,60.0,3.0
PL9,PL,4.666666666666667,Valid Party Vote,0.0,5.0,7.0,0,48.0,3.0
PL2,PL,4.333333333333333,Valid Party Vote,1.0,8.0,2.0,1,56.0,3.0
PL6,PL,0.6666666666666666,Ineligible / Not Applicable,,2.0,5.0,0,34.0,3.0
PL9,PL,2.6666666666666665,Valid Party Vote,0.0,5.0,7.0,0,63.0,3.0
PL8,PL,8.0,Ineligible / Not Applicable,,,4.0,1,23.0,3.0
PL5,PL,5.0,Valid Party Vote,0.0,5.0,6.0,0,46.0,3.0
PL4,PL,7.0,Valid Party Vote,0.0,5.0,4.0,1,50.0,3.0
PL4,PL,2.3333333333333335,Valid Party Vote,0.0,5.0,4.0,0,22.0,3.0
PL8,PL,3.6666666666666665,Valid Party Vote,0.0,4.0,7.0,1,30.0,3.0
PL2,PL,0.3333333333333333,Valid Party Vote,0.0,3.0,5.0,1,62.0,3.0
PL6,PL,4.666666666666667,Valid Party Vote,1.0,,4.0,1,83.0,3.0
PL7,PL,4.0,Valid Party Vote,0.0,6.0,4.0,0,42.0,3.0
PL6,PL,0.0,Refuse to Say,,2.0,3.0,0,45.0,3.0
PL8,PL,5.0,Valid Party Vote,0.0,5.0,5.0,1,64.0,3.0
PL4,PL,4.666666666666667,Valid Party Vote,1.0,5.0,2.0,1,63.0,3.0
PL7,PL,4.666666666666667,Valid Party Vote,1.0,4.0,2.0,0,67.0,3.0
PL2,PL,5.666666666666667,Refuse to Say,,7.0,2.0,0,48.0,3.0
PL7,PL,5.666666666666667,Valid Party Vote,0.0,7.0,5.0,1,62.0,3.0
PL2,PL,4.666666666666667,Valid Party Vote,0.0,5.0,7.0,1,42.0,3.0
PL9,PL,6.0,Ineligible / Not Applicable,,5.0,2.0,1,15.0,3.0
PL9,PL,2.6666666666666665,Valid Party Vote,0.0,4.0,6.0,0,40.0,3.0
PL5,PL,10.0,Valid Party Vote,1.0,0.0,4.0,0,75.0,3.0
PL9,PL,3.3333333333333335,Valid Party Vote,0.0,8.0,4.0,1,68.0,3.0
PL6,PL,2.6666666666666665,Valid Party Vote,0.0,7.0,7.0,0,35.0,3.0
PL5,PL,3.0,Ineligible / Not Applicable,,6.0,2.0,1,16.0,3.0
PL6,PL,3.6666666666666665,Ineligible / Not Applicable,,5.0,4.0,0,48.0,3.0
PL4,PL,5.666666666666667,Valid Party Vote,0.0,7.0,7.0,0,61.0,3.0
PL2,PL,3.0,Valid Party Vote,1.0,5.0,3.0,1,32.0,3.0
PL2,PL,2.3333333333333335,Valid Party Vote,1.0,4.0,4.0,0,30.0,3.0
PL7,PL,5.0,Valid Party Vote,0.0,,2.0,0,84.0,3.0
PL5,PL,0.6666666666666666,Valid Party Vote,0.0,5.0,4.0,0,60.0,3.0
PL5,PL,6.333333333333333,Valid Party Vote,1.0,6.0,2.0,0,54.0,3.0
PL8,PL,2.3333333333333335,Refuse to Say,,5.0,7.0,0,39.0,3.0
PL7,PL,4.333333333333333,Valid Party Vote,1.0,5.0,4.0,0,32.0,3.0
PL6,PL,5.666666666666667,Valid Party Vote,0.0,7.0,7.0,0,43.0,3.0
PL6,PL,2.6666666666666665,Valid Party Vote,0.0,6.0,5.0,0,41.0,3.0
PL8,PL,7.333333333333333,Valid Party Vote,1.0,3.0,3.0,0,70.0,3.0
PL4,PL,2.0,Valid Party Vote,0.0,6.0,4.0,1,70.0,3.0
PL4,PL,7.666666666666667,Valid Party Vote,0.0,5.0,7.0,0,48.0,3.0
PL8,PL,2.0,Refuse to Say,,2.0,1.0,1,78.0,3.0
PL6,PL,4.333333333333333,Ineligible / Not Applicable,,5.0,2.0,0,16.0,3.0
PL4,PL,2.6666666666666665,Valid Party Vote,1.0,,2.0,0,83.0,3.0
PL4,PL,4.0,Valid Party Vote,0.0,8.0,4.0,0,64.0,3.0
PL6,PL,1.6666666666666667,Valid Party Vote,1.0,4.0,3.0,1,69.0,3.0
PL9,PL,2.3333333333333335,Refuse to Say,,4.0,4.0,1,,3.0
PL7,PL,3.3333333333333335,Valid Party Vote,1.0,,2.0,0,68.0,3.0
PL4,PL,2.6666666666666665,Refuse to Say,,6.0,3.0,1,72.0,3.0
PL8,PL,4.666666666666667,Valid Party Vote,1.0,6.0,2.0,0,65.0,3.0
PL7,PL,0.6666666666666666,Valid Party Vote,0.0,5.0,3.0,0,56.0,3.0
PL9,PL,3.3333333333333335,Valid Party Vote,1.0,5.0,7.0,1,58.0,3.0
PL2,PL,1.0,Valid Party Vote,1.0,8.0,2.0,1,61.0,3.0
PL8,PL,3.3333333333333335,Valid Party Vote,0.0,9.0,2.0,1,18.0,3.0
PL2,PL,5.0,Ineligible / Not Applicable,,6.0,2.0,0,58.0,3.0
PL2,PL,6.0,Valid Party Vote,0.0,5.0,6.0,0,37.0,3.0
PL6,PL,1.6666666666666667,Valid Party Vote,0.0,10.0,4.0,0,39.0,3.0
PL7,PL,4.333333333333333,Valid Party Vote,1.0,5.0,3.0,0,40.0,3.0
PL4,PL,1.6666666666666667,Valid Party Vote,1.0,8.0,4.0,1,33.0,3.0
PL4,PL,3.6666666666666665,Valid Party Vote,0.0,7.0,7.0,1,73.0,3.0
PL6,PL,5.0,Valid Party Vote,0.0,5.0,6.0,0,70.0,3.0
PL2,PL,3.3333333333333335,Valid Party Vote,0.0,7.0,7.0,0,44.0,3.0
PL4,PL,2.5,Valid Party Vote,0.0,,4.0,1,67.0,3.0
PL2,PL,2.3333333333333335,Valid Party Vote,1.0,5.0,6.0,0,39.0,3.0
PL2,PL,5.666666666666667,Valid Party Vote,1.0,3.0,7.0,0,26.0,3.0
PL4,PL,3.6666666666666665,Valid Party Vote,0.0,10.0,7.0,0,42.0,3.0
PL4,PL,0.3333333333333333,Valid Party Vote,0.0,6.0,6.0,0,38.0,3.0
PL2,PL,5.0,Valid Party Vote,1.0,7.0,7.0,0,40.0,3.0
PL8,PL,2.0,Valid Party Vote,1.0,5.0,7.0,0,41.0,3.0
PL9,PL,5.0,Valid Party Vote,0.0,6.0,4.0,1,22.0,3.0
PL2,PL,4.0,Valid Party Vote,0.0,4.0,2.0,0,57.0,3.0
PL2,PL,2.3333333333333335,Valid Party Vote,1.0,4.0,3.0,1,,3.0
PL9,PL,3.0,Ineligible / Not Applicable,,,4.0,1,41.0,3.0
PL2,PL,4.333333333333333,Refuse to Say,,2.0,7.0,1,55.0,3.0
PL7,PL,10.0,Valid Party Vote,1.0,3.0,2.0,0,76.0,3.0
PL8,PL,2.6666666666666665,Valid Party Vote,1.0,9.0,2.0,1,54.0,3.0
PL4,PL,2.3333333333333335,Valid Party Vote,0.0,5.0,2.0,1,45.0,3.0
PL4,PL,1.6666666666666667,Ineligible / Not Applicable,,3.0,2.0,0,18.0,3.0
PL8,PL,4.0,Valid Party Vote,1.0,4.0,7.0,1,34.0,3.0
PL4,PL,0.0,Valid Party Vote,1.0,3.0,3.0,0,29.0,3.0
PL4,PL,6.0,Refuse to Say,,7.0,4.0,1,73.0,3.0
PL9,PL,3.0,Ineligible / Not Applicable,,1.0,2.0,0,35.0,3.0
PL9,PL,2.0,Valid Party Vote,0.0,6.0,4.0,0,67.0,3.0
PL7,PL,0.0,Ineligible / Not Applicable,,6.0,2.0,0,70.0,3.0
PL2,PL,3.0,Valid Party Vote,0.0,4.0,6.0,1,41.0,3.0
PL5,PL,6.0,Valid Party Vote,0.0,5.0,7.0,1,49.0,3.0
PL8,PL,2.3333333333333335,Valid Party Vote,0.0,8.0,7.0,0,63.0,3.0
PL7,PL,1.0,Refuse to Say,,5.0,4.0,1,47.0,3.0
PL7,PL,4.0,Refuse to Say,,5.0,4.0,1,76.0,3.0
PL4,PL,0.0,Valid Party Vote,0.0,0.0,3.0,1,36.0,3.0
PL7,PL,2.3333333333333335,Valid Party Vote,0.0,5.0,7.0,1,34.0,3.0
PL2,PL,3.3333333333333335,Refuse to Say,,0.0,7.0,0,38.0,3.0
PL8,PL,5.0,Valid Party Vote,1.0,10.0,3.0,0,36.0,3.0
PL2,PL,4.666666666666667,Valid Party Vote,1.0,5.0,3.0,1,69.0,3.0
PL2,PL,4.0,Valid Party Vote,0.0,4.0,4.0,0,22.0,3.0
PL6,PL,0.0,Ineligible / Not Applicable,,,3.0,0,34.0,3.0
PL7,PL,1.3333333333333333,Valid Party Vote,1.0,8.0,4.0,0,68.0,3.0
PL4,PL,6.0,Valid Party Vote,0.0,5.0,4.0,1,66.0,3.0
PL6,PL,4.666666666666667,Valid Party Vote,1.0,8.0,2.0,0,56.0,3.0
PL7,PL,1.0,Valid Party Vote,1.0,,2.0,1,74.0,3.0
PL7,PL,1.3333333333333333,Valid Party Vote,1.0,1.0,2.0,1,79.0,3.0
PL9,PL,3.6666666666666665,Valid Party Vote,0.0,7.0,7.0,0,43.0,3.0
PL4,PL,4.0,Valid Party Vote,0.0,5.0,4.0,0,68.0,3.0
PL2,PL,1.0,Valid Party Vote,0.0,4.0,2.0,0,72.0,3.0
PL6,PL,3.6666666666666665,Valid Party Vote,0.0,7.0,4.0,1,70.0,3.0
PL6,PL,2.6666666666666665,Ineligible / Not Applicable,,5.0,2.0,0,48.0,3.0
PL7,PL,2.6666666666666665,Ineligible / Not Applicable,,5.0,3.0,1,63.0,3.0
PL7,PL,1.0,Refuse to Say,,1.0,3.0,0,22.0,3.0
PL7,PL,3.3333333333333335,Valid Party Vote,1.0,5.0,2.0,1,58.0,3.0
PL9,PL,3.3333333333333335,Valid Party Vote,1.0,5.0,4.0,1,26.0,3.0
PL5,PL,0.0,Ineligible / Not Applicable,,10.0,3.0,1,47.0,3.0
PL8,PL,0.0,Valid Party Vote,1.0,,2.0,0,70.0,3.0
PL4,PL,1.3333333333333333,Ineligible / Not Applicable,,5.0,4.0,1,22.0,3.0
PL8,PL,4.333333333333333,Valid Party Vote,1.0,3.0,3.0,1,74.0,3.0
PL4,PL,4.0,Valid Party Vote,0.0,7.0,7.0,0,52.0,3.0
PL9,PL,3.3333333333333335,Valid Party Vote,1.0,3.0,7.0,1,25.0,3.0
PL9,PL,6.333333333333333,Valid Party Vote,0.0,7.0,7.0,0,55.0,3.0
PL4,PL,0.0,Ineligible / Not Applicable,,5.0,2.0,0,67.0,3.0
PL2,PL,3.0,Valid Party Vote,0.0,8.0,7.0,1,47.0,3.0
PL8,PL,2.5,Ineligible / Not Applicable,,5.0,2.0,1,76.0,3.0
PL5,PL,1.6666666666666667,Valid Party Vote,1.0,5.0,7.0,0,29.0,3.0
PL5,PL,5.333333333333333,Valid Party Vote,0.0,8.0,3.0,0,73.0,3.0
PL9,PL,4.0,Valid Party Vote,0.0,5.0,5.0,1,40.0,3.0
PL9,PL,4.333333333333333,Valid Party Vote,0.0,5.0,6.0,0,54.0,3.0
PL9,PL,6.0,Ineligible / Not Applicable,,7.0,2.0,1,34.0,3.0
PL9,PL,3.0,Valid Party Vote,0.0,,3.0,1,69.0,3.0
PL6,PL,8.0,Valid Party Vote,1.0,2.0,2.0,0,69.0,3.0
PL4,PL,3.0,Valid Party Vote,0.0,9.0,4.0,1,64.0,3.0
PL4,PL,3.3333333333333335,Valid Party Vote,0.0,7.0,4.0,0,34.0,3.0
PL8,PL,6.666666666666667,Valid Party Vote,0.0,7.0,6.0,1,23.0,3.0
PL9,PL,5.333333333333333,Valid Party Vote,1.0,2.0,4.0,1,27.0,3.0
PL2,PL,5.0,Ineligible / Not Applicable,,8.0,2.0,1,64.0,3.0
PL2,PL,4.666666666666667,Valid Party Vote,0.0,5.0,4.0,1,24.0,3.0
PL8,PL,6.666666666666667,Ineligible / Not Applicable,,6.0,2.0,0,15.0,3.0
PL8,PL,2.3333333333333335,Ineligible / Not Applicable,,5.0,2.0,0,18.0,3.0
PL9,PL,4.666666666666667,Valid Party Vote,1.0,4.0,4.0,0,40.0,3.0
PL9,PL,4.666666666666667,Ineligible / Not Applicable,,3.0,2.0,0,17.0,3.0
PL8,PL,1.6666666666666667,Ineligible / Not Applicable,,,2.0,0,69.0,3.0
PL6,PL,3.3333333333333335,Valid Party Vote,1.0,3.0,7.0,0,30.0,3.0
PL9,PL,5.0,Refuse to Say,,5.0,7.0,1,37.0,3.0
PL6,PL,5.666666666666667,Valid Party Vote,0.0,7.0,4.0,0,24.0,3.0
PL7,PL,2.0,Valid Party Vote,1.0,5.0,4.0,0,66.0,3.0
PL4,PL,3.6666666666666665,Valid Party Vote,0.0,10.0,7.0,0,71.0,3.0
PL7,PL,2.3333333333333335,Valid Party Vote,0.0,7.0,7.0,0,48.0,3.0
PL2,PL,2.0,Valid Party Vote,1.0,3.0,2.0,1,42.0,3.0
PL9,PL,3.6666666666666665,Valid Party Vote,0.0,8.0,6.0,1,32.0,3.0
PL2,PL,6.0,Valid Party Vote,0.0,5.0,4.0,1,21.0,3.0
PL7,PL,6.0,Refuse to Say,,5.0,7.0,1,62.0,3.0
PL5,PL,3.0,Valid Party Vote,1.0,7.0,2.0,0,67.0,3.0
PL5,PL,3.6666666666666665,Valid Party Vote,0.0,10.0,7.0,0,66.0,3.0
PL2,PL,7.666666666666667,Valid Party Vote,1.0,5.0,5.0,1,85.0,3.0
PL6,PL,4.666666666666667,Valid Party Vote,0.0,6.0,4.0,1,73.0,3.0
PL2,PL,4.333333333333333,Valid Party Vote,0.0,7.0,4.0,1,20.0,3.0
PL2,PL,1.0,Valid Party Vote,0.0,5.0,7.0,1,55.0,3.0
PL8,PL,3.6666666666666665,Ineligible / Not Applicable,,7.0,4.0,0,35.0,3.0
PL9,PL,5.333333333333333,Valid Party Vote,0.0,5.0,7.0,1,67.0,3.0
PL8,PL,2.6666666666666665,Valid Party Vote,1.0,2.0,2.0,1,49.0,3.0
PL4,PL,4.0,Refuse to Say,,8.0,4.0,1,66.0,3.0
PL4,PL,2.6666666666666665,Valid Party Vote,1.0,4.0,2.0,1,68.0,3.0
PL6,PL,5.0,Ineligible / Not Applicable,,5.0,4.0,0,17.0,3.0
PL5,PL,3.3333333333333335,Valid Party Vote,0.0,7.0,3.0,1,,3.0
PL8,PL,7.333333333333333,Ineligible / Not Applicable,,5.0,2.0,0,55.0,3.0
PL6,PL,4.333333333333333,Ineligible / Not Applicable,,7.0,2.0,1,18.0,3.0
PL9,PL,2.0,Valid Party Vote,1.0,1.0,2.0,0,72.0,3.0
PL7,PL,4.333333333333333,Valid Party Vote,1.0,3.0,2.0,0,85.0,3.0
PL7,PL,0.0,Ineligible / Not Applicable,,7.0,4.0,0,30.0,3.0
PL9,PL,3.0,Valid Party Vote,0.0,3.0,2.0,1,50.0,3.0
PL9,PL,6.0,Refuse to Say,,7.0,4.0,0,50.0,3.0
PL4,PL,6.0,Valid Party Vote,0.0,7.0,7.0,1,57.0,3.0
PL8,PL,5.666666666666667,Valid Party Vote,1.0,5.0,4.0,0,33.0,3.0
PL9,PL,3.0,Ineligible / Not Applicable,,0.0,5.0,1,72.0,3.0
PL9,PL,6.333333333333333,Valid Party Vote,0.0,8.0,7.0,0,42.0,3.0
PL5,PL,0.0,Valid Party Vote,1.0,8.0,2.0,1,46.0,3.0
PL9,PL,0.6666666666666666,Ineligible / Not Applicable,,3.0,1.0,0,70.0,3.0
PL9,PL,4.0,Valid Party Vote,0.0,5.0,4.0,0,55.0,3.0
PL9,PL,3.3333333333333335,Valid Party Vote,0.0,4.0,2.0,1,18.0,3.0
PL8,PL,2.6666666666666665,Valid Party Vote,1.0,5.0,3.0,0,68.0,3.0
PL2,PL,5.333333333333333,Refuse to Say,,4.0,7.0,1,39.0,3.0
PL6,PL,1.6666666666666667,Valid Party Vote,0.0,5.0,7.0,0,70.0,3.0
PL6,PL,2.6666666666666665,Valid Party Vote,1.0,4.0,4.0,0,32.0,3.0
PL9,PL,4.666666666666667,Valid Party Vote,1.0,5.0,7.0,1,41.0,3.0
PL2,PL,1.6666666666666667,Valid Party Vote,0.0,7.0,7.0,1,22.0,3.0
PL8,PL,7.333333333333333,Valid Party Vote,1.0,3.0,2.0,1,54.0,3.0
PL9,PL,2.0,Valid Party Vote,1.0,5.0,2.0,1,53.0,3.0
PL7,PL,9.0,Valid Party Vote,1.0,6.0,2.0,1,70.0,3.0
PL7,PL,3.3333333333333335,Ineligible / Not Applicable,,9.0,2.0,0,73.0,3.0
PL8,PL,1.0,Ineligible / Not Applicable,,3.0,4.0,1,21.0,3.0
PL2,PL,8.0,Valid Party Vote,1.0,5.0,4.0,1,72.0,3.0
PL2,PL,,Refuse to Say,,5.0,7.0,1,77.0,3.0
PL7,PL,0.3333333333333333,Ineligible / Not Applicable,,6.0,4.0,0,46.0,3.0
PL6,PL,1.6666666666666667,Valid Party Vote,1.0,10.0,2.0,1,82.0,3.0
PL2,PL,5.0,Valid Party Vote,1.0,8.0,4.0,1,64.0,3.0
PL4,PL,3.6666666666666665,Valid Party Vote,0.0,,7.0,1,74.0,3.0
PL5,PL,1.6666666666666667,Valid Party Vote,1.0,2.0,2.0,0,58.0,3.0
PL7,PL,1.3333333333333333,Valid Party Vote,0.0,5.0,7.0,1,32.0,3.0
PL6,PL,0.6666666666666666,Ineligible / Not Applicable,,8.0,3.0,1,27.0,3.0
PL2,PL,2.0,Ineligible / Not Applicable,,0.0,2.0,1,69.0,3.0
PL2,PL,4.666666666666667,Valid Party Vote,0.0,9.0,6.0,0,27.0,3.0
PL8,PL,4.333333333333333,Ineligible / Not Applicable,,,2.0,0,15.0,3.0
PL9,PL,2.0,Valid Party Vote,1.0,6.0,3.0,1,78.0,3.0
PL2,PL,7.0,Valid Party Vote,1.0,5.0,2.0,0,52.0,3.0
PL7,PL,4.333333333333333,Valid Party Vote,1.0,7.0,7.0,1,30.0,3.0
PL2,PL,8.333333333333334,Valid Party Vote,0.0,7.0,3.0,0,52.0,3.0
PL6,PL,3.3333333333333335,Ineligible / Not Applicable,,3.0,5.0,1,69.0,3.0
PL7,PL,5.0,Valid Party Vote,1.0,7.0,3.0,0,72.0,3.0
PL6,PL,3.6666666666666665,Refuse to Say,,8.0,7.0,0,48.0,3.0
PL5,PL,4.0,Ineligible / Not Applicable,,,2.0,1,17.0,3.0
PL2,PL,0.3333333333333333,Valid Party Vote,1.0,0.0,4.0,1,69.0,3.0
PL5,PL,7.333333333333333,Ineligible / Not Applicable,,5.0,4.0,1,31.0,3.0
PL5,PL,4.0,Ineligible / Not Applicable,,5.0,2.0,0,16.0,3.0
PL2,PL,1.0,Valid Party Vote,0.0,5.0,2.0,1,33.0,3.0
PL9,PL,5.333333333333333,Valid Party Vote,0.0,5.0,3.0,1,71.0,3.0
PL6,PL,3.3333333333333335,Valid Party Vote,1.0,9.0,4.0,0,50.0,3.0
PL2,PL,3.3333333333333335,Valid Party Vote,1.0,2.0,2.0,0,57.0,3.0
PL4,PL,3.0,Valid Party Vote,1.0,6.0,2.0,1,70.0,3.0
PL2,PL,0.0,Valid Party Vote,1.0,8.0,2.0,0,48.0,3.0
PL8,PL,9.0,Valid Party Vote,1.0,3.0,2.0,0,69.0,3.0
PL8,PL,6.0,Valid Party Vote,0.0,5.0,4.0,1,56.0,3.0
PL8,PL,1.3333333333333333,Valid Party Vote,1.0,7.0,4.0,0,67.0,3.0
PL9,PL,6.333333333333333,Valid Party Vote,0.0,7.0,7.0,1,45.0,3.0
PL9,PL,6.5,Valid Party Vote,0.0,5.0,2.0,0,54.0,3.0
PL6,PL,3.3333333333333335,Valid Party Vote,1.0,9.0,4.0,1,40.0,3.0
PL9,PL,5.0,Valid Party Vote,1.0,10.0,4.0,0,67.0,3.0
PL6,PL,1.3333333333333333,Valid Party Vote,0.0,7.0,4.0,1,70.0,3.0
PL7,PL,4.0,Valid Party Vote,0.0,0.0,4.0,1,43.0,3.0
PL8,PL,5.0,Refuse to Say,,5.0,2.0,1,77.0,3.0
PL7,PL,7.666666666666667,Valid Party Vote,1.0,10.0,2.0,0,64.0,3.0
PL7,PL,2.3333333333333335,Refuse to Say,,5.0,5.0,0,72.0,3.0
PL2,PL,3.6666666666666665,Refuse to Say,,5.0,3.0,1,52.0,3.0
PL7,PL,3.6666666666666665,Ineligible / Not Applicable,,7.0,3.0,1,45.0,3.0
PL2,PL,4.333333333333333,Valid Party Vote,0.0,5.0,7.0,1,36.0,3.0
PL5,PL,1.6666666666666667,Valid Party Vote,1.0,4.0,2.0,0,67.0,3.0
PL5,PL,3.6666666666666665,Valid Party Vote,1.0,2.0,5.0,1,63.0,3.0
PL4,PL,3.3333333333333335,Valid Party Vote,0.0,8.0,2.0,0,68.0,3.0
PL2,PL,1.6666666666666667,Valid Party Vote,1.0,5.0,7.0,0,51.0,3.0
PL8,PL,8.333333333333334,Valid Party Vote,1.0,5.0,2.0,0,52.0,3.0
PL2,PL,2.3333333333333335,Valid Party Vote,1.0,7.0,4.0,0,71.0,3.0
PL2,PL,4.0,Valid Party Vote,0.0,0.0,3.0,1,34.0,3.0
PL4,PL,3.3333333333333335,Valid Party Vote,0.0,5.0,4.0,1,60.0,3.0
PL8,PL,3.3333333333333335,Refuse to Say,,5.0,2.0,0,62.0,3.0
PL2,PL,1.0,Valid Party Vote,0.0,5.0,3.0,1,63.0,3.0
PL6,PL,3.6666666666666665,Valid Party Vote,0.0,5.0,6.0,1,25.0,3.0
PL9,PL,7.0,Valid Party Vote,0.0,6.0,4.0,0,21.0,3.0
PL8,PL,2.0,Valid Party Vote,0.0,3.0,3.0,0,32.0,3.0
PL6,PL,3.6666666666666665,Valid Party Vote,1.0,5.0,2.0,0,65.0,3.0
PL7,PL,7.666666666666667,Ineligible / Not Applicable,,0.0,4.0,0,69.0,3.0
PL2,PL,3.3333333333333335,Valid Party Vote,1.0,6.0,4.0,0,31.0,3.0
PL2,PL,5.0,Valid Party Vote,1.0,6.0,2.0,1,63.0,3.0
PL9,PL,3.6666666666666665,Valid Party Vote,1.0,3.0,7.0,1,48.0,3.0
PL2,PL,1.3333333333333333,Ineligible / Not Applicable,,2.0,2.0,1,15.0,3.0
PL8,PL,2.0,Refuse to Say,,6.0,3.0,0,34.0,3.0
PL7,PL,2.3333333333333335,Refuse to Say,,4.0,7.0,1,46.0,3.0
PL7,PL,2.0,Valid Party Vote,0.0,5.0,7.0,1,33.0,3.0
PL2,PL,5.666666666666667,Valid Party Vote,0.0,6.0,4.0,1,70.0,3.0
PL8,PL,1.6666666666666667,Valid Party Vote,0.0,5.0,7.0,0,34.0,3.0
PL7,PL,4.666666666666667,Valid Party Vote,0.0,5.0,7.0,1,68.0,3.0
PL7,PL,7.666666666666667,Valid Party Vote,1.0,5.0,4.0,1,35.0,3.0
PL4,PL,7.0,Refuse to Say,,3.0,3.0,0,51.0,3.0
PL8,PL,4.0,Valid Party Vote,1.0,5.0,2.0,1,71.0,3.0
PL6,PL,8.333333333333334,Valid Party Vote,0.0,8.0,7.0,1,30.0,3.0
PL2,PL,1.0,Valid Party Vote,1.0,2.0,2.0,1,54.0,3.0
PL7,PL,1.6666666666666667,Valid Party Vote,1.0,,2.0,1,60.0,3.0
PL2,PL,0.0,Valid Party Vote,1.0,0.0,2.0,0,63.0,3.0
PL8,PL,3.3333333333333335,Ineligible / Not Applicable,,,4.0,1,30.0,3.0
PL8,PL,9.0,Valid Party Vote,1.0,5.0,4.0,0,81.0,3.0
PL4,PL,1.6666666666666667,Valid Party Vote,1.0,8.0,4.0,0,55.0,3.0
PL7,PL,6.666666666666667,Valid Party Vote,0.0,,7.0,1,36.0,3.0
PL4,PL,1.0,Valid Party Vote,0.0,3.0,2.0,1,40.0,3.0
PL8,PL,5.0,Valid Party Vote,1.0,5.0,7.0,1,35.0,3.0
PL8,PL,8.0,Valid Party Vote,0.0,5.0,4.0,1,64.0,3.0
PL4,PL,4.0,Valid Party Vote,0.0,5.0,3.0,1,28.0,3.0
PL2,PL,8.5,Valid Party Vote,0.0,8.0,7.0,1,81.0,3.0
PL9,PL,4.666666666666667,Valid Party Vote,0.0,6.0,7.0,1,42.0,3.0
PL2,PL,2.3333333333333335,Valid Party Vote,1.0,4.0,7.0,0,37.0,3.0
PL9,PL,0.0,Valid Party Vote,0.0,8.0,7.0,1,61.0,3.0
PL4,PL,1.6666666666666667,Ineligible / Not Applicable,,7.0,2.0,1,16.0,3.0
PL4,PL,2.6666666666666665,Ineligible / Not Applicable,,8.0,2.0,1,16.0,3.0
PL5,PL,1.0,Valid Party Vote,0.0,,2.0,0,68.0,3.0
PL8,PL,3.6666666666666665,Valid Party Vote,1.0,3.0,2.0,0,62.0,3.0
PL2,PL,5.0,Valid Party Vote,1.0,8.0,3.0,0,74.0,3.0
PL9,PL,1.6666666666666667,Refuse to Say,,4.0,4.0,0,23.0,3.0
PL6,PL,4.0,Valid Party Vote,0.0,5.0,4.0,0,20.0,3.0
PL6,PL,0.0,Refuse to Say,,2.0,2.0,0,67.0,3.0
PL5,PL,4.333333333333333,Valid Party Vote,0.0,5.0,4.0,0,34.0,3.0
PL4,PL,0.3333333333333333,Valid Party Vote,1.0,5.0,2.0,0,77.0,3.0
PL9,PL,4.0,Ineligible / Not Applicable,,4.0,2.0,0,18.0,3.0
PL4,PL,0.0,Ineligible / Not Applicable,,8.0,2.0,0,,3.0
PL5,PL,3.6666666666666665,Valid Party Vote,0.0,10.0,2.0,0,69.0,3.0
PL7,PL,3.3333333333333335,Refuse to Say,,6.0,4.0,0,60.0,3.0
PL8,PL,5.0,Refuse to Say,,5.0,7.0,1,45.0,3.0
PL7,PL,1.0,Ineligible / Not Applicable,,5.0,2.0,0,19.0,3.0
PL4,PL,4.0,Valid Party Vote,1.0,5.0,4.0,0,69.0,3.0
PL6,PL,6.333333333333333,Valid Party Vote,1.0,8.0,2.0,0,50.0,3.0
PL4,PL,4.666666666666667,Valid Party Vote,0.0,6.0,4.0,1,24.0,3.0
PL4,PL,3.6666666666666665,Valid Party Vote,0.0,,4.0,1,30.0,3.0
PL2,PL,2.6666666666666665,Valid Party Vote,0.0,5.0,7.0,1,38.0,3.0
PL9,PL,3.6666666666666665,Valid Party Vote,1.0,7.0,7.0,1,43.0,3.0
PL7,PL,7.0,Refuse to Say,,6.0,6.0,0,39.0,3.0
PL8,PL,1.0,Valid Party Vote,1.0,0.0,2.0,1,53.0,3.0
PL8,PL,6.666666666666667,Valid Party Vote,1.0,,7.0,1,49.0,3.0
PL2,PL,2.0,Valid Party Vote,1.0,8.0,4.0,0,70.0,3.0
PL4,PL,,Refuse to Say,,,3.0,1,38.0,3.0
PL8,PL,4.333333333333333,Valid Party Vote,0.0,5.0,7.0,1,71.0,3.0
PL6,PL,1.3333333333333333,Valid Party Vote,0.0,8.0,4.0,0,53.0,3.0
PL4,PL,2.0,Valid Party Vote,0.0,8.0,7.0,1,64.0,3.0
PL4,PL,2.0,Ineligible / Not Applicable,,2.0,3.0,1,25.0,3.0
PL7,PL,3.6666666666666665,Valid Party Vote,0.0,5.0,4.0,1,27.0,3.0
PL7,PL,5.666666666666667,Valid Party Vote,1.0,5.0,3.0,0,78.0,3.0
PL9,PL,1.6666666666666667,Valid Party Vote,1.0,6.0,4.0,0,24.0,3.0
PL7,PL,5.0,Valid Party Vote,0.0,4.0,4.0,0,65.0,3.0
PL8,PL,4.0,Valid Party Vote,1.0,5.0,2.0,0,73.0,3.0
PL2,PL,5.0,Ineligible / Not Applicable,,5.0,2.0,1,16.0,3.0
PL4,PL,3.0,Valid Party Vote,0.0,4.0,6.0,1,57.0,3.0
PL2,PL,8.333333333333334,Valid Party Vote,1.0,7.0,6.0,1,35.0,3.0
PL6,PL,7.666666666666667,Valid Party Vote,0.0,8.0,7.0,0,38.0,3.0
PL4,PL,3.0,Valid Party Vote,0.0,5.0,4.0,0,25.0,3.0
PL6,PL,1.3333333333333333,Ineligible / Not Applicable,,5.0,4.0,1,27.0,3.0
PL2,PL,1.3333333333333333,Valid Party Vote,0.0,8.0,4.0,0,44.0,3.0
PL5,PL,1.3333333333333333,Valid Party Vote,1.0,5.0,3.0,1,73.0,3.0
PL2,PL,3.0,Valid Party Vote,0.0,2.0,6.0,1,38.0,3.0
PL8,PL,2.3333333333333335,Valid Party Vote,0.0,4.0,7.0,1,35.0,3.0
PL5,PL,2.0,Valid Party Vote,0.0,5.0,7.0,0,53.0,3.0
PL7,PL,2.6666666666666665,Valid Party Vote,0.0,4.0,7.0,1,64.0,3.0
PL6,PL,2.6666666666666665,Refuse to Say,,,4.0,1,69.0,3.0
PL7,PL,3.3333333333333335,Valid Party Vote,1.0,6.0,7.0,1,46.0,3.0
PL4,PL,5.0,Ineligible / Not Applicable,,5.0,2.0,0,50.0,3.0
PL9,PL,6.666666666666667,Valid Party Vote,1.0,8.0,2.0,1,75.0,3.0
PL2,PL,1.3333333333333333,Valid Party Vote,1.0,2.0,2.0,0,69.0,3.0
PL8,PL,4.666666666666667,Valid Party Vote,0.0,6.0,4.0,1,22.0,3.0
PL7,PL,3.3333333333333335,Valid Party Vote,1.0,8.0,7.0,1,49.0,3.0
PL5,PL,1.0,Valid Party Vote,0.0,5.0,7.0,1,55.0,3.0
PL7,PL,5.0,Ineligible / Not Applicable,,5.0,2.0,0,75.0,3.0
PL2,PL,7.0,Valid Party Vote,0.0,7.0,7.0,1,35.0,3.0
PL7,PL,5.0,Valid Party Vote,0.0,5.0,2.0,0,31.0,3.0
PL8,PL,2.3333333333333335,Valid Party Vote,1.0,8.0,3.0,0,60.0,3.0
PL8,PL,4.0,Valid Party Vote,0.0,5.0,3.0,0,72.0,3.0
PL2,PL,3.6666666666666665,Valid Party Vote,0.0,5.0,7.0,1,47.0,3.0
PL5,PL,3.0,Don't Know,,4.0,7.0,1,42.0,3.0
PL9,PL,1.6666666666666667,Valid Party Vote,1.0,5.0,2.0,1,59.0,3.0
PL9,PL,1.6666666666666667,Valid Party Vote,0.0,5.0,4.0,0,24.0,3.0
PL9,PL,3.6666666666666665,Ineligible / Not Applicable,,7.0,7.0,1,29.0,3.0
PL2,PL,1.3333333333333333,Valid Party Vote,0.0,8.0,3.0,0,,3.0
PL8,PL,3.0,Valid Party Vote,1.0,5.0,7.0,1,62.0,3.0
PL7,PL,2.0,Valid Party Vote,1.0,,4.0,1,78.0,3.0
PL5,PL,4.333333333333333,Valid Party Vote,0.0,5.0,5.0,1,72.0,3.0
PL2,PL,3.0,Valid Party Vote,1.0,1.0,2.0,0,57.0,3.0
PL8,PL,5.0,Valid Party Vote,0.0,5.0,4.0,0,43.0,3.0
PL7,PL,1.6666666666666667,Valid Party Vote,1.0,0.0,7.0,1,85.0,3.0
PL5,PL,,Refuse to Say,,,3.0,1,64.0,3.0
PL2,PL,,No Answer / System Missing,,,,0,,3.0
PL7,PL,2.3333333333333335,Valid Party Vote,0.0,5.0,7.0,1,46.0,3.0
PL2,PL,5.333333333333333,Valid Party Vote,1.0,4.0,6.0,1,38.0,3.0
PL6,PL,6.333333333333333,Valid Party Vote,1.0,5.0,2.0,0,81.0,3.0
PL4,PL,4.333333333333333,Valid Party Vote,0.0,8.0,7.0,0,71.0,3.0
PL4,PL,2.5,Valid Party Vote,1.0,0.0,2.0,1,70.0,3.0
PL2,PL,5.666666666666667,Valid Party Vote,0.0,5.0,7.0,1,37.0,3.0
PL8,PL,2.0,Refuse to Say,,8.0,7.0,1,40.0,3.0
PL2,PL,3.0,Valid Party Vote,1.0,5.0,2.0,0,45.0,3.0
PL8,PL,4.0,Valid Party Vote,1.0,6.0,2.0,1,66.0,3.0
PL8,PL,4.666666666666667,Refuse to Say,,9.0,7.0,1,49.0,3.0
PL6,PL,3.6666666666666665,Ineligible / Not Applicable,,6.0,2.0,0,19.0,3.0
PL4,PL,3.0,Valid Party Vote,0.0,6.0,3.0,0,26.0,3.0
PL6,PL,3.0,Valid Party Vote,1.0,9.0,3.0,1,57.0,3.0
PL4,PL,2.3333333333333335,Valid Party Vote,1.0,4.0,2.0,0,38.0,3.0
PL2,PL,2.3333333333333335,Valid Party Vote,0.0,8.0,4.0,0,23.0,3.0
PL9,PL,2.3333333333333335,Valid Party Vote,1.0,5.0,4.0,0,25.0,3.0
PL6,PL,3.0,Valid Party Vote,0.0,8.0,3.0,0,74.0,3.0
PL5,PL,5.333333333333333,Valid Party Vote,0.0,7.0,5.0,0,53.0,3.0
PL2,PL,4.0,Valid Party Vote,0.0,6.0,6.0,0,36.0,3.0
PL5,PL,9.333333333333334,Valid Party Vote,0.0,5.0,2.0,1,,3.0
PL4,PL,6.666666666666667,Valid Party Vote,0.0,5.0,3.0,0,19.0,3.0
PL8,PL,5.0,Valid Party Vote,1.0,3.0,7.0,1,79.0,3.0
PL9,PL,6.333333333333333,Valid Party Vote,0.0,8.0,2.0,1,75.0,3.0
PL5,PL,2.3333333333333335,Valid Party Vote,0.0,8.0,3.0,1,73.0,3.0
PL4,PL,0.6666666666666666,Refuse to Say,,5.0,2.0,1,42.0,3.0
SE2,SE,2.0,Valid Party Vote,0.0,4.0,4.0,1,27.0,0.0
SE2,SE,5.666666666666667,Valid Party Vote,0.0,3.0,5.0,1,85.0,0.0
SE3,SE,6.0,Valid Party Vote,0.0,8.0,4.0,1,64.0,0.0
SE2,SE,5.0,Valid Party Vote,0.0,7.0,5.0,1,68.0,0.0
SE2,SE,7.0,Refuse to Say,,7.0,5.0,1,57.0,0.0
SE1,SE,5.333333333333333,Valid Party Vote,0.0,7.0,4.0,0,65.0,0.0
SE1,SE,4.666666666666667,Valid Party Vote,0.0,7.0,5.0,1,72.0,0.0
SE3,SE,4.666666666666667,Valid Party Vote,0.0,9.0,3.0,0,53.0,0.0
SE2,SE,6.333333333333333,Valid Party Vote,0.0,3.0,6.0,1,76.0,0.0
SE2,SE,4.0,Valid Party Vote,0.0,3.0,4.0,0,19.0,0.0
SE2,SE,8.666666666666666,Valid Party Vote,0.0,7.0,7.0,0,36.0,0.0
SE2,SE,4.0,Ineligible / Not Applicable,,8.0,5.0,1,43.0,0.0
SE3,SE,3.3333333333333335,Valid Party Vote,0.0,5.0,4.0,1,30.0,0.0
SE3,SE,6.333333333333333,Valid Party Vote,0.0,6.0,7.0,1,34.0,0.0
SE2,SE,5.0,Valid Party Vote,0.0,0.0,5.0,0,47.0,0.0
SE2,SE,3.6666666666666665,Valid Party Vote,0.0,7.0,5.0,1,32.0,0.0
SE2,SE,5.0,Valid Party Vote,0.0,8.0,6.0,1,42.0,0.0
SE1,SE,6.333333333333333,Valid Party Vote,0.0,7.0,7.0,1,44.0,0.0
SE3,SE,8.0,Valid Party Vote,0.0,8.0,2.0,0,64.0,0.0
SE1,SE,9.0,Don't Know,,8.0,7.0,1,42.0,0.0
SE1,SE,8.333333333333334,Valid Party Vote,0.0,8.0,5.0,1,57.0,0.0
SE3,SE,7.333333333333333,Valid Party Vote,0.0,5.0,5.0,1,43.0,0.0
SE2,SE,6.333333333333333,Valid Party Vote,0.0,8.0,6.0,1,53.0,0.0
SE2,SE,6.666666666666667,Valid Party Vote,0.0,8.0,7.0,0,32.0,0.0
SE1,SE,7.666666666666667,Valid Party Vote,0.0,5.0,4.0,0,39.0,0.0
SE2,SE,1.0,Valid Party Vote,0.0,7.0,6.0,1,35.0,0.0
SE3,SE,7.333333333333333,Valid Party Vote,0.0,8.0,6.0,1,41.0,0.0
SE2,SE,2.0,Valid Party Vote,0.0,,2.0,1,85.0,0.0
SE2,SE,7.333333333333333,Valid Party Vote,0.0,7.0,6.0,0,43.0,0.0
SE2,SE,5.0,Valid Party Vote,0.0,5.0,5.0,1,37.0,0.0
SE1,SE,6.0,Valid Party Vote,0.0,7.0,5.0,1,74.0,0.0
SE1,SE,9.0,Valid Party Vote,0.0,10.0,5.0,1,63.0,0.0
SE2,SE,7.333333333333333,Valid Party Vote,0.0,4.0,7.0,0,49.0,0.0
SE1,SE,7.333333333333333,Valid Party Vote,0.0,7.0,7.0,1,64.0,0.0
SE2,SE,5.0,Refuse to Say,,5.0,7.0,0,79.0,0.0
SE2,SE,7.333333333333333,Valid Party Vote,0.0,8.0,5.0,0,59.0,0.0
SE2,SE,8.0,Valid Party Vote,0.0,8.0,7.0,0,45.0,0.0
SE2,SE,5.0,Valid Party Vote,0.0,10.0,6.0,1,48.0,0.0
SE1,SE,8.0,Valid Party Vote,0.0,10.0,7.0,1,47.0,0.0
SE3,SE,6.333333333333333,Valid Party Vote,0.0,8.0,4.0,1,25.0,0.0
SE2,SE,1.3333333333333333,Valid Party Vote,1.0,0.0,3.0,1,64.0,0.0
SE3,SE,4.666666666666667,Valid Party Vote,0.0,10.0,4.0,0,43.0,0.0
SE2,SE,6.666666666666667,Valid Party Vote,0.0,8.0,6.0,1,29.0,0.0
SE2,SE,3.0,Valid Party Vote,1.0,2.0,4.0,0,64.0,0.0
SE1,SE,6.666666666666667,Valid Party Vote,0.0,5.0,6.0,1,45.0,0.0
SE2,SE,6.0,Refuse to Say,,5.0,7.0,1,89.0,0.0
SE2,SE,3.3333333333333335,Valid Party Vote,0.0,5.0,5.0,1,75.0,0.0
SE2,SE,1.3333333333333333,Valid Party Vote,1.0,0.0,2.0,0,19.0,0.0
SE1,SE,4.666666666666667,Valid Party Vote,0.0,4.0,1.0,0,78.0,0.0
SE2,SE,6.666666666666667,Valid Party Vote,0.0,7.0,4.0,1,73.0,0.0
SE2,SE,6.333333333333333,Valid Party Vote,0.0,5.0,3.0,0,59.0,0.0
SE1,SE,9.0,Valid Party Vote,0.0,7.0,4.0,0,57.0,0.0
SE2,SE,4.666666666666667,Valid Party Vote,0.0,9.0,7.0,1,67.0,0.0
SE3,SE,8.666666666666666,Valid Party Vote,0.0,10.0,7.0,0,42.0,0.0
SE3,SE,7.0,Valid Party Vote,0.0,7.0,5.0,1,67.0,0.0
SE1,SE,6.333333333333333,Valid Party Vote,0.0,5.0,5.0,0,29.0,0.0
SE3,SE,8.333333333333334,Valid Party Vote,0.0,7.0,5.0,0,84.0,0.0
SE2,SE,5.0,Ineligible / Not Applicable,,3.0,4.0,0,65.0,0.0
SE2,SE,6.333333333333333,Ineligible / Not Applicable,,6.0,4.0,0,19.0,0.0
SE1,SE,7.333333333333333,Valid Party Vote,0.0,10.0,7.0,1,43.0,0.0
SE1,SE,8.0,Valid Party Vote,0.0,8.0,2.0,0,90.0,0.0
SE1,SE,6.666666666666667,Valid Party Vote,0.0,4.0,6.0,1,65.0,0.0
SE1,SE,7.333333333333333,Valid Party Vote,0.0,9.0,5.0,1,75.0,0.0
SE2,SE,6.666666666666667,Valid Party Vote,0.0,6.0,6.0,0,75.0,0.0
SE3,SE,7.666666666666667,Valid Party Vote,0.0,5.0,7.0,1,37.0,0.0
SE2,SE,5.333333333333333,Valid Party Vote,0.0,7.0,4.0,0,69.0,0.0
SE3,SE,7.333333333333333,Valid Party Vote,0.0,9.0,6.0,1,41.0,0.0
SE1,SE,6.666666666666667,Valid Party Vote,0.0,9.0,4.0,0,39.0,0.0
SE3,SE,5.0,Valid Party Vote,0.0,8.0,5.0,1,84.0,0.0
SE1,SE,6.666666666666667,Valid Party Vote,0.0,7.0,4.0,0,32.0,0.0
SE2,SE,0.6666666666666666,Valid Party Vote,1.0,0.0,2.0,0,19.0,0.0
SE1,SE,8.333333333333334,Valid Party Vote,0.0,9.0,4.0,0,67.0,0.0
SE1,SE,7.666666666666667,Valid Party Vote,0.0,10.0,5.0,0,57.0,0.0
SE1,SE,6.0,Valid Party Vote,0.0,9.0,7.0,1,35.0,0.0
SE2,SE,8.333333333333334,Valid Party Vote,0.0,10.0,5.0,1,61.0,0.0
SE1,SE,9.0,Valid Party Vote,0.0,6.0,7.0,0,32.0,0.0
SE1,SE,6.666666666666667,Valid Party Vote,0.0,7.0,4.0,1,56.0,0.0
SE2,SE,5.0,Valid Party Vote,0.0,6.0,2.0,0,71.0,0.0
SE3,SE,6.666666666666667,Valid Party Vote,0.0,8.0,4.0,0,38.0,0.0
SE2,SE,8.333333333333334,Valid Party Vote,0.0,8.0,6.0,0,31.0,0.0
SE3,SE,6.0,Valid Party Vote,0.0,8.0,3.0,0,61.0,0.0
SE2,SE,7.0,Valid Party Vote,0.0,5.0,5.0,0,50.0,0.0
SE2,SE,2.0,Valid Party Vote,1.0,2.0,5.0,0,67.0,0.0
SE3,SE,6.666666666666667,Valid Party Vote,0.0,7.0,4.0,0,47.0,0.0
SE2,SE,5.0,Valid Party Vote,0.0,4.0,2.0,0,31.0,0.0
SE2,SE,7.666666666666667,Valid Party Vote,0.0,7.0,3.0,0,77.0,0.0
SE1,SE,3.6666666666666665,Valid Party Vote,0.0,8.0,6.0,0,30.0,0.0
SE2,SE,3.0,Valid Party Vote,0.0,5.0,4.0,0,38.0,0.0
SE1,SE,7.333333333333333,Valid Party Vote,0.0,5.0,2.0,1,67.0,0.0
SE1,SE,3.0,Valid Party Vote,0.0,9.0,5.0,1,70.0,0.0
SE2,SE,5.0,Valid Party Vote,1.0,4.0,4.0,0,39.0,0.0
SE3,SE,0.6666666666666666,Valid Party Vote,1.0,2.0,5.0,0,70.0,0.0
SE2,SE,3.0,Valid Party Vote,0.0,7.0,6.0,1,50.0,0.0
SE1,SE,7.666666666666667,Valid Party Vote,0.0,10.0,4.0,0,47.0,0.0
SE1,SE,8.333333333333334,Valid Party Vote,0.0,5.0,6.0,0,54.0,0.0
SE3,SE,6.333333333333333,Ineligible / Not Applicable,,9.0,3.0,1,79.0,0.0
SE2,SE,4.666666666666667,Valid Party Vote,0.0,6.0,5.0,0,74.0,0.0
SE2,SE,5.666666666666667,Valid Party Vote,0.0,7.0,4.0,0,75.0,0.0
SE1,SE,6.666666666666667,Valid Party Vote,0.0,8.0,,1,74.0,0.0
SE2,SE,5.666666666666667,Valid Party Vote,0.0,5.0,4.0,1,41.0,0.0
SE2,SE,4.666666666666667,Ineligible / Not Applicable,,4.0,3.0,1,72.0,0.0
SE3,SE,8.333333333333334,Valid Party Vote,0.0,10.0,5.0,1,45.0,0.0
SE1,SE,3.6666666666666665,Valid Party Vote,0.0,7.0,6.0,1,29.0,0.0
SE2,SE,6.0,Ineligible / Not Applicable,,9.0,4.0,0,56.0,0.0
SE1,SE,3.0,Valid Party Vote,1.0,5.0,6.0,0,47.0,0.0
SE2,SE,8.333333333333334,Valid Party Vote,0.0,8.0,5.0,0,73.0,0.0
SE3,SE,8.0,Valid Party Vote,0.0,7.0,4.0,0,32.0,0.0
SE3,SE,7.333333333333333,Refuse to Say,,7.0,5.0,1,74.0,0.0
SE3,SE,7.333333333333333,Valid Party Vote,0.0,10.0,7.0,1,33.0,0.0
SE3,SE,7.333333333333333,Valid Party Vote,0.0,5.0,2.0,0,83.0,0.0
SE2,SE,8.0,Valid Party Vote,0.0,7.0,6.0,1,48.0,0.0
SE2,SE,8.0,Valid Party Vote,0.0,7.0,6.0,0,62.0,0.0
SE2,SE,8.0,Valid Party Vote,0.0,9.0,5.0,0,61.0,0.0
SE2,SE,6.333333333333333,Valid Party Vote,1.0,5.0,4.0,1,81.0,0.0
SE3,SE,6.0,Valid Party Vote,0.0,8.0,4.0,0,49.0,0.0
SE3,SE,5.333333333333333,Valid Party Vote,0.0,6.0,5.0,0,48.0,0.0
SE3,SE,6.666666666666667,Valid Party Vote,1.0,1.0,1.0,0,79.0,0.0
SE3,SE,4.0,Valid Party Vote,0.0,8.0,3.0,1,63.0,0.0
SE2,SE,7.0,Refuse to Say,,6.0,4.0,0,33.0,0.0
SE1,SE,5.0,Valid Party Vote,1.0,3.0,7.0,1,46.0,0.0
SE3,SE,5.333333333333333,Valid Party Vote,0.0,9.0,7.0,1,75.0,0.0
SE1,SE,5.0,Valid Party Vote,0.0,4.0,6.0,0,60.0,0.0
SE1,SE,8.0,Valid Party Vote,0.0,8.0,5.0,0,34.0,0.0
SE2,SE,8.333333333333334,Valid Party Vote,0.0,8.0,4.0,0,79.0,0.0
SE3,SE,7.333333333333333,Valid Party Vote,0.0,6.0,6.0,1,46.0,0.0
SE2,SE,3.0,Valid Party Vote,0.0,4.0,1.0,0,75.0,0.0
SE1,SE,2.6666666666666665,Valid Party Vote,0.0,4.0,5.0,0,58.0,0.0
SE2,SE,7.0,Valid Party Vote,0.0,5.0,5.0,0,44.0,0.0
SE1,SE,7.666666666666667,Valid Party Vote,0.0,5.0,4.0,1,60.0,0.0
SE2,SE,6.666666666666667,Valid Party Vote,0.0,9.0,6.0,1,30.0,0.0
SE2,SE,3.3333333333333335,Valid Party Vote,1.0,3.0,,1,60.0,0.0
SE3,SE,5.333333333333333,Valid Party Vote,0.0,8.0,4.0,0,50.0,0.0
SE2,SE,9.0,Valid Party Vote,0.0,5.0,7.0,0,52.0,0.0
SE1,SE,4.333333333333333,Valid Party Vote,1.0,5.0,7.0,0,78.0,0.0
SE3,SE,6.0,Valid Party Vote,0.0,5.0,5.0,0,42.0,0.0
SE1,SE,7.333333333333333,Refuse to Say,,10.0,7.0,1,84.0,0.0
SE3,SE,4.666666666666667,Valid Party Vote,0.0,7.0,5.0,1,33.0,0.0
SE3,SE,5.666666666666667,Refuse to Say,,5.0,2.0,0,73.0,0.0
SE2,SE,1.3333333333333333,Ineligible / Not Applicable,,7.0,5.0,1,38.0,0.0
SE2,SE,7.0,Valid Party Vote,0.0,7.0,6.0,1,52.0,0.0
SE2,SE,7.0,Ineligible / Not Applicable,,6.0,5.0,1,51.0,0.0
SE2,SE,6.333333333333333,Valid Party Vote,0.0,10.0,7.0,0,64.0,0.0
SE2,SE,2.6666666666666665,Valid Party Vote,0.0,3.0,5.0,0,48.0,0.0
SE2,SE,7.0,Valid Party Vote,1.0,7.0,5.0,0,81.0,0.0
SE2,SE,7.333333333333333,Refuse to Say,,6.0,6.0,1,60.0,0.0
SE1,SE,9.0,Ineligible / Not Applicable,,9.0,2.0,0,17.0,0.0
SE1,SE,4.0,Valid Party Vote,0.0,10.0,4.0,0,25.0,0.0
SE2,SE,2.3333333333333335,Valid Party Vote,1.0,2.0,3.0,0,65.0,0.0
SE1,SE,4.666666666666667,Valid Party Vote,0.0,8.0,4.0,1,44.0,0.0
SE1,SE,6.333333333333333,Valid Party Vote,1.0,4.0,6.0,0,29.0,0.0
SE2,SE,0.3333333333333333,Valid Party Vote,0.0,7.0,7.0,0,30.0,0.0
SE1,SE,5.333333333333333,Valid Party Vote,0.0,8.0,4.0,1,34.0,0.0
SE2,SE,6.0,Valid Party Vote,0.0,5.0,2.0,0,64.0,0.0
SE3,SE,8.0,Ineligible / Not Applicable,,5.0,5.0,1,62.0,0.0
SE2,SE,2.3333333333333335,Valid Party Vote,0.0,5.0,4.0,1,20.0,0.0
SE2,SE,7.0,Ineligible / Not Applicable,,6.0,2.0,0,18.0,0.0
SE3,SE,8.333333333333334,Valid Party Vote,0.0,6.0,7.0,0,65.0,0.0
SE2,SE,5.666666666666667,Valid Party Vote,0.0,7.0,2.0,0,60.0,0.0
SE1,SE,5.666666666666667,Valid Party Vote,0.0,6.0,,0,72.0,0.0
SE1,SE,7.333333333333333,Valid Party Vote,0.0,8.0,7.0,0,31.0,0.0
SE2,SE,7.333333333333333,Valid Party Vote,0.0,7.0,7.0,0,53.0,0.0
SE1,SE,1.6666666666666667,Valid Party Vote,1.0,3.0,5.0,1,77.0,0.0
SE1,SE,3.6666666666666665,Valid Party Vote,0.0,8.0,4.0,1,63.0,0.0
SE2,SE,5.0,Valid Party Vote,0.0,8.0,6.0,1,24.0,0.0
SE2,SE,5.0,Valid Party Vote,0.0,7.0,5.0,0,56.0,0.0
SE2,SE,7.666666666666667,Valid Party Vote,0.0,10.0,6.0,1,77.0,0.0
SE2,SE,7.666666666666667,Valid Party Vote,0.0,8.0,6.0,1,64.0,0.0
SE1,SE,6.0,Valid Party Vote,0.0,5.0,5.0,0,69.0,0.0
SE2,SE,5.333333333333333,Valid Party Vote,0.0,4.0,2.0,0,19.0,0.0
SE1,SE,2.0,Valid Party Vote,0.0,8.0,6.0,1,54.0,0.0
SE3,SE,5.666666666666667,Valid Party Vote,0.0,7.0,5.0,0,39.0,0.0
SE2,SE,4.666666666666667,Valid Party Vote,0.0,9.0,2.0,1,72.0,0.0
SE2,SE,7.0,Valid Party Vote,0.0,3.0,7.0,1,27.0,0.0
SE1,SE,4.0,Ineligible / Not Applicable,,10.0,7.0,1,43.0,0.0
SE2,SE,8.0,Valid Party Vote,0.0,7.0,6.0,1,79.0,0.0
SE1,SE,8.333333333333334,Valid Party Vote,0.0,4.0,5.0,0,57.0,0.0
SE1,SE,6.0,Valid Party Vote,0.0,8.0,3.0,1,71.0,0.0
SE3,SE,5.666666666666667,Valid Party Vote,0.0,6.0,4.0,1,68.0,0.0
SE2,SE,4.0,Valid Party Vote,0.0,8.0,3.0,1,58.0,0.0
SE1,SE,7.0,Valid Party Vote,0.0,5.0,,0,70.0,0.0
SE2,SE,8.666666666666666,Valid Party Vote,1.0,5.0,5.0,0,24.0,0.0
SE2,SE,2.6666666666666665,Valid Party Vote,0.0,6.0,4.0,1,30.0,0.0
SE2,SE,8.333333333333334,Valid Party Vote,0.0,8.0,4.0,1,24.0,0.0
SE1,SE,6.666666666666667,Valid Party Vote,1.0,7.0,2.0,0,65.0,0.0
SE2,SE,2.6666666666666665,Valid Party Vote,1.0,1.0,5.0,0,53.0,0.0
SE1,SE,5.0,Refuse to Say,,10.0,6.0,1,50.0,0.0
SE2,SE,5.666666666666667,Valid Party Vote,0.0,5.0,5.0,0,23.0,0.0
SE3,SE,7.333333333333333,Valid Party Vote,0.0,6.0,5.0,0,78.0,0.0
SE1,SE,8.666666666666666,Valid Party Vote,0.0,6.0,7.0,0,57.0,0.0
SE3,SE,4.666666666666667,Valid Party Vote,0.0,7.0,5.0,0,38.0,0.0
SE2,SE,5.333333333333333,Refuse to Say,,3.0,4.0,1,77.0,0.0
SE2,SE,7.333333333333333,Ineligible / Not Applicable,,7.0,1.0,1,15.0,0.0
SE2,SE,5.333333333333333,Refuse to Say,,5.0,1.0,0,85.0,0.0
SE1,SE,8.0,Valid Party Vote,0.0,10.0,6.0,1,52.0,0.0
SE1,SE,8.0,Valid Party Vote,0.0,9.0,5.0,0,34.0,0.0
SE3,SE,5.333333333333333,Valid Party Vote,0.0,5.0,4.0,1,64.0,0.0
SE2,SE,4.666666666666667,Valid Party Vote,0.0,8.0,7.0,1,41.0,0.0
SE1,SE,5.0,Valid Party Vote,1.0,3.0,5.0,0,71.0,0.0
SE2,SE,3.3333333333333335,Ineligible / Not Applicable,,6.0,4.0,1,21.0,0.0
SE1,SE,7.333333333333333,Valid Party Vote,1.0,6.0,5.0,0,83.0,0.0
SE2,SE,2.6666666666666665,Valid Party Vote,1.0,5.0,4.0,0,24.0,0.0
SE1,SE,7.0,Valid Party Vote,0.0,9.0,6.0,0,33.0,0.0
SE2,SE,3.0,Valid Party Vote,0.0,8.0,2.0,0,69.0,0.0
SE1,SE,8.0,Valid Party Vote,0.0,5.0,6.0,1,40.0,0.0
SE1,SE,3.3333333333333335,Valid Party Vote,0.0,6.0,5.0,1,79.0,0.0
SE1,SE,6.0,Valid Party Vote,0.0,7.0,5.0,1,61.0,0.0
SE2,SE,4.0,Valid Party Vote,0.0,7.0,3.0,1,58.0,0.0
SE2,SE,8.666666666666666,Valid Party Vote,0.0,7.0,6.0,1,41.0,0.0
SE2,SE,9.333333333333334,Valid Party Vote,0.0,9.0,7.0,0,63.0,0.0
SE1,SE,6.333333333333333,Valid Party Vote,0.0,7.0,6.0,0,34.0,0.0
SE3,SE,5.666666666666667,Valid Party Vote,0.0,6.0,1.0,0,84.0,0.0
SE2,SE,7.666666666666667,Don't Know,,8.0,4.0,1,20.0,0.0
SE1,SE,6.333333333333333,Valid Party Vote,0.0,7.0,5.0,0,38.0,0.0
SE2,SE,7.0,Valid Party Vote,0.0,7.0,5.0,0,83.0,0.0
SE2,SE,4.0,Valid Party Vote,0.0,9.0,7.0,1,48.0,0.0
SE1,SE,6.0,Don't Know,,7.0,2.0,0,19.0,0.0
SE1,SE,6.666666666666667,Valid Party Vote,0.0,5.0,6.0,1,42.0,0.0
SE1,SE,6.666666666666667,Valid Party Vote,0.0,7.0,1.0,0,74.0,0.0
SE1,SE,7.666666666666667,Valid Party Vote,0.0,7.0,5.0,0,51.0,0.0
SE1,SE,5.0,Valid Party Vote,0.0,7.0,7.0,1,46.0,0.0
SE2,SE,8.666666666666666,Valid Party Vote,0.0,8.0,7.0,1,66.0,0.0
SE2,SE,3.3333333333333335,Valid Party Vote,0.0,7.0,5.0,0,40.0,0.0
SE2,SE,8.333333333333334,Valid Party Vote,0.0,8.0,3.0,0,58.0,0.0
SE3,SE,5.333333333333333,Valid Party Vote,0.0,8.0,3.0,0,65.0,0.0
SE1,SE,6.666666666666667,Valid Party Vote,0.0,8.0,4.0,0,23.0,0.0
SE2,SE,5.333333333333333,Valid Party Vote,0.0,7.0,4.0,1,68.0,0.0
SE2,SE,6.333333333333333,Valid Party Vote,0.0,5.0,6.0,0,80.0,0.0
SE3,SE,,Ineligible / Not Applicable,,10.0,3.0,1,35.0,0.0
SE3,SE,7.666666666666667,Valid Party Vote,0.0,8.0,5.0,0,54.0,0.0
SE2,SE,5.0,Valid Party Vote,0.0,6.0,5.0,1,54.0,0.0
SE2,SE,4.0,Ineligible / Not Applicable,,5.0,2.0,1,15.0,0.0
SE2,SE,7.0,Valid Party Vote,0.0,8.0,6.0,0,79.0,0.0
SE3,SE,3.3333333333333335,Valid Party Vote,0.0,5.0,7.0,1,48.0,0.0
SE3,SE,3.0,Valid Party Vote,1.0,10.0,1.0,1,64.0,0.0
SE1,SE,4.333333333333333,Valid Party Vote,0.0,5.0,5.0,1,66.0,0.0
SE2,SE,7.333333333333333,Valid Party Vote,0.0,7.0,4.0,0,67.0,0.0
SE2,SE,8.666666666666666,Valid Party Vote,0.0,8.0,5.0,0,73.0,0.0
SE1,SE,7.333333333333333,Valid Party Vote,1.0,,7.0,0,28.0,0.0
SE1,SE,7.0,Valid Party Vote,0.0,8.0,7.0,0,66.0,0.0
SE2,SE,7.666666666666667,Valid Party Vote,0.0,8.0,2.0,0,65.0,0.0
SE2,SE,6.333333333333333,Valid Party Vote,0.0,5.0,4.0,0,59.0,0.0
SE3,SE,4.0,Valid Party Vote,0.0,9.0,6.0,0,66.0,0.0
SE3,SE,6.0,Valid Party Vote,0.0,4.0,4.0,0,62.0,0.0
SE1,SE,7.0,Valid Party Vote,0.0,10.0,7.0,0,57.0,0.0
SE1,SE,6.666666666666667,Valid Party Vote,0.0,5.0,5.0,0,62.0,0.0
SE2,SE,6.333333333333333,Valid Party Vote,0.0,8.0,6.0,1,35.0,0.0
SE3,SE,5.0,Valid Party Vote,1.0,4.0,6.0,1,64.0,0.0
SE1,SE,5.333333333333333,Valid Party Vote,0.0,4.0,6.0,0,35.0,0.0
SE3,SE,5.333333333333333,Valid Party Vote,0.0,9.0,7.0,1,61.0,0.0
SE2,SE,6.0,Valid Party Vote,0.0,6.0,7.0,0,29.0,0.0
SE3,SE,6.666666666666667,Valid Party Vote,0.0,7.0,7.0,1,48.0,0.0
PL5,PL,4.333333333333333,Valid Party Vote,1.0,,4.0,0,44.0,3.0
PL7,PL,3.6666666666666665,Valid Party Vote,1.0,4.0,3.0,0,23.0,3.0
PL8,PL,2.0,Valid Party Vote,1.0,10.0,7.0,1,66.0,3.0
PL2,PL,4.666666666666667,Valid Party Vote,0.0,5.0,3.0,1,77.0,3.0
PL6,PL,2.0,Valid Party Vote,1.0,7.0,2.0,0,51.0,3.0
PL8,PL,2.0,Valid Party Vote,1.0,4.0,3.0,0,27.0,3.0
PL6,PL,4.0,Valid Party Vote,0.0,4.0,7.0,1,27.0,3.0
PL7,PL,2.0,Valid Party Vote,0.0,2.0,5.0,1,57.0,3.0
PL6,PL,5.0,Valid Party Vote,0.0,8.0,7.0,0,76.0,3.0
PL4,PL,0.0,Ineligible / Not Applicable,,3.0,2.0,0,64.0,3.0
PL9,PL,2.6666666666666665,Valid Party Vote,1.0,5.0,3.0,1,42.0,3.0
PL8,PL,6.666666666666667,Ineligible / Not Applicable,,5.0,4.0,0,22.0,3.0
PL4,PL,1.5,Refuse to Say,,2.0,2.0,0,44.0,3.0
PL4,PL,1.6666666666666667,Ineligible / Not Applicable,,4.0,4.0,0,39.0,3.0
PL7,PL,5.333333333333333,Ineligible / Not Applicable,,1.0,,1,15.0,3.0
PL8,PL,3.0,Ineligible / Not Applicable,,5.0,2.0,0,20.0,3.0
PL8,PL,1.0,Valid Party Vote,0.0,5.0,6.0,0,74.0,3.0
PL5,PL,4.0,Valid Party Vote,0.0,3.0,4.0,1,40.0,3.0
PL8,PL,7.333333333333333,Valid Party Vote,1.0,3.0,4.0,1,61.0,3.0
PL6,PL,1.0,Valid Party Vote,1.0,0.0,5.0,0,71.0,3.0
PL4,PL,4.666666666666667,Valid Party Vote,1.0,6.0,4.0,0,24.0,3.0
PL4,PL,3.6666666666666665,Valid Party Vote,1.0,6.0,2.0,0,61.0,3.0
PL8,PL,5.666666666666667,Valid Party Vote,0.0,6.0,5.0,1,61.0,3.0
PL9,PL,3.6666666666666665,Valid Party Vote,1.0,4.0,3.0,0,23.0,3.0
PL7,PL,2.3333333333333335,Valid Party Vote,1.0,9.0,4.0,0,65.0,3.0
PL2,PL,2.0,Valid Party Vote,1.0,5.0,4.0,1,67.0,3.0
PL2,PL,0.3333333333333333,Valid Party Vote,0.0,4.0,4.0,1,56.0,3.0
PL8,PL,3.0,Ineligible / Not Applicable,,,2.0,0,72.0,3.0
PL4,PL,7.666666666666667,Valid Party Vote,0.0,6.0,2.0,1,52.0,3.0
PL7,PL,2.0,Valid Party Vote,1.0,5.0,2.0,1,65.0,3.0
PL6,PL,6.0,Valid Party Vote,0.0,4.0,4.0,1,69.0,3.0
PL6,PL,1.0,Ineligible / Not Applicable,,5.0,1.0,1,76.0,3.0
PL4,PL,3.0,Valid Party Vote,0.0,5.0,4.0,0,37.0,3.0
PL4,PL,3.6666666666666665,Ineligible / Not Applicable,,4.0,4.0,1,19.0,3.0
PL2,PL,8.333333333333334,Valid Party Vote,0.0,1.0,3.0,1,61.0,3.0
PL5,PL,5.0,Valid Party Vote,1.0,5.0,3.0,0,49.0,3.0
PL9,PL,4.666666666666667,Valid Party Vote,0.0,9.0,6.0,1,54.0,3.0
PL4,PL,0.0,Valid Party Vote,0.0,10.0,3.0,0,63.0,3.0
PL4,PL,3.6666666666666665,Valid Party Vote,0.0,10.0,3.0,0,68.0,3.0
PL6,PL,1.0,Valid Party Vote,0.0,6.0,4.0,0,63.0,3.0
PL8,PL,6.333333333333333,Valid Party Vote,0.0,4.0,4.0,1,28.0,3.0
PL5,PL,6.666666666666667,Valid Party Vote,0.0,6.0,7.0,1,43.0,3.0
PL7,PL,1.6666666666666667,Refuse to Say,,6.0,7.0,1,26.0,3.0
PL5,PL,3.6666666666666665,Valid Party Vote,1.0,5.0,4.0,1,39.0,3.0
PL4,PL,2.0,Valid Party Vote,0.0,,7.0,1,44.0,3.0
PL8,PL,2.6666666666666665,Ineligible / Not Applicable,,4.0,2.0,0,16.0,3.0
PL5,PL,1.3333333333333333,Ineligible / Not Applicable,,5.0,2.0,1,67.0,3.0
PL2,PL,0.0,Valid Party Vote,1.0,5.0,2.0,1,64.0,3.0
PL9,PL,6.333333333333333,Ineligible / Not Applicable,,5.0,7.0,1,40.0,3.0
PL6,PL,8.333333333333334,Refuse to Say,,8.0,6.0,1,39.0,3.0
PL9,PL,2.0,Valid Party Vote,1.0,,2.0,1,46.0,3.0
PL6,PL,3.6666666666666665,Ineligible / Not Applicable,,5.0,2.0,0,48.0,3.0
PL9,PL,3.0,Valid Party Vote,0.0,8.0,7.0,0,45.0,3.0
PL2,PL,3.6666666666666665,Valid Party Vote,1.0,3.0,4.0,0,71.0,3.0
PL6,PL,2.6666666666666665,Valid Party Vote,0.0,9.0,7.0,1,47.0,3.0
PL7,PL,1.6666666666666667,Valid Party Vote,0.0,3.0,7.0,1,43.0,3.0
PL2,PL,1.6666666666666667,Valid Party Vote,0.0,3.0,4.0,1,29.0,3.0
PL4,PL,5.333333333333333,Valid Party Vote,0.0,5.0,4.0,1,46.0,3.0
PL2,PL,0.0,Ineligible / Not Applicable,,2.0,5.0,0,64.0,3.0
PL5,PL,5.333333333333333,Valid Party Vote,0.0,8.0,7.0,0,67.0,3.0
PL6,PL,4.0,Valid Party Vote,0.0,7.0,7.0,1,34.0,3.0
PL2,PL,4.333333333333333,Valid Party Vote,0.0,7.0,6.0,0,33.0,3.0
PL4,PL,1.6666666666666667,Refuse to Say,,8.0,7.0,0,46.0,3.0
PL6,PL,2.0,Refuse to Say,,,7.0,0,27.0,3.0
PL4,PL,1.0,Valid Party Vote,0.0,,6.0,0,35.0,3.0
PL2,PL,2.3333333333333335,Ineligible / Not Applicable,,7.0,6.0,1,23.0,3.0
PL2,PL,5.0,Valid Party Vote,1.0,7.0,3.0,1,59.0,3.0
PL5,PL,4.666666666666667,Valid Party Vote,0.0,6.0,2.0,1,20.0,3.0
PL4,PL,5.666666666666667,Valid Party Vote,0.0,5.0,7.0,1,79.0,3.0
PL7,PL,0.0,Valid Party Vote,1.0,,2.0,1,65.0,3.0
PL7,PL,2.0,Valid Party Vote,0.0,7.0,4.0,0,63.0,3.0
PL4,PL,7.0,Valid Party Vote,0.0,0.0,5.0,1,71.0,3.0
PL7,PL,4.333333333333333,Valid Party Vote,0.0,5.0,7.0,1,31.0,3.0
PL8,PL,3.6666666666666665,Ineligible / Not Applicable,,3.0,2.0,1,17.0,3.0
PL4,PL,2.3333333333333335,Ineligible / Not Applicable,,7.0,3.0,0,42.0,3.0
PL9,PL,4.333333333333333,Valid Party Vote,0.0,5.0,7.0,0,45.0,3.0
PL9,PL,3.3333333333333335,Valid Party Vote,0.0,5.0,4.0,1,65.0,3.0
PL4,PL,1.6666666666666667,Valid Party Vote,1.0,4.0,4.0,1,57.0,3.0
PL4,PL,3.3333333333333335,Valid Party Vote,0.0,9.0,2.0,1,69.0,3.0
PL2,PL,3.3333333333333335,Valid Party Vote,0.0,7.0,7.0,0,26.0,3.0
PL7,PL,5.333333333333333,Refuse to Say,,8.0,4.0,0,34.0,3.0
PL7,PL,3.6666666666666665,Valid Party Vote,1.0,7.0,4.0,1,33.0,3.0
PL8,PL,0.6666666666666666,Valid Party Vote,0.0,5.0,2.0,0,18.0,3.0
PL2,PL,5.333333333333333,Valid Party Vote,0.0,8.0,7.0,1,36.0,3.0
PL5,PL,7.666666666666667,Valid Party Vote,1.0,6.0,2.0,0,24.0,3.0
PL4,PL,1.0,Refuse to Say,,10.0,2.0,0,42.0,3.0
PL8,PL,2.3333333333333335,Valid Party Vote,1.0,5.0,7.0,1,46.0,3.0
PL4,PL,5.0,Ineligible / Not Applicable,,6.0,2.0,1,16.0,3.0
PL6,PL,5.333333333333333,Valid Party Vote,0.0,5.0,3.0,0,43.0,3.0
PL4,PL,4.333333333333333,Valid Party Vote,1.0,6.0,2.0,0,26.0,3.0
PL9,PL,3.3333333333333335,Valid Party Vote,0.0,9.0,7.0,0,62.0,3.0
PL2,PL,1.6666666666666667,Valid Party Vote,0.0,5.0,7.0,0,38.0,3.0
PL4,PL,3.6666666666666665,Valid Party Vote,1.0,6.0,2.0,1,60.0,3.0
PL9,PL,6.666666666666667,Ineligible / Not Applicable,,5.0,2.0,0,18.0,3.0
PL8,PL,4.0,Valid Party Vote,0.0,7.0,7.0,0,45.0,3.0
PL4,PL,2.6666666666666665,Refuse to Say,,7.0,4.0,1,30.0,3.0
PL4,PL,6.333333333333333,Valid Party Vote,0.0,,7.0,1,40.0,3.0
PL4,PL,1.3333333333333333,Valid Party Vote,0.0,5.0,6.0,1,30.0,3.0
PL5,PL,2.0,Valid Party Vote,0.0,5.0,4.0,1,20.0,3.0
PL2,PL,5.0,Ineligible / Not Applicable,,5.0,2.0,0,18.0,3.0
PL4,PL,1.6666666666666667,Valid Party Vote,1.0,5.0,2.0,0,39.0,3.0
PL9,PL,5.666666666666667,Valid Party Vote,0.0,5.0,4.0,1,25.0,3.0
PL4,PL,3.3333333333333335,Valid Party Vote,0.0,5.0,7.0,1,45.0,3.0
PL8,PL,2.6666666666666665,Valid Party Vote,0.0,5.0,4.0,0,40.0,3.0
PL2,PL,3.3333333333333335,Valid Party Vote,0.0,5.0,7.0,0,37.0,3.0
PL2,PL,6.0,Valid Party Vote,1.0,4.0,7.0,0,26.0,3.0
PL7,PL,5.666666666666667,Ineligible / Not Applicable,,8.0,3.0,1,36.0,3.0
PL7,PL,4.666666666666667,Refuse to Say,,4.0,3.0,0,31.0,3.0
PL5,PL,5.333333333333333,Valid Party Vote,0.0,5.0,3.0,0,,3.0
PL7,PL,7.0,Valid Party Vote,0.0,6.0,7.0,1,57.0,3.0
PL6,PL,4.0,Valid Party Vote,0.0,6.0,6.0,1,73.0,3.0
PL5,PL,2.3333333333333335,Ineligible / Not Applicable,,5.0,2.0,0,49.0,3.0
PL7,PL,,Ineligible / Not Applicable,,,6.0,0,24.0,3.0
PL8,PL,6.0,Refuse to Say,,5.0,3.0,0,20.0,3.0
PL8,PL,2.0,Valid Party Vote,1.0,5.0,2.0,0,52.0,3.0
PL8,PL,1.6666666666666667,Valid Party Vote,1.0,5.0,5.0,1,73.0,3.0
PL4,PL,4.666666666666667,Valid Party Vote,0.0,5.0,7.0,1,43.0,3.0
PL8,PL,2.5,Valid Party Vote,0.0,6.0,4.0,1,56.0,3.0
PL5,PL,1.6666666666666667,Valid Party Vote,0.0,5.0,7.0,1,30.0,3.0
PL2,PL,2.0,Valid Party Vote,0.0,5.0,7.0,1,47.0,3.0
PL9,PL,6.0,Valid Party Vote,0.0,6.0,7.0,0,67.0,3.0
PL9,PL,2.3333333333333335,Valid Party Vote,0.0,3.0,3.0,0,45.0,3.0
PL6,PL,1.3333333333333333,Valid Party Vote,0.0,3.0,2.0,0,44.0,3.0
PL5,PL,5.666666666666667,Valid Party Vote,1.0,2.0,3.0,1,75.0,3.0
PL5,PL,3.0,Valid Party Vote,0.0,9.0,7.0,0,58.0,3.0
PL4,PL,2.6666666666666665,Valid Party Vote,0.0,5.0,4.0,1,23.0,3.0
PL4,PL,6.0,Ineligible / Not Applicable,,5.0,2.0,0,16.0,3.0
PL2,PL,1.6666666666666667,Valid Party Vote,1.0,1.0,2.0,1,68.0,3.0
PL5,PL,5.333333333333333,Valid Party Vote,0.0,10.0,7.0,0,73.0,3.0
PL8,PL,3.0,Valid Party Vote,1.0,3.0,4.0,1,66.0,3.0
PL2,PL,4.333333333333333,Valid Party Vote,1.0,3.0,4.0,1,62.0,3.0
PL4,PL,1.6666666666666667,Valid Party Vote,1.0,10.0,4.0,1,48.0,3.0
PL5,PL,3.3333333333333335,Valid Party Vote,0.0,5.0,3.0,1,58.0,3.0
PL6,PL,2.3333333333333335,Valid Party Vote,0.0,8.0,2.0,1,61.0,3.0
PL8,PL,1.3333333333333333,Refuse to Say,,7.0,5.0,0,31.0,3.0
PL4,PL,4.0,Valid Party Vote,0.0,1.0,2.0,0,67.0,3.0
PL7,PL,7.0,Valid Party Vote,0.0,8.0,7.0,0,52.0,3.0
PL8,PL,7.333333333333333,Valid Party Vote,1.0,6.0,3.0,1,64.0,3.0
PL8,PL,4.666666666666667,Valid Party Vote,0.0,4.0,4.0,1,21.0,3.0
PL2,PL,0.0,Ineligible / Not Applicable,,,2.0,0,65.0,3.0
PL2,PL,1.0,Ineligible / Not Applicable,,8.0,7.0,1,37.0,3.0
PL9,PL,0.5,Ineligible / Not Applicable,,5.0,2.0,1,51.0,3.0
PL4,PL,4.0,Valid Party Vote,0.0,7.0,7.0,0,60.0,3.0
PL4,PL,,Refuse to Say,,,4.0,1,52.0,3.0
PL5,PL,2.0,Valid Party Vote,0.0,,7.0,1,46.0,3.0
PL5,PL,3.6666666666666665,Ineligible / Not Applicable,,3.0,4.0,1,45.0,3.0
PL7,PL,3.3333333333333335,Valid Party Vote,1.0,7.0,2.0,0,62.0,3.0
PL2,PL,4.333333333333333,Valid Party Vote,0.0,7.0,4.0,1,71.0,3.0
PL7,PL,2.3333333333333335,Valid Party Vote,1.0,7.0,2.0,0,76.0,3.0
PL4,PL,2.3333333333333335,Ineligible / Not Applicable,,1.0,2.0,0,47.0,3.0
PL9,PL,3.3333333333333335,Valid Party Vote,0.0,5.0,4.0,1,22.0,3.0
PL9,PL,8.0,Valid Party Vote,0.0,7.0,4.0,1,74.0,3.0
PL4,PL,0.6666666666666666,Ineligible / Not Applicable,,,3.0,0,31.0,3.0
PL5,PL,5.0,Valid Party Vote,1.0,7.0,3.0,0,24.0,3.0
PL6,PL,0.0,Valid Party Vote,0.0,9.0,3.0,1,76.0,3.0
PL4,PL,0.0,Refuse to Say,,5.0,2.0,0,66.0,3.0
PL7,PL,5.333333333333333,Valid Party Vote,1.0,6.0,7.0,1,59.0,3.0
PL2,PL,5.666666666666667,Valid Party Vote,1.0,6.0,7.0,1,27.0,3.0
PL4,PL,0.3333333333333333,Valid Party Vote,1.0,,4.0,1,84.0,3.0
PL6,PL,0.0,Valid Party Vote,0.0,8.0,5.0,0,55.0,3.0
PL2,PL,3.6666666666666665,Ineligible / Not Applicable,,5.0,5.0,1,59.0,3.0
PL2,PL,5.333333333333333,Valid Party Vote,0.0,5.0,2.0,1,18.0,3.0
PL5,PL,0.0,Valid Party Vote,1.0,3.0,3.0,1,,3.0
PL7,PL,3.3333333333333335,Valid Party Vote,0.0,8.0,7.0,1,48.0,3.0
PL9,PL,0.6666666666666666,Valid Party Vote,0.0,4.0,7.0,1,50.0,3.0
PL8,PL,4.666666666666667,Valid Party Vote,0.0,5.0,2.0,1,18.0,3.0
PL2,PL,1.6666666666666667,Ineligible / Not Applicable,,4.0,4.0,1,41.0,3.0
PL9,PL,0.6666666666666666,Valid Party Vote,1.0,8.0,4.0,1,70.0,3.0
PL5,PL,7.0,Valid Party Vote,0.0,10.0,4.0,1,68.0,3.0
PL4,PL,0.6666666666666666,Valid Party Vote,0.0,3.0,4.0,1,20.0,3.0
PL7,PL,2.6666666666666665,Valid Party Vote,0.0,5.0,,0,,3.0
PL5,PL,4.0,Valid Party Vote,0.0,5.0,3.0,0,69.0,3.0
PL7,PL,2.6666666666666665,Valid Party Vote,1.0,3.0,4.0,0,63.0,3.0
PL7,PL,2.3333333333333335,Valid Party Vote,1.0,3.0,2.0,1,77.0,3.0
PL2,PL,6.0,Valid Party Vote,0.0,7.0,6.0,0,49.0,3.0
PL8,PL,3.0,Valid Party Vote,1.0,7.0,4.0,1,65.0,3.0
PL8,PL,4.666666666666667,Valid Party Vote,0.0,5.0,7.0,0,76.0,3.0
PL2,PL,2.3333333333333335,Refuse to Say,,9.0,7.0,0,52.0,3.0
PL5,PL,1.3333333333333333,Refuse to Say,,2.0,2.0,1,41.0,3.0
PL4,PL,,Ineligible / Not Applicable,,,2.0,1,15.0,3.0
PL6,PL,4.333333333333333,Valid Party Vote,1.0,3.0,2.0,1,67.0,3.0
PL4,PL,4.333333333333333,Valid Party Vote,0.0,4.0,3.0,1,51.0,3.0
PL2,PL,0.0,Valid Party Vote,0.0,9.0,7.0,1,47.0,3.0
PL8,PL,3.3333333333333335,Refuse to Say,,6.0,4.0,1,21.0,3.0
PL7,PL,4.666666666666667,Valid Party Vote,1.0,6.0,2.0,0,70.0,3.0
PL8,PL,3.0,Valid Party Vote,0.0,5.0,6.0,0,39.0,3.0
PL2,PL,6.333333333333333,Valid Party Vote,0.0,7.0,7.0,1,36.0,3.0
PL8,PL,0.3333333333333333,Ineligible / Not Applicable,,5.0,2.0,0,27.0,3.0
PL6,PL,8.333333333333334,Valid Party Vote,1.0,8.0,4.0,1,66.0,3.0
PL2,PL,0.0,Ineligible / Not Applicable,,5.0,2.0,1,16.0,3.0
PL9,PL,2.6666666666666665,Valid Party Vote,1.0,3.0,3.0,0,64.0,3.0
PL2,PL,2.0,Valid Party Vote,0.0,5.0,4.0,0,49.0,3.0
PL9,PL,5.666666666666667,Ineligible / Not Applicable,,6.0,2.0,1,17.0,3.0
PL8,PL,7.333333333333333,Valid Party Vote,1.0,4.0,2.0,1,59.0,3.0
PL9,PL,0.0,Ineligible / Not Applicable,,5.0,3.0,0,43.0,3.0
PL6,PL,0.0,Ineligible / Not Applicable,,8.0,2.0,0,47.0,3.0
PL2,PL,2.5,Valid Party Vote,0.0,,3.0,1,69.0,3.0
PL6,PL,1.0,Valid Party Vote,0.0,5.0,6.0,1,26.0,3.0
PL9,PL,5.0,Ineligible / Not Applicable,,7.0,2.0,1,16.0,3.0
PL9,PL,4.0,Valid Party Vote,1.0,3.0,2.0,0,62.0,3.0
PL6,PL,7.333333333333333,Refuse to Say,,7.0,6.0,1,29.0,3.0
PL9,PL,3.0,Valid Party Vote,1.0,7.0,2.0,0,70.0,3.0
PL6,PL,3.6666666666666665,Valid Party Vote,0.0,7.0,7.0,1,26.0,3.0
PL9,PL,7.0,Valid Party Vote,1.0,5.0,4.0,1,20.0,3.0
PL8,PL,4.333333333333333,Valid Party Vote,0.0,3.0,2.0,1,61.0,3.0
PL8,PL,5.0,Valid Party Vote,1.0,7.0,5.0,0,67.0,3.0
PL2,PL,3.3333333333333335,Valid Party Vote,0.0,6.0,6.0,1,63.0,3.0
PL6,PL,3.6666666666666665,Valid Party Vote,0.0,6.0,4.0,1,22.0,3.0
PL9,PL,4.333333333333333,Valid Party Vote,0.0,4.0,6.0,0,31.0,3.0
PL2,PL,6.333333333333333,Ineligible / Not Applicable,,5.0,2.0,0,17.0,3.0
PL2,PL,2.3333333333333335,Ineligible / Not Applicable,,4.0,3.0,0,21.0,3.0
PL4,PL,5.0,Valid Party Vote,1.0,5.0,2.0,1,71.0,3.0
SE2,SE,4.666666666666667,Valid Party Vote,0.0,5.0,3.0,1,61.0,0.0
SE2,SE,5.666666666666667,Valid Party Vote,0.0,8.0,7.0,1,33.0,0.0
SE2,SE,5.666666666666667,Valid Party Vote,0.0,8.0,4.0,1,40.0,0.0
SE1,SE,4.333333333333333,Valid Party Vote,0.0,5.0,4.0,0,37.0,0.0
SE2,SE,8.666666666666666,Valid Party Vote,0.0,7.0,6.0,1,64.0,0.0
SE3,SE,2.3333333333333335,Refuse to Say,,7.0,3.0,1,65.0,0.0
SE3,SE,5.666666666666667,Valid Party Vote,0.0,7.0,4.0,1,26.0,0.0
SE3,SE,7.0,Valid Party Vote,0.0,,3.0,0,71.0,0.0
SE2,SE,7.0,Valid Party Vote,0.0,8.0,6.0,0,70.0,0.0
SE2,SE,6.666666666666667,Valid Party Vote,0.0,9.0,4.0,0,20.0,0.0
SE2,SE,3.3333333333333335,Valid Party Vote,0.0,5.0,6.0,0,34.0,0.0
SE1,SE,8.5,Valid Party Vote,0.0,6.0,7.0,1,39.0,0.0
SE1,SE,6.333333333333333,Valid Party Vote,0.0,5.0,6.0,1,50.0,0.0
SE1,SE,2.6666666666666665,Valid Party Vote,0.0,5.0,1.0,1,81.0,0.0
SE2,SE,6.666666666666667,Valid Party Vote,0.0,8.0,7.0,1,62.0,0.0
SE1,SE,5.333333333333333,Refuse to Say,,8.0,6.0,1,84.0,0.0
SE1,SE,8.0,Valid Party Vote,0.0,9.0,6.0,0,49.0,0.0
SE1,SE,5.0,Valid Party Vote,0.0,10.0,5.0,0,63.0,0.0
SE3,SE,5.666666666666667,Valid Party Vote,0.0,5.0,5.0,0,76.0,0.0
SE3,SE,5.333333333333333,Valid Party Vote,0.0,5.0,5.0,1,25.0,0.0
SE1,SE,8.0,Valid Party Vote,0.0,8.0,5.0,1,45.0,0.0
SE2,SE,5.0,Valid Party Vote,0.0,3.0,6.0,0,45.0,0.0
SE1,SE,5.333333333333333,Ineligible / Not Applicable,,7.0,5.0,0,20.0,0.0
SE2,SE,7.333333333333333,Ineligible / Not Applicable,,9.0,7.0,0,68.0,0.0
SE2,SE,7.0,Valid Party Vote,0.0,6.0,2.0,0,63.0,0.0
SE2,SE,7.333333333333333,Valid Party Vote,0.0,8.0,3.0,0,55.0,0.0
SE2,SE,6.333333333333333,Valid Party Vote,0.0,3.0,5.0,1,69.0,0.0
SE1,SE,6.0,Valid Party Vote,1.0,3.0,7.0,1,79.0,0.0
SE2,SE,7.333333333333333,Valid Party Vote,0.0,8.0,2.0,0,70.0,0.0
SE1,SE,5.0,Valid Party Vote,1.0,8.0,6.0,0,78.0,0.0
SE3,SE,2.0,Valid Party Vote,1.0,0.0,2.0,0,67.0,0.0
SE2,SE,2.6666666666666665,Valid Party Vote,0.0,6.0,3.0,0,57.0,0.0
SE3,SE,7.666666666666667,Refuse to Say,,5.0,3.0,0,56.0,0.0
SE3,SE,7.666666666666667,Valid Party Vote,0.0,9.0,7.0,1,63.0,0.0
SE1,SE,0.3333333333333333,Valid Party Vote,0.0,1.0,5.0,0,79.0,0.0
SE1,SE,7.0,Valid Party Vote,0.0,6.0,5.0,0,74.0,0.0
SE1,SE,7.0,Valid Party Vote,0.0,7.0,3.0,1,68.0,0.0
SE1,SE,6.666666666666667,Valid Party Vote,0.0,6.0,2.0,1,73.0,0.0
SE2,SE,1.6666666666666667,Valid Party Vote,0.0,10.0,7.0,0,75.0,0.0
SE1,SE,8.333333333333334,Valid Party Vote,0.0,5.0,7.0,0,78.0,0.0
SE1,SE,6.333333333333333,Valid Party Vote,0.0,7.0,7.0,1,64.0,0.0
SE3,SE,3.3333333333333335,Ineligible / Not Applicable,,5.0,,1,15.0,0.0
SE1,SE,7.0,Valid Party Vote,0.0,5.0,5.0,1,79.0,0.0
SE1,SE,6.0,Valid Party Vote,0.0,8.0,3.0,1,70.0,0.0
SE3,SE,8.333333333333334,Valid Party Vote,0.0,8.0,7.0,0,45.0,0.0
SE2,SE,6.666666666666667,Valid Party Vote,0.0,8.0,7.0,1,56.0,0.0
SE2,SE,8.333333333333334,Valid Party Vote,0.0,9.0,3.0,0,54.0,0.0
SE2,SE,8.0,Valid Party Vote,0.0,7.0,7.0,0,39.0,0.0
SE1,SE,5.666666666666667,Valid Party Vote,0.0,10.0,7.0,1,37.0,0.0
SE2,SE,4.0,Valid Party Vote,1.0,5.0,5.0,1,47.0,0.0
SE2,SE,7.333333333333333,Valid Party Vote,0.0,8.0,5.0,0,64.0,0.0
SE1,SE,4.0,Valid Party Vote,0.0,7.0,3.0,0,29.0,0.0
SE2,SE,5.0,Valid Party Vote,0.0,6.0,3.0,0,58.0,0.0
SE3,SE,6.0,Valid Party Vote,0.0,7.0,4.0,1,35.0,0.0
SE1,SE,5.666666666666667,Valid Party Vote,0.0,6.0,5.0,1,25.0,0.0
SE3,SE,3.0,Refuse to Say,,5.0,2.0,0,70.0,0.0
SE1,SE,7.0,Valid Party Vote,0.0,7.0,6.0,1,55.0,0.0
SE2,SE,4.666666666666667,Valid Party Vote,1.0,5.0,7.0,1,45.0,0.0
SE1,SE,7.0,Valid Party Vote,0.0,8.0,5.0,0,58.0,0.0
SE3,SE,8.333333333333334,Valid Party Vote,1.0,6.0,4.0,0,43.0,0.0
SE1,SE,7.666666666666667,Valid Party Vote,0.0,5.0,4.0,0,34.0,0.0
SE3,SE,8.0,Valid Party Vote,0.0,9.0,6.0,1,33.0,0.0
SE2,SE,2.3333333333333335,Valid Party Vote,0.0,6.0,3.0,0,60.0,0.0
SE1,SE,3.3333333333333335,Valid Party Vote,0.0,7.0,5.0,0,52.0,0.0
SE3,SE,7.0,Valid Party Vote,0.0,10.0,4.0,1,55.0,0.0
SE1,SE,5.0,Valid Party Vote,1.0,4.0,5.0,0,44.0,0.0
SE3,SE,7.0,Valid Party Vote,0.0,8.0,7.0,1,44.0,0.0
SE3,SE,8.666666666666666,Valid Party Vote,0.0,6.0,4.0,0,43.0,0.0
SE1,SE,5.666666666666667,Valid Party Vote,0.0,9.0,6.0,0,43.0,0.0
SE2,SE,8.333333333333334,Valid Party Vote,1.0,2.0,4.0,1,32.0,0.0
SE1,SE,9.0,Valid Party Vote,0.0,5.0,7.0,0,41.0,0.0
SE1,SE,8.333333333333334,Valid Party Vote,0.0,10.0,5.0,1,60.0,0.0
SE1,SE,5.0,Valid Party Vote,0.0,3.0,5.0,0,87.0,0.0
SE2,SE,6.333333333333333,Valid Party Vote,0.0,7.0,7.0,1,24.0,0.0
SE2,SE,8.0,Refuse to Say,,4.0,5.0,1,58.0,0.0
SE3,SE,6.0,Valid Party Vote,1.0,5.0,4.0,0,40.0,0.0
SE3,SE,9.0,Refuse to Say,,9.0,4.0,1,39.0,0.0
SE3,SE,5.0,Valid Party Vote,0.0,6.0,2.0,0,59.0,0.0
SE1,SE,5.333333333333333,Valid Party Vote,0.0,7.0,1.0,1,76.0,0.0
SE1,SE,7.333333333333333,Valid Party Vote,1.0,1.0,4.0,0,61.0,0.0
SE1,SE,8.0,Valid Party Vote,0.0,5.0,7.0,0,65.0,0.0
SE2,SE,7.0,Valid Party Vote,0.0,5.0,7.0,0,70.0,0.0
SE2,SE,3.6666666666666665,Valid Party Vote,0.0,8.0,4.0,1,21.0,0.0
SE2,SE,4.333333333333333,Refuse to Say,,,3.0,1,81.0,0.0
SE3,SE,4.666666666666667,Ineligible / Not Applicable,,8.0,3.0,0,73.0,0.0
SE3,SE,6.0,Don't Know,,8.0,6.0,1,41.0,0.0
SE1,SE,7.0,Valid Party Vote,0.0,8.0,5.0,1,59.0,0.0
SE1,SE,3.0,Valid Party Vote,0.0,2.0,5.0,0,53.0,0.0
SE1,SE,7.666666666666667,Valid Party Vote,0.0,7.0,5.0,1,81.0,0.0
SE2,SE,5.666666666666667,Valid Party Vote,0.0,8.0,4.0,1,75.0,0.0
SE1,SE,3.6666666666666665,Valid Party Vote,0.0,5.0,7.0,0,31.0,0.0
SE2,SE,5.333333333333333,Valid Party Vote,0.0,7.0,7.0,1,72.0,0.0
SE2,SE,6.666666666666667,Ineligible / Not Applicable,,8.0,,0,15.0,0.0
SE2,SE,1.3333333333333333,Valid Party Vote,0.0,10.0,6.0,1,66.0,0.0
SE3,SE,5.333333333333333,Ineligible / Not Applicable,,8.0,7.0,1,48.0,0.0
SE2,SE,8.666666666666666,Valid Party Vote,0.0,7.0,5.0,0,61.0,0.0
SE1,SE,8.666666666666666,Valid Party Vote,0.0,7.0,7.0,1,66.0,0.0
SE3,SE,7.333333333333333,Refuse to Say,,5.0,5.0,1,61.0,0.0
SE2,SE,4.666666666666667,Valid Party Vote,0.0,6.0,7.0,0,72.0,0.0
SE2,SE,8.0,Valid Party Vote,0.0,8.0,5.0,0,72.0,0.0
SE2,SE,7.0,Valid Party Vote,0.0,7.0,5.0,0,72.0,0.0
SE1,SE,2.3333333333333335,Valid Party Vote,1.0,2.0,6.0,1,39.0,0.0
SE2,SE,7.0,Valid Party Vote,1.0,2.0,7.0,0,52.0,0.0
SE1,SE,8.5,Ineligible / Not Applicable,,10.0,7.0,0,40.0,0.0
SE2,SE,3.3333333333333335,Valid Party Vote,0.0,5.0,5.0,1,25.0,0.0
SE2,SE,8.0,Valid Party Vote,0.0,7.0,7.0,1,39.0,0.0
SE1,SE,7.666666666666667,Valid Party Vote,0.0,10.0,6.0,0,41.0,0.0
SE2,SE,9.0,Valid Party Vote,0.0,6.0,3.0,0,65.0,0.0
SE3,SE,5.0,Ineligible / Not Applicable,,5.0,1.0,1,15.0,0.0
SE1,SE,6.333333333333333,Ineligible / Not Applicable,,8.0,4.0,0,27.0,0.0
SE1,SE,5.666666666666667,Valid Party Vote,0.0,8.0,7.0,1,42.0,0.0
SE2,SE,5.0,Refuse to Say,,5.0,3.0,1,55.0,0.0
SE1,SE,3.0,Valid Party Vote,0.0,4.0,5.0,0,76.0,0.0
SE1,SE,7.666666666666667,Valid Party Vote,0.0,7.0,6.0,1,36.0,0.0
SE2,SE,5.333333333333333,Ineligible / Not Applicable,,5.0,4.0,1,18.0,0.0
SE3,SE,5.0,Valid Party Vote,0.0,5.0,2.0,1,72.0,0.0
SE2,SE,4.666666666666667,Valid Party Vote,0.0,4.0,4.0,0,33.0,0.0
SE3,SE,5.666666666666667,Valid Party Vote,0.0,10.0,7.0,1,56.0,0.0
SE2,SE,6.0,Valid Party Vote,1.0,6.0,4.0,1,29.0,0.0
SE1,SE,7.0,Valid Party Vote,0.0,5.0,5.0,0,71.0,0.0
SE2,SE,8.0,Valid Party Vote,0.0,4.0,6.0,1,37.0,0.0
SE2,SE,7.0,Valid Party Vote,1.0,5.0,5.0,0,67.0,0.0
SE2,SE,5.333333333333333,Valid Party Vote,0.0,8.0,2.0,1,37.0,0.0
SE2,SE,8.666666666666666,Valid Party Vote,0.0,9.0,6.0,1,30.0,0.0
SE1,SE,6.333333333333333,Valid Party Vote,0.0,8.0,7.0,1,76.0,0.0
SE1,SE,4.666666666666667,Valid Party Vote,0.0,7.0,5.0,1,64.0,0.0
SE1,SE,7.666666666666667,Valid Party Vote,0.0,7.0,5.0,0,65.0,0.0
SE2,SE,6.0,Valid Party Vote,0.0,9.0,6.0,1,36.0,0.0
SE1,SE,6.666666666666667,Valid Party Vote,0.0,8.0,5.0,1,60.0,0.0
SE1,SE,7.333333333333333,Valid Party Vote,0.0,8.0,5.0,0,59.0,0.0
SE2,SE,5.666666666666667,Valid Party Vote,0.0,5.0,6.0,0,87.0,0.0
SE1,SE,5.666666666666667,Valid Party Vote,0.0,5.0,3.0,0,64.0,0.0
SE2,SE,7.333333333333333,Valid Party Vote,0.0,9.0,5.0,0,61.0,0.0
SE2,SE,8.333333333333334,Valid Party Vote,0.0,8.0,5.0,0,65.0,0.0
SE1,SE,4.666666666666667,Valid Party Vote,0.0,5.0,1.0,1,89.0,0.0
SE1,SE,6.333333333333333,Valid Party Vote,0.0,7.0,3.0,1,55.0,0.0
SE1,SE,4.333333333333333,Refuse to Say,,7.0,5.0,1,70.0,0.0
SE2,SE,2.0,Don't Know,,5.0,5.0,1,30.0,0.0
SE2,SE,5.666666666666667,Valid Party Vote,0.0,5.0,2.0,0,59.0,0.0
SE2,SE,2.3333333333333335,Valid Party Vote,0.0,6.0,4.0,1,21.0,0.0
SE2,SE,8.333333333333334,Valid Party Vote,0.0,8.0,6.0,1,53.0,0.0
SE1,SE,8.333333333333334,Ineligible / Not Applicable,,7.0,2.0,0,17.0,0.0
SE2,SE,7.333333333333333,Valid Party Vote,0.0,7.0,1.0,0,78.0,0.0
SE1,SE,6.333333333333333,Valid Party Vote,0.0,10.0,4.0,1,63.0,0.0
SE1,SE,3.3333333333333335,Ineligible / Not Applicable,,7.0,6.0,1,29.0,0.0
SE1,SE,6.0,Valid Party Vote,0.0,10.0,5.0,0,45.0,0.0
SE1,SE,6.333333333333333,Valid Party Vote,0.0,5.0,5.0,1,77.0,0.0
SE3,SE,4.333333333333333,Valid Party Vote,0.0,10.0,5.0,0,71.0,0.0
SE2,SE,5.666666666666667,Valid Party Vote,0.0,3.0,7.0,0,42.0,0.0
SE2,SE,8.0,Valid Party Vote,0.0,9.0,6.0,0,54.0,0.0
SE1,SE,5.333333333333333,Valid Party Vote,0.0,8.0,7.0,1,49.0,0.0
SE2,SE,6.666666666666667,Valid Party Vote,0.0,8.0,6.0,0,63.0,0.0
SE3,SE,6.333333333333333,Valid Party Vote,0.0,8.0,6.0,0,60.0,0.0
SE3,SE,6.0,Valid Party Vote,0.0,9.0,7.0,1,51.0,0.0
SE1,SE,7.666666666666667,Valid Party Vote,0.0,7.0,5.0,1,62.0,0.0
SE3,SE,7.0,Ineligible / Not Applicable,,5.0,6.0,1,26.0,0.0
SE2,SE,8.0,Valid Party Vote,0.0,5.0,4.0,1,74.0,0.0
SE1,SE,4.333333333333333,Valid Party Vote,1.0,2.0,4.0,0,47.0,0.0
SE2,SE,4.0,Valid Party Vote,1.0,4.0,2.0,0,76.0,0.0
SE2,SE,7.0,Valid Party Vote,0.0,5.0,4.0,0,85.0,0.0
SE2,SE,5.666666666666667,Valid Party Vote,0.0,9.0,7.0,1,59.0,0.0
SE1,SE,6.666666666666667,Valid Party Vote,0.0,8.0,3.0,0,84.0,0.0
SE2,SE,7.0,Valid Party Vote,0.0,6.0,1.0,0,81.0,0.0
SE2,SE,6.0,Valid Party Vote,0.0,9.0,6.0,0,40.0,0.0
SE3,SE,4.0,Valid Party Vote,0.0,5.0,4.0,0,74.0,0.0
SE3,SE,7.333333333333333,Valid Party Vote,0.0,6.0,3.0,1,61.0,0.0
SE2,SE,7.666666666666667,Valid Party Vote,0.0,5.0,7.0,0,52.0,0.0
SE3,SE,7.0,Valid Party Vote,0.0,7.0,7.0,0,38.0,0.0
SE2,SE,8.666666666666666,Valid Party Vote,0.0,8.0,4.0,0,21.0,0.0
SE3,SE,8.333333333333334,Valid Party Vote,0.0,10.0,6.0,1,60.0,0.0
SE1,SE,4.333333333333333,Valid Party Vote,1.0,0.0,7.0,1,77.0,0.0
SE2,SE,6.333333333333333,Valid Party Vote,0.0,3.0,4.0,0,46.0,0.0
SE3,SE,5.666666666666667,Ineligible / Not Applicable,,5.0,6.0,0,44.0,0.0
SE1,SE,6.0,Valid Party Vote,0.0,1.0,6.0,0,33.0,0.0
SE1,SE,2.0,Valid Party Vote,0.0,4.0,4.0,1,31.0,0.0
SE1,SE,6.666666666666667,Valid Party Vote,0.0,7.0,6.0,1,51.0,0.0
SE3,SE,5.333333333333333,Valid Party Vote,0.0,6.0,1.0,1,80.0,0.0
SE1,SE,7.0,Valid Party Vote,0.0,5.0,4.0,0,23.0,0.0
SE3,SE,6.666666666666667,Valid Party Vote,0.0,5.0,6.0,0,53.0,0.0
SE3,SE,7.333333333333333,Valid Party Vote,0.0,6.0,7.0,0,50.0,0.0
SE3,SE,7.0,Valid Party Vote,0.0,7.0,5.0,0,57.0,0.0
SE2,SE,3.3333333333333335,Valid Party Vote,1.0,5.0,4.0,0,30.0,0.0
SE1,SE,8.5,Valid Party Vote,0.0,10.0,5.0,0,42.0,0.0
SE1,SE,6.333333333333333,Valid Party Vote,0.0,8.0,6.0,1,89.0,0.0
SE3,SE,6.333333333333333,Refuse to Say,,7.0,3.0,0,67.0,0.0
SE1,SE,5.0,Valid Party Vote,0.0,8.0,3.0,1,86.0,0.0
SE1,SE,6.333333333333333,Valid Party Vote,0.0,5.0,1.0,1,75.0,0.0
SE2,SE,5.333333333333333,Valid Party Vote,0.0,5.0,5.0,1,44.0,0.0
SE2,SE,2.6666666666666665,Valid Party Vote,0.0,,3.0,0,78.0,0.0
SE1,SE,5.333333333333333,Valid Party Vote,0.0,5.0,5.0,1,31.0,0.0
SE1,SE,5.666666666666667,Ineligible / Not Applicable,,0.0,4.0,0,30.0,0.0
SE2,SE,7.666666666666667,Valid Party Vote,0.0,8.0,6.0,0,27.0,0.0
SE3,SE,8.0,Valid Party Vote,0.0,7.0,5.0,0,78.0,0.0
SE1,SE,7.333333333333333,Valid Party Vote,0.0,4.0,5.0,0,55.0,0.0
SE1,SE,4.666666666666667,Valid Party Vote,1.0,5.0,7.0,0,54.0,0.0
SE1,SE,2.6666666666666665,Valid Party Vote,0.0,2.0,5.0,0,53.0,0.0
SE2,SE,10.0,Valid Party Vote,0.0,6.0,5.0,0,88.0,0.0
SE3,SE,5.333333333333333,Valid Party Vote,0.0,9.0,1.0,1,84.0,0.0
SE1,SE,5.333333333333333,Valid Party Vote,0.0,5.0,4.0,1,19.0,0.0
SE1,SE,6.333333333333333,Valid Party Vote,0.0,8.0,6.0,1,70.0,0.0
SE1,SE,8.333333333333334,Valid Party Vote,0.0,8.0,5.0,0,57.0,0.0
SE1,SE,7.0,Valid Party Vote,0.0,7.0,6.0,0,49.0,0.0
SE3,SE,7.666666666666667,Valid Party Vote,0.0,5.0,7.0,1,72.0,0.0
SE1,SE,5.333333333333333,Valid Party Vote,0.0,5.0,5.0,1,85.0,0.0
SE2,SE,8.0,Valid Party Vote,0.0,5.0,7.0,0,52.0,0.0
SE2,SE,5.333333333333333,Valid Party Vote,0.0,7.0,5.0,0,26.0,0.0
SE1,SE,7.0,Valid Party Vote,1.0,2.0,6.0,0,20.0,0.0
SE2,SE,5.666666666666667,Valid Party Vote,1.0,7.0,3.0,0,73.0,0.0
SE1,SE,5.666666666666667,Valid Party Vote,0.0,7.0,4.0,1,24.0,0.0
SE1,SE,6.666666666666667,Valid Party Vote,0.0,5.0,6.0,1,55.0,0.0
SE3,SE,5.333333333333333,Valid Party Vote,0.0,8.0,2.0,0,66.0,0.0
SE2,SE,7.666666666666667,Valid Party Vote,0.0,7.0,4.0,1,64.0,0.0
SE1,SE,6.0,Valid Party Vote,0.0,5.0,5.0,0,30.0,0.0
SE2,SE,7.666666666666667,Valid Party Vote,0.0,5.0,6.0,0,32.0,0.0
SE1,SE,3.3333333333333335,Valid Party Vote,0.0,4.0,5.0,0,86.0,0.0
SE2,SE,5.0,Ineligible / Not Applicable,,6.0,,1,15.0,0.0
SE1,SE,4.0,Valid Party Vote,0.0,3.0,6.0,0,72.0,0.0
SE2,SE,6.0,Valid Party Vote,0.0,6.0,5.0,0,73.0,0.0
SE3,SE,5.0,Ineligible / Not Applicable,,8.0,7.0,1,41.0,0.0
SE1,SE,8.666666666666666,Valid Party Vote,0.0,9.0,6.0,0,69.0,0.0
SE2,SE,3.3333333333333335,Valid Party Vote,0.0,3.0,1.0,1,77.0,0.0
SE2,SE,7.0,Valid Party Vote,0.0,2.0,7.0,0,45.0,0.0
SE3,SE,2.6666666666666665,Valid Party Vote,0.0,9.0,5.0,1,35.0,0.0
SE2,SE,7.666666666666667,Valid Party Vote,0.0,6.0,3.0,0,60.0,0.0
SE2,SE,2.3333333333333335,Refuse to Say,,5.0,2.0,1,78.0,0.0
SE3,SE,3.3333333333333335,Valid Party Vote,0.0,1.0,4.0,0,41.0,0.0
SE1,SE,7.333333333333333,Valid Party Vote,0.0,5.0,7.0,1,88.0,0.0
SE1,SE,6.0,Valid Party Vote,0.0,7.0,3.0,1,65.0,0.0
SE1,SE,4.0,Valid Party Vote,0.0,10.0,5.0,1,55.0,0.0
SE3,SE,3.6666666666666665,Valid Party Vote,0.0,10.0,5.0,1,70.0,0.0
SE1,SE,6.0,Valid Party Vote,0.0,5.0,7.0,0,69.0,0.0
SE1,SE,5.0,Valid Party Vote,0.0,9.0,7.0,0,80.0,0.0
SE3,SE,4.333333333333333,Ineligible / Not Applicable,,2.0,5.0,0,48.0,0.0
SE1,SE,6.333333333333333,Valid Party Vote,0.0,5.0,7.0,0,30.0,0.0
SE1,SE,6.666666666666667,Valid Party Vote,0.0,8.0,2.0,1,57.0,0.0
SE1,SE,5.0,Valid Party Vote,0.0,10.0,1.0,1,73.0,0.0
SE2,SE,7.666666666666667,Valid Party Vote,0.0,6.0,5.0,1,81.0,0.0
SE1,SE,7.333333333333333,Valid Party Vote,0.0,8.0,6.0,1,72.0,0.0
SE2,SE,8.0,Valid Party Vote,0.0,7.0,5.0,1,63.0,0.0
SE2,SE,6.0,Valid Party Vote,0.0,10.0,4.0,1,21.0,0.0
SE2,SE,7.666666666666667,Refuse to Say,,7.0,5.0,1,75.0,0.0
PL4,PL,0.0,Valid Party Vote,1.0,1.0,2.0,1,55.0,3.0
PL2,PL,0.0,Valid Party Vote,0.0,5.0,5.0,1,68.0,3.0
PL2,PL,4.666666666666667,Valid Party Vote,1.0,5.0,7.0,1,44.0,3.0
SE3,SE,7.333333333333333,Valid Party Vote,0.0,6.0,5.0,0,81.0,0.0
SE3,SE,9.333333333333334,Valid Party Vote,1.0,9.0,2.0,0,71.0,0.0
SE1,SE,6.666666666666667,Valid Party Vote,0.0,8.0,2.0,0,77.0,0.0
SE2,SE,4.0,Valid Party Vote,0.0,7.0,4.0,1,25.0,0.0
SE1,SE,7.0,Valid Party Vote,0.0,5.0,5.0,0,76.0,0.0
SE1,SE,4.333333333333333,Valid Party Vote,0.0,6.0,1.0,1,87.0,0.0
SE2,SE,1.3333333333333333,Valid Party Vote,0.0,1.0,4.0,0,69.0,0.0
SE2,SE,5.666666666666667,Valid Party Vote,0.0,4.0,6.0,1,35.0,0.0
SE2,SE,7.333333333333333,Valid Party Vote,0.0,5.0,6.0,1,29.0,0.0
SE1,SE,7.0,Valid Party Vote,0.0,7.0,6.0,0,54.0,0.0
SE1,SE,6.333333333333333,Valid Party Vote,0.0,7.0,3.0,1,56.0,0.0
SE1,SE,8.0,Ineligible / Not Applicable,,9.0,2.0,1,16.0,0.0
SE2,SE,5.0,Valid Party Vote,0.0,7.0,7.0,0,46.0,0.0
SE2,SE,5.333333333333333,Valid Party Vote,1.0,7.0,4.0,0,66.0,0.0
SE3,SE,7.333333333333333,Valid Party Vote,0.0,9.0,7.0,0,47.0,0.0
SE1,SE,6.333333333333333,Valid Party Vote,0.0,2.0,5.0,0,60.0,0.0
SE1,SE,7.0,Valid Party Vote,0.0,8.0,1.0,0,86.0,0.0
SE2,SE,2.3333333333333335,Valid Party Vote,1.0,2.0,1.0,0,83.0,0.0
SE1,SE,7.0,Valid Party Vote,0.0,7.0,5.0,1,77.0,0.0
SE2,SE,5.666666666666667,Valid Party Vote,0.0,6.0,5.0,1,51.0,0.0
SE2,SE,5.333333333333333,Valid Party Vote,0.0,8.0,4.0,1,34.0,0.0
SE2,SE,6.0,Valid Party Vote,0.0,5.0,4.0,1,21.0,0.0
SE1,SE,6.333333333333333,Valid Party Vote,0.0,8.0,7.0,0,54.0,0.0
SE2,SE,2.0,Valid Party Vote,0.0,2.0,5.0,1,64.0,0.0
SE2,SE,7.666666666666667,Valid Party Vote,0.0,8.0,6.0,1,38.0,0.0
SE2,SE,6.666666666666667,Valid Party Vote,0.0,6.0,3.0,1,65.0,0.0
SE3,SE,8.0,Valid Party Vote,0.0,7.0,3.0,0,48.0,0.0
SE2,SE,7.666666666666667,Valid Party Vote,1.0,7.0,5.0,0,65.0,0.0
SE1,SE,5.666666666666667,Valid Party Vote,0.0,6.0,4.0,1,44.0,0.0
SE1,SE,7.0,Valid Party Vote,0.0,8.0,7.0,1,36.0,0.0
SE1,SE,8.0,Valid Party Vote,0.0,7.0,5.0,0,52.0,0.0
SE2,SE,3.0,Valid Party Vote,1.0,7.0,5.0,0,75.0,0.0
SE2,SE,7.0,Ineligible / Not Applicable,,8.0,2.0,0,19.0,0.0
SE3,SE,6.666666666666667,Valid Party Vote,0.0,7.0,4.0,0,23.0,0.0
SE1,SE,2.0,Valid Party Vote,0.0,7.0,4.0,0,27.0,0.0
SE3,SE,5.666666666666667,Valid Party Vote,0.0,8.0,4.0,1,76.0,0.0
SE2,SE,9.333333333333334,Valid Party Vote,0.0,8.0,5.0,0,20.0,0.0
SE2,SE,6.0,Valid Party Vote,0.0,5.0,4.0,1,64.0,0.0
SE2,SE,6.0,Valid Party Vote,1.0,4.0,4.0,0,22.0,0.0
SE1,SE,7.333333333333333,Valid Party Vote,0.0,9.0,7.0,1,42.0,0.0
SE3,SE,4.0,Valid Party Vote,0.0,4.0,7.0,1,58.0,0.0
SE1,SE,5.666666666666667,Valid Party Vote,0.0,7.0,2.0,1,69.0,0.0
SE3,SE,4.333333333333333,Valid Party Vote,0.0,2.0,5.0,0,60.0,0.0
SE3,SE,7.333333333333333,Valid Party Vote,0.0,5.0,2.0,0,78.0,0.0
SE2,SE,5.0,Valid Party Vote,0.0,4.0,6.0,1,47.0,0.0
SE1,SE,5.333333333333333,Valid Party Vote,0.0,5.0,6.0,1,82.0,0.0
SE2,SE,2.3333333333333335,Don't Know,,,3.0,0,75.0,0.0
SE2,SE,6.333333333333333,Valid Party Vote,0.0,7.0,4.0,0,77.0,0.0
SE1,SE,5.666666666666667,Valid Party Vote,0.0,5.0,6.0,1,79.0,0.0
SE1,SE,8.666666666666666,Ineligible / Not Applicable,,5.0,1.0,1,18.0,0.0
SE2,SE,3.6666666666666665,Valid Party Vote,0.0,5.0,6.0,1,85.0,0.0
SE1,SE,6.0,Valid Party Vote,0.0,5.0,7.0,0,57.0,0.0
SE1,SE,6.0,Valid Party Vote,0.0,7.0,6.0,1,37.0,0.0
SE3,SE,7.0,Valid Party Vote,1.0,7.0,4.0,0,50.0,0.0
SE1,SE,5.666666666666667,Ineligible / Not Applicable,,1.0,2.0,1,16.0,0.0
SE2,SE,7.0,Valid Party Vote,0.0,9.0,4.0,1,22.0,0.0
SE3,SE,5.0,Valid Party Vote,0.0,7.0,3.0,0,68.0,0.0
SE2,SE,6.666666666666667,Valid Party Vote,0.0,5.0,5.0,1,70.0,0.0
SE2,SE,9.0,Valid Party Vote,0.0,6.0,6.0,1,55.0,0.0
SE2,SE,6.333333333333333,Valid Party Vote,0.0,7.0,6.0,1,54.0,0.0
SE2,SE,7.0,Valid Party Vote,0.0,8.0,7.0,1,37.0,0.0
SE1,SE,6.0,Valid Party Vote,0.0,8.0,5.0,1,58.0,0.0
SE1,SE,5.333333333333333,Valid Party Vote,0.0,5.0,4.0,1,19.0,0.0
SE1,SE,9.333333333333334,Valid Party Vote,0.0,7.0,6.0,0,55.0,0.0
SE3,SE,5.0,Valid Party Vote,0.0,7.0,6.0,1,34.0,0.0
SE1,SE,5.333333333333333,Ineligible / Not Applicable,,6.0,2.0,0,18.0,0.0
SE1,SE,5.333333333333333,Valid Party Vote,0.0,7.0,5.0,1,66.0,0.0
SE1,SE,5.0,Ineligible / Not Applicable,,3.0,7.0,0,46.0,0.0
SE2,SE,4.0,Ineligible / Not Applicable,,2.0,4.0,0,35.0,0.0
SE1,SE,8.666666666666666,Valid Party Vote,0.0,7.0,5.0,0,68.0,0.0
SE2,SE,8.333333333333334,Valid Party Vote,0.0,7.0,5.0,0,80.0,0.0
SE3,SE,4.0,Valid Party Vote,0.0,9.0,2.0,1,68.0,0.0
SE1,SE,3.3333333333333335,Valid Party Vote,1.0,8.0,6.0,0,60.0,0.0
SE1,SE,6.333333333333333,Valid Party Vote,0.0,7.0,6.0,1,22.0,0.0
SE2,SE,4.666666666666667,Valid Party Vote,0.0,8.0,2.0,0,78.0,0.0
SE1,SE,8.0,Valid Party Vote,0.0,10.0,7.0,0,85.0,0.0
SE2,SE,6.333333333333333,Valid Party Vote,0.0,8.0,2.0,0,64.0,0.0
SE2,SE,7.0,Valid Party Vote,0.0,6.0,5.0,0,62.0,0.0
SE3,SE,7.0,Valid Party Vote,0.0,8.0,4.0,0,76.0,0.0
SE2,SE,4.666666666666667,Valid Party Vote,0.0,5.0,4.0,1,81.0,0.0
SE2,SE,6.666666666666667,Valid Party Vote,0.0,7.0,4.0,1,49.0,0.0
SE1,SE,5.666666666666667,Valid Party Vote,0.0,10.0,6.0,1,34.0,0.0
SE2,SE,6.333333333333333,Valid Party Vote,0.0,7.0,6.0,1,60.0,0.0
SE3,SE,5.0,Refuse to Say,,3.0,5.0,1,64.0,0.0
SE1,SE,3.0,Valid Party Vote,0.0,8.0,6.0,1,52.0,0.0
SE3,SE,2.3333333333333335,Valid Party Vote,0.0,8.0,2.0,0,83.0,0.0
SE1,SE,5.666666666666667,Valid Party Vote,0.0,7.0,4.0,1,66.0,0.0
SE2,SE,5.666666666666667,Valid Party Vote,0.0,6.0,4.0,1,59.0,0.0
SE2,SE,10.0,Valid Party Vote,0.0,5.0,1.0,0,90.0,0.0
SE3,SE,6.5,Ineligible / Not Applicable,,4.0,2.0,0,17.0,0.0
SE2,SE,7.333333333333333,Valid Party Vote,0.0,7.0,4.0,0,75.0,0.0
SE2,SE,8.666666666666666,Valid Party Vote,0.0,10.0,3.0,1,70.0,0.0
SE2,SE,7.666666666666667,Valid Party Vote,0.0,7.0,7.0,0,75.0,0.0
SE2,SE,6.666666666666667,Valid Party Vote,0.0,7.0,7.0,0,36.0,0.0
SE3,SE,5.0,Valid Party Vote,0.0,10.0,3.0,1,53.0,0.0
SE1,SE,7.333333333333333,Ineligible / Not Applicable,,10.0,7.0,0,37.0,0.0
SE2,SE,4.666666666666667,Valid Party Vote,0.0,2.0,3.0,0,67.0,0.0
SE3,SE,6.666666666666667,Valid Party Vote,0.0,8.0,6.0,1,59.0,0.0
SE2,SE,4.0,Valid Party Vote,0.0,5.0,3.0,1,66.0,0.0
SE2,SE,6.0,Valid Party Vote,1.0,5.0,5.0,1,50.0,0.0
SE2,SE,6.666666666666667,Valid Party Vote,0.0,8.0,5.0,0,44.0,0.0
SE1,SE,4.333333333333333,Valid Party Vote,1.0,0.0,3.0,0,72.0,0.0
SE1,SE,6.333333333333333,Valid Party Vote,0.0,9.0,3.0,0,65.0,0.0
SE3,SE,7.333333333333333,Valid Party Vote,0.0,6.0,3.0,0,61.0,0.0
SE1,SE,6.666666666666667,Valid Party Vote,0.0,6.0,7.0,1,76.0,0.0
SE2,SE,5.666666666666667,Valid Party Vote,0.0,5.0,5.0,1,52.0,0.0
SE1,SE,4.666666666666667,Valid Party Vote,0.0,2.0,5.0,1,62.0,0.0
SE2,SE,4.0,Valid Party Vote,0.0,5.0,5.0,0,38.0,0.0
SE3,SE,6.666666666666667,Valid Party Vote,0.0,8.0,4.0,0,43.0,0.0
SE2,SE,4.666666666666667,Valid Party Vote,0.0,6.0,7.0,0,44.0,0.0
SE3,SE,7.333333333333333,Valid Party Vote,0.0,9.0,4.0,0,23.0,0.0
SE1,SE,2.0,Valid Party Vote,0.0,8.0,1.0,0,37.0,0.0
SE2,SE,5.0,Valid Party Vote,0.0,5.0,4.0,0,20.0,0.0
SE1,SE,8.0,Valid Party Vote,0.0,10.0,7.0,0,56.0,0.0
SE3,SE,6.333333333333333,Valid Party Vote,0.0,8.0,7.0,1,46.0,0.0
SE1,SE,4.333333333333333,Valid Party Vote,0.0,5.0,4.0,0,40.0,0.0
SE1,SE,7.0,Valid Party Vote,0.0,6.0,6.0,0,76.0,0.0
SE1,SE,4.0,Valid Party Vote,0.0,10.0,5.0,1,31.0,0.0
SE1,SE,8.333333333333334,Valid Party Vote,0.0,7.0,6.0,0,84.0,0.0
SE1,SE,7.0,Refuse to Say,,7.0,2.0,0,33.0,0.0
SE1,SE,3.6666666666666665,Valid Party Vote,0.0,4.0,4.0,1,58.0,0.0
SE1,SE,5.333333333333333,Valid Party Vote,0.0,10.0,5.0,1,81.0,0.0
SE2,SE,6.333333333333333,Valid Party Vote,0.0,6.0,6.0,1,34.0,0.0
SE3,SE,7.0,Ineligible / Not Applicable,,9.0,6.0,1,59.0,0.0
SE2,SE,5.333333333333333,Valid Party Vote,0.0,5.0,7.0,1,60.0,0.0
SE2,SE,4.666666666666667,Valid Party Vote,0.0,5.0,5.0,0,84.0,0.0
SE2,SE,6.0,Valid Party Vote,0.0,5.0,5.0,0,61.0,0.0
SE1,SE,0.6666666666666666,Valid Party Vote,0.0,5.0,4.0,1,72.0,0.0
SE2,SE,7.0,Valid Party Vote,0.0,7.0,7.0,1,52.0,0.0
SE2,SE,8.0,Valid Party Vote,0.0,6.0,7.0,0,58.0,0.0
SE3,SE,6.333333333333333,Valid Party Vote,1.0,6.0,7.0,0,80.0,0.0
SE2,SE,5.666666666666667,Valid Party Vote,0.0,8.0,7.0,1,72.0,0.0
SE3,SE,6.333333333333333,Valid Party Vote,0.0,8.0,4.0,0,69.0,0.0
SE2,SE,2.0,Refuse to Say,,4.0,5.0,0,84.0,0.0
SE1,SE,9.333333333333334,Valid Party Vote,0.0,7.0,5.0,0,61.0,0.0
SE2,SE,6.666666666666667,Valid Party Vote,0.0,7.0,7.0,1,60.0,0.0
SE2,SE,4.666666666666667,Valid Party Vote,1.0,4.0,5.0,0,31.0,0.0
SE3,SE,8.333333333333334,Valid Party Vote,0.0,7.0,5.0,1,76.0,0.0
SE2,SE,5.333333333333333,Valid Party Vote,0.0,8.0,4.0,1,52.0,0.0
SE3,SE,5.666666666666667,Valid Party Vote,0.0,4.0,4.0,0,53.0,0.0
SE1,SE,2.0,Valid Party Vote,0.0,10.0,5.0,0,53.0,0.0
SE2,SE,2.3333333333333335,Refuse to Say,,5.0,3.0,1,80.0,0.0
SE2,SE,5.333333333333333,Valid Party Vote,0.0,6.0,5.0,1,80.0,0.0
SE2,SE,6.666666666666667,Valid Party Vote,0.0,7.0,6.0,1,57.0,0.0
SE1,SE,5.666666666666667,Valid Party Vote,0.0,9.0,4.0,1,75.0,0.0
SE1,SE,7.666666666666667,Refuse to Say,,7.0,7.0,0,62.0,0.0
SE2,SE,7.666666666666667,Valid Party Vote,0.0,8.0,5.0,0,48.0,0.0
SE2,SE,2.6666666666666665,Valid Party Vote,0.0,4.0,1.0,0,84.0,0.0
SE2,SE,3.0,Valid Party Vote,1.0,1.0,5.0,0,39.0,0.0
SE2,SE,5.333333333333333,Valid Party Vote,0.0,5.0,6.0,1,33.0,0.0
SE2,SE,7.666666666666667,Valid Party Vote,0.0,10.0,7.0,1,75.0,0.0
SE2,SE,7.0,Valid Party Vote,0.0,10.0,7.0,1,52.0,0.0
SE1,SE,6.333333333333333,Valid Party Vote,0.0,10.0,6.0,1,39.0,0.0
SE2,SE,7.0,Valid Party Vote,0.0,10.0,5.0,0,48.0,0.0
SE2,SE,1.6666666666666667,Valid Party Vote,0.0,2.0,7.0,1,51.0,0.0
SE3,SE,5.666666666666667,Don't Know,,9.0,7.0,1,45.0,0.0
SE1,SE,4.666666666666667,Valid Party Vote,0.0,5.0,7.0,1,37.0,0.0
SE3,SE,9.0,Valid Party Vote,0.0,10.0,7.0,1,28.0,0.0
SE1,SE,7.0,Valid Party Vote,0.0,7.0,6.0,1,46.0,0.0
SE3,SE,6.0,Ineligible / Not Applicable,,6.0,2.0,1,83.0,0.0
SE3,SE,3.6666666666666665,Valid Party Vote,0.0,5.0,4.0,0,69.0,0.0
SE1,SE,6.333333333333333,Valid Party Vote,0.0,10.0,5.0,1,34.0,0.0
SE1,SE,7.333333333333333,Valid Party Vote,0.0,6.0,2.0,1,77.0,0.0
SE2,SE,4.333333333333333,Ineligible / Not Applicable,,5.0,2.0,1,16.0,0.0
SE1,SE,5.666666666666667,Valid Party Vote,0.0,5.0,5.0,0,67.0,0.0
SE1,SE,4.0,Valid Party Vote,0.0,5.0,6.0,0,35.0,0.0
SE2,SE,6.0,Valid Party Vote,0.0,8.0,5.0,1,60.0,0.0
SE2,SE,6.0,Valid Party Vote,0.0,6.0,6.0,1,34.0,0.0
SE1,SE,5.333333333333333,Valid Party Vote,0.0,7.0,3.0,0,55.0,0.0
SE2,SE,9.0,Valid Party Vote,0.0,8.0,7.0,1,67.0,0.0
SE2,SE,5.666666666666667,Valid Party Vote,0.0,9.0,,1,54.0,0.0
SE2,SE,8.0,Ineligible / Not Applicable,,2.0,3.0,1,60.0,0.0
SE1,SE,8.0,Valid Party Vote,0.0,2.0,3.0,1,89.0,0.0
SE1,SE,5.0,Valid Party Vote,0.0,5.0,1.0,1,90.0,0.0
SE1,SE,6.0,Ineligible / Not Applicable,,10.0,4.0,1,58.0,0.0
SE3,SE,5.333333333333333,Valid Party Vote,0.0,4.0,2.0,1,79.0,0.0
SE3,SE,6.333333333333333,Valid Party Vote,0.0,4.0,5.0,0,53.0,0.0
SE2,SE,4.666666666666667,Valid Party Vote,1.0,8.0,3.0,0,87.0,0.0
SE2,SE,6.0,Valid Party Vote,0.0,8.0,1.0,0,80.0,0.0
SE1,SE,8.666666666666666,Valid Party Vote,0.0,8.0,7.0,1,36.0,0.0
SE3,SE,3.6666666666666665,Refuse to Say,,,5.0,1,45.0,0.0
SE1,SE,2.3333333333333335,Valid Party Vote,0.0,5.0,3.0,1,72.0,0.0
SE3,SE,7.333333333333333,Valid Party Vote,0.0,7.0,6.0,1,71.0,0.0
SE1,SE,6.666666666666667,Valid Party Vote,0.0,5.0,7.0,1,73.0,0.0
SE3,SE,1.3333333333333333,Valid Party Vote,1.0,3.0,3.0,0,61.0,0.0
SE1,SE,4.333333333333333,Valid Party Vote,0.0,7.0,5.0,1,72.0,0.0
SE3,SE,4.0,Valid Party Vote,0.0,5.0,4.0,0,71.0,0.0
SE1,SE,8.666666666666666,Valid Party Vote,0.0,8.0,6.0,0,80.0,0.0
SE2,SE,5.0,Ineligible / Not Applicable,,7.0,1.0,0,88.0,0.0
SE1,SE,3.3333333333333335,Valid Party Vote,1.0,5.0,5.0,0,71.0,0.0
SE2,SE,4.0,Valid Party Vote,1.0,7.0,5.0,1,48.0,0.0
SE3,SE,4.333333333333333,Valid Party Vote,0.0,6.0,6.0,1,58.0,0.0
SE2,SE,5.333333333333333,Valid Party Vote,0.0,10.0,7.0,1,81.0,0.0
SE2,SE,7.0,Valid Party Vote,0.0,8.0,7.0,1,68.0,0.0
SE1,SE,6.333333333333333,Valid Party Vote,0.0,2.0,7.0,0,29.0,0.0
SE2,SE,6.666666666666667,Valid Party Vote,1.0,7.0,7.0,1,47.0,0.0
SE3,SE,6.0,Valid Party Vote,0.0,7.0,7.0,1,46.0,0.0
SE1,SE,5.333333333333333,Valid Party Vote,0.0,6.0,7.0,0,66.0,0.0
SE3,SE,7.0,Valid Party Vote,0.0,5.0,4.0,0,24.0,0.0
SE3,SE,7.0,Valid Party Vote,0.0,10.0,4.0,1,38.0,0.0
SE1,SE,8.333333333333334,Valid Party Vote,0.0,10.0,7.0,0,70.0,0.0
SE3,SE,5.666666666666667,Valid Party Vote,0.0,7.0,5.0,1,61.0,0.0
SE1,SE,4.666666666666667,Refuse to Say,,6.0,1.0,0,80.0,0.0
SE2,SE,6.666666666666667,Valid Party Vote,0.0,8.0,7.0,1,35.0,0.0
SE3,SE,7.0,Valid Party Vote,0.0,7.0,3.0,1,67.0,0.0
SE1,SE,3.6666666666666665,Valid Party Vote,0.0,5.0,4.0,1,67.0,0.0
SE1,SE,3.6666666666666665,Valid Party Vote,0.0,,7.0,0,63.0,0.0
SE3,SE,2.3333333333333335,Valid Party Vote,0.0,3.0,3.0,0,64.0,0.0
SE2,SE,3.6666666666666665,Valid Party Vote,0.0,10.0,5.0,0,74.0,0.0
SE2,SE,6.333333333333333,Ineligible / Not Applicable,,6.0,2.0,1,16.0,0.0
SE2,SE,7.333333333333333,Valid Party Vote,0.0,7.0,6.0,1,62.0,0.0
SE1,SE,7.0,Valid Party Vote,0.0,8.0,5.0,0,83.0,0.0
SE2,SE,8.0,Valid Party Vote,1.0,0.0,4.0,0,60.0,0.0
SE1,SE,6.333333333333333,Valid Party Vote,0.0,7.0,4.0,1,20.0,0.0
SE2,SE,4.333333333333333,Valid Party Vote,0.0,8.0,5.0,0,40.0,0.0
SE3,SE,6.666666666666667,Valid Party Vote,0.0,8.0,5.0,1,70.0,0.0
SE1,SE,5.333333333333333,Valid Party Vote,0.0,5.0,5.0,1,68.0,0.0
SE1,SE,8.0,Valid Party Vote,0.0,7.0,5.0,1,71.0,0.0
SE1,SE,8.333333333333334,Valid Party Vote,0.0,7.0,4.0,0,19.0,0.0
SE3,SE,5.333333333333333,Valid Party Vote,0.0,8.0,3.0,1,72.0,0.0
SE2,SE,7.666666666666667,Valid Party Vote,0.0,8.0,3.0,0,50.0,0.0
SE3,SE,9.0,Valid Party Vote,0.0,6.0,6.0,0,40.0,0.0
SE2,SE,7.0,Valid Party Vote,0.0,10.0,4.0,1,27.0,0.0
SE2,SE,5.666666666666667,Valid Party Vote,0.0,4.0,5.0,1,74.0,0.0
SE2,SE,6.666666666666667,Valid Party Vote,0.0,5.0,4.0,0,33.0,0.0
SE2,SE,6.0,Valid Party Vote,0.0,7.0,6.0,1,55.0,0.0
SE1,SE,5.333333333333333,Valid Party Vote,0.0,4.0,2.0,0,81.0,0.0
SE2,SE,5.0,Ineligible / Not Applicable,,5.0,3.0,0,74.0,0.0
SE1,SE,3.6666666666666665,Valid Party Vote,0.0,7.0,5.0,0,49.0,0.0
SE2,SE,6.333333333333333,Valid Party Vote,0.0,5.0,6.0,1,55.0,0.0
SE3,SE,2.6666666666666665,Valid Party Vote,0.0,5.0,4.0,0,33.0,0.0
SE2,SE,8.666666666666666,Valid Party Vote,1.0,7.0,5.0,1,77.0,0.0
SE2,SE,6.0,Valid Party Vote,0.0,7.0,6.0,1,29.0,0.0
SE3,SE,3.0,Ineligible / Not Applicable,,10.0,4.0,0,24.0,0.0
SE3,SE,8.0,Ineligible / Not Applicable,,8.0,6.0,1,52.0,0.0
SE1,SE,4.666666666666667,Valid Party Vote,0.0,5.0,5.0,1,88.0,0.0
SE2,SE,4.0,Valid Party Vote,0.0,3.0,7.0,0,67.0,0.0
SE3,SE,7.333333333333333,Ineligible / Not Applicable,,4.0,6.0,0,30.0,0.0
SE2,SE,7.0,Valid Party Vote,0.0,5.0,2.0,0,66.0,0.0
SE1,SE,5.0,Ineligible / Not Applicable,,7.0,2.0,1,18.0,0.0
SE1,SE,8.0,Valid Party Vote,0.0,9.0,7.0,1,54.0,0.0
SE3,SE,3.3333333333333335,Valid Party Vote,1.0,3.0,4.0,0,28.0,0.0
SE1,SE,8.333333333333334,Valid Party Vote,0.0,9.0,7.0,0,50.0,0.0
SE1,SE,7.666666666666667,Valid Party Vote,0.0,9.0,4.0,0,60.0,0.0
SE2,SE,5.666666666666667,Valid Party Vote,0.0,3.0,3.0,1,68.0,0.0
SE2,SE,7.0,Valid Party Vote,0.0,7.0,3.0,0,57.0,0.0
SE3,SE,3.3333333333333335,Don't Know,,9.0,4.0,0,59.0,0.0
SE3,SE,8.333333333333334,Valid Party Vote,0.0,7.0,6.0,0,36.0,0.0
SE2,SE,6.0,Valid Party Vote,0.0,5.0,6.0,0,27.0,0.0
SE2,SE,6.333333333333333,Valid Party Vote,0.0,8.0,4.0,1,40.0,0.0
SE2,SE,8.0,Valid Party Vote,0.0,10.0,6.0,1,80.0,0.0
SE3,SE,7.0,Valid Party Vote,0.0,8.0,2.0,0,76.0,0.0
SE1,SE,5.333333333333333,Valid Party Vote,1.0,4.0,2.0,0,19.0,0.0
SE2,SE,2.5,Ineligible / Not Applicable,,5.0,4.0,0,23.0,0.0
SE1,SE,5.0,Valid Party Vote,0.0,6.0,4.0,1,31.0,0.0
SE1,SE,4.666666666666667,Refuse to Say,,6.0,5.0,0,79.0,0.0
SE1,SE,5.666666666666667,Valid Party Vote,0.0,3.0,3.0,0,57.0,0.0
SE3,SE,5.333333333333333,Valid Party Vote,0.0,5.0,5.0,1,90.0,0.0
SE2,SE,5.666666666666667,Valid Party Vote,0.0,3.0,5.0,0,43.0,0.0
SE3,SE,9.0,Valid Party Vote,0.0,8.0,6.0,0,74.0,0.0
SE2,SE,4.0,Ineligible / Not Applicable,,3.0,1.0,0,86.0,0.0
SE2,SE,6.333333333333333,Valid Party Vote,0.0,5.0,,1,53.0,0.0
SE1,SE,5.666666666666667,Valid Party Vote,0.0,10.0,5.0,0,32.0,0.0
SE2,SE,3.0,Valid Party Vote,0.0,5.0,,0,66.0,0.0
SE1,SE,7.0,Valid Party Vote,0.0,8.0,6.0,1,58.0,0.0
SE3,SE,5.333333333333333,Ineligible / Not Applicable,,5.0,2.0,0,17.0,0.0
SE1,SE,6.666666666666667,Valid Party Vote,0.0,7.0,7.0,0,37.0,0.0
SE2,SE,8.0,Valid Party Vote,0.0,6.0,6.0,0,24.0,0.0
SE2,SE,8.0,Ineligible / Not Applicable,,2.0,5.0,0,32.0,0.0
SE1,SE,8.0,Valid Party Vote,0.0,9.0,6.0,0,22.0,0.0
SE1,SE,5.333333333333333,Valid Party Vote,0.0,5.0,2.0,0,86.0,0.0
SE3,SE,6.333333333333333,Valid Party Vote,0.0,8.0,3.0,1,72.0,0.0
SE3,SE,8.333333333333334,Valid Party Vote,0.0,5.0,5.0,1,40.0,0.0
SE2,SE,7.0,Valid Party Vote,0.0,3.0,7.0,0,56.0,0.0
SE2,SE,5.0,Valid Party Vote,0.0,5.0,,0,79.0,0.0
SE1,SE,6.333333333333333,Valid Party Vote,0.0,5.0,4.0,0,57.0,0.0
SE1,SE,8.666666666666666,Valid Party Vote,0.0,9.0,6.0,0,50.0,0.0
SE2,SE,6.666666666666667,Valid Party Vote,1.0,2.0,2.0,0,79.0,0.0
SE2,SE,5.333333333333333,Valid Party Vote,1.0,6.0,3.0,1,47.0,0.0
SE2,SE,5.666666666666667,Valid Party Vote,1.0,4.0,1.0,0,72.0,0.0
SE1,SE,7.0,Valid Party Vote,0.0,5.0,6.0,1,29.0,0.0
SE2,SE,6.666666666666667,Valid Party Vote,0.0,5.0,2.0,0,80.0,0.0
SE2,SE,4.0,Valid Party Vote,1.0,5.0,2.0,0,66.0,0.0
SE1,SE,8.333333333333334,Valid Party Vote,0.0,5.0,7.0,0,44.0,0.0
SE2,SE,5.0,Ineligible / Not Applicable,,4.0,2.0,1,79.0,0.0
SE1,SE,6.666666666666667,Valid Party Vote,1.0,4.0,1.0,1,74.0,0.0
SE2,SE,2.6666666666666665,Valid Party Vote,0.0,6.0,5.0,1,22.0,0.0
SE1,SE,6.333333333333333,Valid Party Vote,0.0,7.0,6.0,1,40.0,0.0
SE3,SE,3.0,Ineligible / Not Applicable,,7.0,3.0,1,82.0,0.0
SE1,SE,6.0,Valid Party Vote,0.0,5.0,3.0,1,76.0,0.0
SE2,SE,7.333333333333333,Valid Party Vote,0.0,9.0,5.0,1,51.0,0.0
SE2,SE,3.6666666666666665,Valid Party Vote,0.0,3.0,5.0,0,34.0,0.0
SE1,SE,2.0,Valid Party Vote,0.0,4.0,5.0,0,56.0,0.0
SE2,SE,7.333333333333333,Refuse to Say,,4.0,3.0,0,60.0,0.0
SE2,SE,6.666666666666667,Valid Party Vote,0.0,6.0,6.0,1,73.0,0.0
SE1,SE,6.333333333333333,Valid Party Vote,0.0,9.0,6.0,1,49.0,0.0
SE2,SE,7.333333333333333,Ineligible / Not Applicable,,4.0,,1,15.0,0.0
SE2,SE,2.0,Valid Party Vote,0.0,8.0,7.0,0,33.0,0.0
SE1,SE,3.6666666666666665,Valid Party Vote,0.0,6.0,3.0,1,60.0,0.0
SE2,SE,5.0,Valid Party Vote,0.0,9.0,6.0,1,42.0,0.0
SE2,SE,7.333333333333333,Valid Party Vote,0.0,8.0,6.0,0,57.0,0.0
SE2,SE,5.0,Valid Party Vote,0.0,4.0,6.0,1,51.0,0.0
SE2,SE,2.3333333333333335,Valid Party Vote,0.0,6.0,5.0,0,75.0,0.0
SE2,SE,4.666666666666667,Valid Party Vote,0.0,8.0,5.0,0,56.0,0.0
SE3,SE,4.666666666666667,Valid Party Vote,1.0,5.0,3.0,1,73.0,0.0
SE1,SE,7.0,Valid Party Vote,0.0,10.0,7.0,1,54.0,0.0
SE2,SE,6.0,Valid Party Vote,0.0,6.0,4.0,1,84.0,0.0
SE1,SE,7.666666666666667,Ineligible / Not Applicable,,9.0,,1,15.0,0.0
SE2,SE,6.333333333333333,Valid Party Vote,0.0,5.0,4.0,1,20.0,0.0
SE3,SE,6.666666666666667,Valid Party Vote,0.0,8.0,3.0,0,57.0,0.0
SE1,SE,7.0,Valid Party Vote,0.0,5.0,6.0,1,64.0,0.0
SE2,SE,5.0,Valid Party Vote,0.0,5.0,7.0,0,31.0,0.0
SE3,SE,5.333333333333333,Valid Party Vote,0.0,7.0,3.0,1,65.0,0.0
SE1,SE,7.333333333333333,Valid Party Vote,0.0,8.0,2.0,0,34.0,0.0
SE3,SE,3.3333333333333335,Valid Party Vote,1.0,2.0,1.0,0,74.0,0.0
SE2,SE,4.666666666666667,Valid Party Vote,0.0,8.0,5.0,1,63.0,0.0
SE1,SE,6.666666666666667,Valid Party Vote,0.0,7.0,4.0,0,71.0,0.0
SE2,SE,6.0,Valid Party Vote,0.0,8.0,7.0,1,40.0,0.0
SE2,SE,8.333333333333334,Valid Party Vote,0.0,7.0,6.0,1,49.0,0.0
SE1,SE,8.333333333333334,Valid Party Vote,0.0,8.0,6.0,1,70.0,0.0
SE1,SE,8.333333333333334,Valid Party Vote,0.0,8.0,4.0,1,24.0,0.0
SE2,SE,7.0,Valid Party Vote,0.0,3.0,7.0,1,45.0,0.0
SE1,SE,4.333333333333333,Valid Party Vote,0.0,6.0,6.0,1,45.0,0.0
SE1,SE,7.0,Valid Party Vote,0.0,7.0,6.0,0,38.0,0.0
SE2,SE,4.666666666666667,Valid Party Vote,0.0,4.0,4.0,0,68.0,0.0
SE3,SE,8.0,Valid Party Vote,0.0,5.0,6.0,1,35.0,0.0
SE2,SE,5.0,Valid Party Vote,0.0,6.0,1.0,0,84.0,0.0
SE2,SE,8.666666666666666,Valid Party Vote,0.0,7.0,1.0,0,74.0,0.0
SE1,SE,4.333333333333333,Valid Party Vote,1.0,3.0,7.0,1,61.0,0.0
SE2,SE,6.666666666666667,Valid Party Vote,0.0,8.0,6.0,1,60.0,0.0
SE3,SE,7.333333333333333,Valid Party Vote,0.0,5.0,1.0,1,90.0,0.0
SE1,SE,7.0,Valid Party Vote,0.0,8.0,3.0,0,60.0,0.0
SE2,SE,5.0,Valid Party Vote,0.0,4.0,6.0,0,37.0,0.0
SE1,SE,6.333333333333333,Valid Party Vote,0.0,9.0,6.0,1,25.0,0.0
SE2,SE,4.333333333333333,Valid Party Vote,0.0,3.0,3.0,0,56.0,0.0
SE2,SE,8.666666666666666,Valid Party Vote,0.0,5.0,6.0,1,26.0,0.0
SE3,SE,7.333333333333333,Valid Party Vote,0.0,6.0,3.0,0,73.0,0.0
SE3,SE,8.333333333333334,Ineligible / Not Applicable,,9.0,6.0,0,39.0,0.0
SE3,SE,5.333333333333333,Valid Party Vote,0.0,4.0,6.0,0,33.0,0.0
SE3,SE,7.0,Valid Party Vote,0.0,8.0,4.0,1,33.0,0.0
SE1,SE,6.333333333333333,Valid Party Vote,0.0,8.0,7.0,0,29.0,0.0
SE2,SE,5.333333333333333,Valid Party Vote,0.0,7.0,7.0,0,32.0,0.0
SE3,SE,3.6666666666666665,Valid Party Vote,1.0,4.0,3.0,1,67.0,0.0
SE2,SE,8.0,Valid Party Vote,0.0,6.0,4.0,0,19.0,0.0
SE2,SE,4.0,Ineligible / Not Applicable,,7.0,5.0,0,76.0,0.0
SE3,SE,4.0,Valid Party Vote,0.0,6.0,6.0,1,66.0,0.0
SE1,SE,5.333333333333333,Valid Party Vote,0.0,5.0,3.0,1,59.0,0.0
SE1,SE,6.333333333333333,Valid Party Vote,0.0,4.0,4.0,1,21.0,0.0
SE2,SE,5.0,Valid Party Vote,1.0,6.0,2.0,0,51.0,0.0
SE2,SE,5.666666666666667,Valid Party Vote,0.0,6.0,7.0,1,62.0,0.0
SE1,SE,4.0,Valid Party Vote,0.0,4.0,4.0,1,68.0,0.0
SE2,SE,4.666666666666667,Valid Party Vote,0.0,7.0,6.0,1,29.0,0.0
SE1,SE,8.333333333333334,Valid Party Vote,0.0,10.0,6.0,1,51.0,0.0
SE2,SE,8.666666666666666,Valid Party Vote,0.0,6.0,1.0,0,68.0,0.0
SE3,SE,2.6666666666666665,Valid Party Vote,0.0,3.0,3.0,0,68.0,0.0
SE1,SE,5.333333333333333,Valid Party Vote,0.0,4.0,4.0,0,24.0,0.0
SE2,SE,6.666666666666667,Valid Party Vote,0.0,7.0,1.0,0,69.0,0.0
SE2,SE,5.666666666666667,Valid Party Vote,0.0,8.0,5.0,0,24.0,0.0
SE1,SE,8.333333333333334,Valid Party Vote,0.0,5.0,6.0,0,43.0,0.0
SE1,SE,7.666666666666667,Valid Party Vote,0.0,8.0,6.0,1,39.0,0.0
SE2,SE,7.0,Valid Party Vote,0.0,5.0,3.0,1,58.0,0.0
SE3,SE,7.0,Valid Party Vote,0.0,8.0,2.0,0,63.0,0.0
SE1,SE,4.0,Valid Party Vote,0.0,3.0,3.0,0,50.0,0.0
SE3,SE,7.333333333333333,Ineligible / Not Applicable,,5.0,2.0,1,18.0,0.0
SE3,SE,5.666666666666667,Valid Party Vote,0.0,7.0,7.0,0,39.0,0.0
SE3,SE,6.0,Valid Party Vote,0.0,5.0,4.0,1,38.0,0.0
SE3,SE,4.666666666666667,Valid Party Vote,0.0,10.0,3.0,0,82.0,0.0
SE2,SE,9.0,Valid Party Vote,0.0,8.0,5.0,1,50.0,0.0
SE3,SE,5.333333333333333,Valid Party Vote,0.0,3.0,6.0,0,50.0,0.0
SE2,SE,6.0,Valid Party Vote,0.0,8.0,4.0,0,49.0,0.0
SE1,SE,6.666666666666667,Valid Party Vote,0.0,6.0,7.0,1,29.0,0.0
SE1,SE,0.0,Ineligible / Not Applicable,,0.0,6.0,1,52.0,0.0
SE3,SE,1.3333333333333333,Valid Party Vote,0.0,5.0,3.0,1,87.0,0.0
SE3,SE,6.333333333333333,Valid Party Vote,0.0,7.0,4.0,1,80.0,0.0
SE1,SE,3.6666666666666665,Valid Party Vote,0.0,7.0,7.0,1,30.0,0.0
SE2,SE,8.333333333333334,Valid Party Vote,0.0,7.0,4.0,0,38.0,0.0
SE3,SE,2.0,Valid Party Vote,0.0,8.0,7.0,0,37.0,0.0
SE2,SE,6.333333333333333,Valid Party Vote,0.0,5.0,4.0,1,33.0,0.0
SE1,SE,9.666666666666666,Valid Party Vote,0.0,5.0,7.0,0,35.0,0.0
SE3,SE,5.666666666666667,Valid Party Vote,0.0,7.0,5.0,0,74.0,0.0
SE1,SE,8.666666666666666,Valid Party Vote,0.0,9.0,7.0,0,67.0,0.0
SE2,SE,6.333333333333333,Valid Party Vote,0.0,7.0,6.0,0,41.0,0.0
SE2,SE,6.333333333333333,Valid Party Vote,0.0,7.0,2.0,0,83.0,0.0
SE3,SE,5.666666666666667,Valid Party Vote,0.0,4.0,5.0,0,50.0,0.0
SE1,SE,6.0,Valid Party Vote,0.0,7.0,7.0,0,73.0,0.0
SE2,SE,6.0,Valid Party Vote,1.0,7.0,4.0,0,27.0,0.0
SE1,SE,8.0,Valid Party Vote,0.0,7.0,7.0,0,59.0,0.0
SE2,SE,3.3333333333333335,Valid Party Vote,0.0,5.0,5.0,0,65.0,0.0
SE2,SE,7.333333333333333,Valid Party Vote,0.0,7.0,5.0,1,31.0,0.0
SE1,SE,5.0,Ineligible / Not Applicable,,8.0,6.0,0,44.0,0.0
SE3,SE,8.666666666666666,Valid Party Vote,0.0,8.0,6.0,1,45.0,0.0
SE2,SE,4.666666666666667,Valid Party Vote,0.0,8.0,7.0,1,56.0,0.0
SE1,SE,4.333333333333333,Ineligible / Not Applicable,,5.0,2.0,1,18.0,0.0
SE3,SE,7.0,Valid Party Vote,0.0,9.0,7.0,1,35.0,0.0
SE2,SE,4.0,Valid Party Vote,0.0,8.0,5.0,1,89.0,0.0
SE2,SE,4.666666666666667,Valid Party Vote,0.0,7.0,5.0,0,52.0,0.0
SE2,SE,4.666666666666667,Don't Know,,5.0,5.0,1,64.0,0.0
SE2,SE,7.0,Valid Party Vote,0.0,8.0,1.0,0,90.0,0.0
SE2,SE,4.0,Valid Party Vote,0.0,7.0,7.0,0,79.0,0.0
SE2,SE,6.0,Valid Party Vote,0.0,5.0,6.0,0,51.0,0.0
SE2,SE,9.333333333333334,Valid Party Vote,0.0,10.0,4.0,0,79.0,0.0
SE3,SE,8.333333333333334,Valid Party Vote,0.0,7.0,7.0,0,75.0,0.0
SE1,SE,3.6666666666666665,Ineligible / Not Applicable,,8.0,4.0,0,58.0,0.0
SE2,SE,4.0,Valid Party Vote,0.0,8.0,6.0,1,31.0,0.0
SE3,SE,6.0,Valid Party Vote,0.0,9.0,6.0,0,64.0,0.0
SE1,SE,6.333333333333333,Valid Party Vote,0.0,5.0,5.0,0,57.0,0.0
SE2,SE,6.333333333333333,Valid Party Vote,0.0,6.0,4.0,1,32.0,0.0
SE2,SE,5.333333333333333,Ineligible / Not Applicable,,5.0,5.0,0,55.0,0.0
SE1,SE,3.0,Ineligible / Not Applicable,,10.0,6.0,1,43.0,0.0
SE1,SE,5.333333333333333,Valid Party Vote,0.0,7.0,6.0,1,43.0,0.0
SE2,SE,3.6666666666666665,Valid Party Vote,0.0,7.0,7.0,1,31.0,0.0
SE3,SE,7.666666666666667,Valid Party Vote,0.0,6.0,4.0,0,33.0,0.0
SE2,SE,6.333333333333333,Valid Party Vote,1.0,5.0,3.0,1,58.0,0.0
SE3,SE,7.333333333333333,Valid Party Vote,0.0,5.0,6.0,1,47.0,0.0
SE1,SE,6.666666666666667,Valid Party Vote,0.0,8.0,6.0,1,44.0,0.0
SE2,SE,5.0,Valid Party Vote,0.0,7.0,4.0,0,32.0,0.0
SE2,SE,6.666666666666667,Valid Party Vote,0.0,6.0,5.0,1,70.0,0.0
SE3,SE,7.333333333333333,Valid Party Vote,0.0,5.0,5.0,0,87.0,0.0
SE2,SE,9.0,Refuse to Say,,8.0,5.0,0,60.0,0.0
SE2,SE,7.666666666666667,Valid Party Vote,0.0,10.0,6.0,1,45.0,0.0
SE1,SE,6.666666666666667,Valid Party Vote,1.0,7.0,7.0,0,37.0,0.0
SE1,SE,2.6666666666666665,Valid Party Vote,0.0,5.0,4.0,0,23.0,0.0
SE2,SE,8.0,Valid Party Vote,0.0,4.0,3.0,1,64.0,0.0
SE1,SE,8.666666666666666,Valid Party Vote,0.0,10.0,6.0,1,61.0,0.0
SE2,SE,4.0,Valid Party Vote,0.0,6.0,,1,59.0,0.0
SE1,SE,6.0,Don't Know,,7.0,2.0,0,59.0,0.0
SE1,SE,8.333333333333334,Ineligible / Not Applicable,,7.0,6.0,1,56.0,0.0
SE2,SE,4.333333333333333,Valid Party Vote,0.0,5.0,3.0,0,83.0,0.0
SE3,SE,5.333333333333333,Valid Party Vote,0.0,5.0,6.0,1,33.0,0.0
SE2,SE,4.0,Valid Party Vote,0.0,7.0,5.0,1,84.0,0.0
SE1,SE,6.333333333333333,Valid Party Vote,0.0,,4.0,1,86.0,0.0
SE1,SE,8.0,Valid Party Vote,0.0,7.0,4.0,1,55.0,0.0
SE1,SE,1.3333333333333333,Valid Party Vote,0.0,7.0,5.0,1,36.0,0.0
SE2,SE,6.333333333333333,Valid Party Vote,0.0,5.0,7.0,1,29.0,0.0
SE2,SE,7.333333333333333,Valid Party Vote,0.0,6.0,6.0,0,48.0,0.0
SE1,SE,2.6666666666666665,Valid Party Vote,1.0,5.0,7.0,0,63.0,0.0
SE1,SE,7.333333333333333,Valid Party Vote,0.0,5.0,5.0,0,69.0,0.0
SE1,SE,2.3333333333333335,Valid Party Vote,1.0,0.0,2.0,0,46.0,0.0
SE1,SE,6.0,Ineligible / Not Applicable,,3.0,2.0,1,16.0,0.0
SE1,SE,5.5,Ineligible / Not Applicable,,9.0,7.0,0,28.0,0.0
SE2,SE,3.6666666666666665,Valid Party Vote,1.0,4.0,2.0,0,82.0,0.0
SE2,SE,2.6666666666666665,Valid Party Vote,0.0,2.0,5.0,1,48.0,0.0
SE2,SE,6.0,Valid Party Vote,0.0,5.0,6.0,0,75.0,0.0
SE2,SE,6.0,Valid Party Vote,0.0,5.0,3.0,0,60.0,0.0
SE3,SE,7.666666666666667,Valid Party Vote,0.0,8.0,6.0,0,54.0,0.0
SE3,SE,7.0,Valid Party Vote,0.0,9.0,7.0,1,52.0,0.0
SE2,SE,5.333333333333333,Valid Party Vote,1.0,2.0,3.0,0,52.0,0.0
SE1,SE,6.333333333333333,Valid Party Vote,0.0,9.0,5.0,0,65.0,0.0
SE1,SE,6.666666666666667,Valid Party Vote,0.0,5.0,6.0,0,35.0,0.0
SE2,SE,6.333333333333333,Valid Party Vote,0.0,7.0,5.0,1,68.0,0.0
SE2,SE,7.333333333333333,Valid Party Vote,0.0,3.0,3.0,1,72.0,0.0
SE2,SE,6.333333333333333,Valid Party Vote,0.0,5.0,4.0,1,70.0,0.0
SE2,SE,5.666666666666667,Valid Party Vote,0.0,5.0,6.0,1,55.0,0.0
SE1,SE,6.666666666666667,Valid Party Vote,0.0,4.0,4.0,0,20.0,0.0
SE2,SE,8.0,Valid Party Vote,1.0,8.0,7.0,0,81.0,0.0
SE3,SE,7.666666666666667,Valid Party Vote,0.0,5.0,4.0,0,44.0,0.0
SE1,SE,4.666666666666667,Valid Party Vote,0.0,9.0,,1,76.0,0.0
SE2,SE,7.333333333333333,Valid Party Vote,0.0,5.0,7.0,1,61.0,0.0
SE3,SE,6.0,Valid Party Vote,0.0,7.0,1.0,0,81.0,0.0
SE2,SE,7.333333333333333,Valid Party Vote,0.0,8.0,4.0,0,68.0,0.0
SE1,SE,5.0,Ineligible / Not Applicable,,6.0,4.0,1,38.0,0.0
SE3,SE,4.666666666666667,Valid Party Vote,0.0,5.0,4.0,1,28.0,0.0
SE1,SE,9.0,Valid Party Vote,0.0,8.0,5.0,0,86.0,0.0
SE2,SE,6.666666666666667,Refuse to Say,,8.0,7.0,1,30.0,0.0
SE3,SE,5.333333333333333,Valid Party Vote,1.0,7.0,5.0,1,85.0,0.0
SE1,SE,5.666666666666667,Valid Party Vote,0.0,6.0,5.0,1,41.0,0.0
SE1,SE,6.333333333333333,Valid Party Vote,0.0,8.0,7.0,1,28.0,0.0
SE2,SE,8.0,Valid Party Vote,0.0,8.0,4.0,0,42.0,0.0
SE2,SE,7.333333333333333,Valid Party Vote,0.0,6.0,5.0,1,61.0,0.0
SE2,SE,5.0,Valid Party Vote,0.0,10.0,6.0,0,59.0,0.0
SE1,SE,7.0,Valid Party Vote,0.0,7.0,5.0,0,66.0,0.0
SE2,SE,8.0,Valid Party Vote,0.0,8.0,7.0,1,59.0,0.0
SE3,SE,8.666666666666666,Valid Party Vote,0.0,10.0,7.0,1,42.0,0.0
SE2,SE,8.333333333333334,Valid Party Vote,0.0,5.0,6.0,0,52.0,0.0
SE1,SE,5.666666666666667,Valid Party Vote,0.0,7.0,7.0,0,48.0,0.0
SE2,SE,9.0,Valid Party Vote,0.0,8.0,4.0,0,68.0,0.0
SE1,SE,7.333333333333333,Valid Party Vote,0.0,7.0,7.0,0,69.0,0.0
SE3,SE,6.0,Ineligible / Not Applicable,,9.0,5.0,0,25.0,0.0
SE2,SE,7.0,Valid Party Vote,0.0,6.0,7.0,0,36.0,0.0
SE2,SE,1.0,Valid Party Vote,0.0,7.0,4.0,1,41.0,0.0
SE1,SE,7.333333333333333,Valid Party Vote,0.0,6.0,6.0,0,55.0,0.0
SE2,SE,7.666666666666667,Valid Party Vote,0.0,7.0,4.0,1,20.0,0.0
SE1,SE,8.0,Valid Party Vote,0.0,7.0,6.0,0,63.0,0.0
SE3,SE,5.333333333333333,Valid Party Vote,0.0,6.0,7.0,1,40.0,0.0
SE2,SE,7.0,Valid Party Vote,0.0,5.0,3.0,0,63.0,0.0
SE2,SE,3.3333333333333335,Valid Party Vote,0.0,9.0,6.0,1,34.0,0.0
SE2,SE,5.333333333333333,Valid Party Vote,0.0,3.0,4.0,0,68.0,0.0
SE2,SE,0.0,Ineligible / Not Applicable,,10.0,5.0,0,70.0,0.0
SE3,SE,2.0,Refuse to Say,,5.0,1.0,1,74.0,0.0
SE2,SE,7.0,Valid Party Vote,0.0,5.0,6.0,0,79.0,0.0
SE3,SE,6.666666666666667,Valid Party Vote,0.0,6.0,3.0,0,86.0,0.0
SE1,SE,6.333333333333333,Valid Party Vote,0.0,8.0,6.0,0,75.0,0.0
SE3,SE,7.666666666666667,Valid Party Vote,0.0,9.0,7.0,1,43.0,0.0
SE1,SE,4.0,Valid Party Vote,0.0,8.0,3.0,1,68.0,0.0
SE2,SE,6.666666666666667,Valid Party Vote,0.0,8.0,2.0,1,79.0,0.0
SE1,SE,5.666666666666667,Valid Party Vote,0.0,6.0,7.0,1,53.0,0.0
SE2,SE,4.0,Valid Party Vote,0.0,6.0,7.0,0,31.0,0.0
SE1,SE,6.666666666666667,Valid Party Vote,0.0,5.0,4.0,1,19.0,0.0
SE2,SE,6.666666666666667,Valid Party Vote,0.0,10.0,5.0,1,26.0,0.0
SE1,SE,6.666666666666667,Valid Party Vote,0.0,7.0,5.0,1,47.0,0.0
SE3,SE,5.0,Valid Party Vote,0.0,8.0,5.0,1,29.0,0.0
SE3,SE,4.666666666666667,Refuse to Say,,5.0,6.0,1,54.0,0.0
SE1,SE,6.0,Valid Party Vote,0.0,9.0,7.0,1,44.0,0.0
SE1,SE,9.0,Valid Party Vote,0.0,5.0,7.0,0,58.0,0.0
SE2,SE,8.666666666666666,Valid Party Vote,0.0,8.0,5.0,0,53.0,0.0
SE2,SE,5.666666666666667,Valid Party Vote,0.0,7.0,1.0,0,76.0,0.0
SE3,SE,3.3333333333333335,Valid Party Vote,0.0,4.0,2.0,0,75.0,0.0
SE2,SE,4.0,Valid Party Vote,1.0,1.0,5.0,0,66.0,0.0
SE1,SE,6.0,Valid Party Vote,0.0,5.0,5.0,1,79.0,0.0
SE3,SE,9.0,Valid Party Vote,0.0,10.0,7.0,0,43.0,0.0
SE1,SE,7.333333333333333,Valid Party Vote,0.0,7.0,6.0,0,32.0,0.0
SE3,SE,7.333333333333333,Valid Party Vote,0.0,7.0,4.0,1,27.0,0.0
SE2,SE,8.0,Valid Party Vote,0.0,8.0,3.0,0,54.0,0.0
SE3,SE,6.333333333333333,Valid Party Vote,0.0,3.0,4.0,0,20.0,0.0
SE2,SE,8.0,Valid Party Vote,0.0,8.0,7.0,1,46.0,0.0
SE2,SE,5.0,Valid Party Vote,0.0,2.0,3.0,0,67.0,0.0
SE2,SE,6.333333333333333,Valid Party Vote,0.0,5.0,7.0,1,68.0,0.0
SE2,SE,7.666666666666667,Valid Party Vote,0.0,6.0,3.0,0,77.0,0.0
SE2,SE,3.6666666666666665,Valid Party Vote,1.0,5.0,6.0,0,71.0,0.0
SE3,SE,7.666666666666667,Valid Party Vote,0.0,8.0,6.0,1,49.0,0.0
SE1,SE,5.666666666666667,Valid Party Vote,0.0,8.0,6.0,1,79.0,0.0
SE3,SE,6.0,Valid Party Vote,0.0,7.0,6.0,1,65.0,0.0
SE2,SE,5.0,Valid Party Vote,0.0,5.0,4.0,0,67.0,0.0
SE1,SE,6.666666666666667,Valid Party Vote,0.0,9.0,7.0,1,35.0,0.0
SE1,SE,7.0,Valid Party Vote,0.0,7.0,,0,80.0,0.0
SE2,SE,5.666666666666667,Valid Party Vote,1.0,5.0,4.0,1,36.0,0.0
SE2,SE,6.333333333333333,Valid Party Vote,0.0,4.0,4.0,0,41.0,0.0
SE2,SE,5.5,Ineligible / Not Applicable,,,2.0,0,17.0,0.0
SE2,SE,6.333333333333333,Valid Party Vote,0.0,3.0,5.0,0,67.0,0.0
SE1,SE,8.666666666666666,Valid Party Vote,0.0,7.0,2.0,0,71.0,0.0
SE2,SE,6.333333333333333,Valid Party Vote,0.0,8.0,5.0,0,53.0,0.0
SE3,SE,6.666666666666667,Valid Party Vote,0.0,9.0,4.0,1,49.0,0.0
SE1,SE,6.0,Valid Party Vote,1.0,0.0,3.0,0,52.0,0.0
SE1,SE,6.333333333333333,Ineligible / Not Applicable,,8.0,4.0,1,18.0,0.0
SE3,SE,3.0,Valid Party Vote,1.0,10.0,5.0,1,38.0,0.0
SE1,SE,6.666666666666667,Valid Party Vote,0.0,6.0,6.0,0,43.0,0.0
SE1,SE,6.666666666666667,Valid Party Vote,0.0,8.0,6.0,0,56.0,0.0
SE1,SE,7.0,Ineligible / Not Applicable,,10.0,2.0,1,18.0,0.0
SE1,SE,8.666666666666666,Valid Party Vote,0.0,10.0,4.0,0,56.0,0.0
SE2,SE,6.666666666666667,Ineligible / Not Applicable,,10.0,5.0,0,83.0,0.0
SE3,SE,4.333333333333333,Ineligible / Not Applicable,,5.0,3.0,0,54.0,0.0
SE2,SE,8.0,Valid Party Vote,0.0,9.0,7.0,0,72.0,0.0
SE1,SE,3.6666666666666665,Valid Party Vote,1.0,0.0,1.0,0,80.0,0.0
SE2,SE,7.666666666666667,Valid Party Vote,0.0,7.0,7.0,0,61.0,0.0
SE2,SE,8.0,Valid Party Vote,0.0,7.0,3.0,1,79.0,0.0
SE2,SE,8.0,Valid Party Vote,0.0,8.0,7.0,0,43.0,0.0
SE1,SE,8.0,Valid Party Vote,0.0,8.0,5.0,1,70.0,0.0
SE2,SE,6.666666666666667,Valid Party Vote,0.0,5.0,7.0,0,79.0,0.0
SE2,SE,7.333333333333333,Valid Party Vote,0.0,6.0,5.0,1,55.0,0.0
SE2,SE,7.666666666666667,Valid Party Vote,0.0,7.0,5.0,1,56.0,0.0
SE1,SE,4.333333333333333,Valid Party Vote,0.0,10.0,6.0,1,49.0,0.0
SE3,SE,4.0,Valid Party Vote,1.0,5.0,7.0,0,58.0,0.0
SE3,SE,1.3333333333333333,Valid Party Vote,1.0,5.0,4.0,0,54.0,0.0
SE1,SE,6.666666666666667,Valid Party Vote,0.0,8.0,6.0,1,33.0,0.0
SE2,SE,5.0,Valid Party Vote,0.0,9.0,4.0,1,19.0,0.0
SE1,SE,7.333333333333333,Ineligible / Not Applicable,,5.0,2.0,1,16.0,0.0
SE1,SE,4.666666666666667,Refuse to Say,,5.0,,1,78.0,0.0
SE1,SE,6.333333333333333,Valid Party Vote,0.0,6.0,4.0,0,20.0,0.0
SE1,SE,9.0,Valid Party Vote,0.0,7.0,7.0,1,45.0,0.0
SE1,SE,6.0,Valid Party Vote,0.0,4.0,5.0,0,52.0,0.0
SE2,SE,6.0,Valid Party Vote,0.0,6.0,6.0,0,38.0,0.0
SE3,SE,10.0,Valid Party Vote,0.0,10.0,6.0,1,74.0,0.0
SE2,SE,6.0,Valid Party Vote,0.0,8.0,4.0,0,52.0,0.0
SE1,SE,7.333333333333333,Valid Party Vote,0.0,8.0,4.0,0,74.0,0.0
SE3,SE,5.0,Valid Party Vote,0.0,7.0,6.0,0,55.0,0.0
SE2,SE,5.333333333333333,Valid Party Vote,0.0,,3.0,1,53.0,0.0
SE2,SE,7.666666666666667,Valid Party Vote,0.0,8.0,6.0,0,57.0,0.0
SE2,SE,7.666666666666667,Valid Party Vote,0.0,7.0,7.0,0,38.0,0.0
SE2,SE,9.5,Valid Party Vote,0.0,5.0,4.0,1,47.0,0.0
SE3,SE,7.0,Valid Party Vote,0.0,5.0,6.0,1,49.0,0.0
SE2,SE,8.0,Valid Party Vote,0.0,5.0,6.0,1,24.0,0.0
SE1,SE,5.666666666666667,Valid Party Vote,0.0,5.0,5.0,0,71.0,0.0
SE3,SE,6.666666666666667,Valid Party Vote,0.0,3.0,4.0,0,26.0,0.0
SE1,SE,7.333333333333333,Valid Party Vote,0.0,9.0,4.0,1,55.0,0.0
SE2,SE,8.666666666666666,Valid Party Vote,0.0,9.0,5.0,0,52.0,0.0
SE2,SE,5.333333333333333,Valid Party Vote,1.0,4.0,5.0,0,27.0,0.0
SE1,SE,7.0,Valid Party Vote,0.0,8.0,6.0,1,75.0,0.0
SE2,SE,7.333333333333333,Valid Party Vote,0.0,6.0,6.0,1,55.0,0.0
SE3,SE,3.3333333333333335,Ineligible / Not Applicable,,10.0,3.0,0,58.0,0.0
SE1,SE,7.0,Valid Party Vote,0.0,5.0,7.0,0,57.0,0.0
SE2,SE,6.333333333333333,Valid Party Vote,0.0,7.0,6.0,1,30.0,0.0
SE1,SE,7.333333333333333,Valid Party Vote,0.0,7.0,7.0,1,50.0,0.0
SE1,SE,6.0,Valid Party Vote,1.0,3.0,5.0,1,70.0,0.0
SE3,SE,5.666666666666667,Valid Party Vote,0.0,8.0,3.0,0,52.0,0.0
SE1,SE,2.0,Valid Party Vote,0.0,3.0,2.0,1,67.0,0.0
SE3,SE,6.666666666666667,Valid Party Vote,0.0,9.0,7.0,1,58.0,0.0
SE2,SE,3.3333333333333335,Valid Party Vote,0.0,6.0,5.0,1,35.0,0.0
SE3,SE,3.3333333333333335,Valid Party Vote,0.0,8.0,4.0,1,20.0,0.0
SE2,SE,5.666666666666667,Valid Party Vote,0.0,5.0,5.0,0,39.0,0.0
SE1,SE,6.0,Valid Party Vote,0.0,7.0,7.0,1,70.0,0.0
SE3,SE,7.333333333333333,Valid Party Vote,1.0,3.0,2.0,0,74.0,0.0
SE3,SE,6.333333333333333,Valid Party Vote,0.0,5.0,4.0,1,19.0,0.0
SE2,SE,6.666666666666667,Valid Party Vote,0.0,7.0,5.0,1,76.0,0.0
SE1,SE,8.333333333333334,Valid Party Vote,0.0,5.0,1.0,1,88.0,0.0
SE2,SE,5.666666666666667,Valid Party Vote,0.0,6.0,7.0,1,30.0,0.0
SE3,SE,6.333333333333333,Valid Party Vote,0.0,5.0,3.0,1,73.0,0.0
SE2,SE,7.0,Valid Party Vote,0.0,4.0,7.0,0,46.0,0.0
SE2,SE,5.333333333333333,Valid Party Vote,0.0,7.0,6.0,0,44.0,0.0
SE1,SE,7.666666666666667,Valid Party Vote,0.0,7.0,7.0,0,75.0,0.0
SE1,SE,5.666666666666667,Valid Party Vote,0.0,5.0,5.0,1,61.0,0.0
SE2,SE,7.333333333333333,Valid Party Vote,0.0,7.0,4.0,0,45.0,0.0
SE2,SE,7.666666666666667,Valid Party Vote,0.0,10.0,,0,54.0,0.0
SE1,SE,7.0,Valid Party Vote,0.0,6.0,6.0,1,77.0,0.0
SE3,SE,1.6666666666666667,Refuse to Say,,5.0,3.0,1,66.0,0.0
SE3,SE,6.666666666666667,Valid Party Vote,0.0,6.0,7.0,0,50.0,0.0
SE1,SE,6.0,Valid Party Vote,0.0,6.0,1.0,1,82.0,0.0
SE2,SE,5.666666666666667,Valid Party Vote,0.0,5.0,7.0,1,49.0,0.0
SE1,SE,6.333333333333333,Ineligible / Not Applicable,,3.0,2.0,0,16.0,0.0
SE2,SE,7.333333333333333,Valid Party Vote,0.0,6.0,5.0,0,56.0,0.0
SE2,SE,7.666666666666667,Valid Party Vote,0.0,5.0,7.0,1,33.0,0.0
SE2,SE,4.666666666666667,Valid Party Vote,0.0,5.0,5.0,0,68.0,0.0
SE2,SE,7.0,Valid Party Vote,0.0,9.0,4.0,1,61.0,0.0
SE1,SE,2.6666666666666665,Valid Party Vote,0.0,2.0,7.0,0,54.0,0.0
SE2,SE,5.333333333333333,Valid Party Vote,0.0,8.0,4.0,1,70.0,0.0
SE2,SE,3.6666666666666665,Valid Party Vote,1.0,9.0,3.0,0,57.0,0.0
SE1,SE,9.0,Valid Party Vote,0.0,5.0,7.0,0,53.0,0.0
SE1,SE,9.666666666666666,Valid Party Vote,0.0,10.0,1.0,1,74.0,0.0
SE2,SE,5.0,Valid Party Vote,0.0,7.0,4.0,1,44.0,0.0
SE1,SE,6.0,Valid Party Vote,0.0,6.0,6.0,1,50.0,0.0
SE2,SE,4.333333333333333,Ineligible / Not Applicable,,5.0,2.0,1,19.0,0.0
SE2,SE,6.0,Valid Party Vote,0.0,5.0,6.0,1,52.0,0.0
SE2,SE,6.0,Valid Party Vote,0.0,7.0,5.0,0,41.0,0.0
SE2,SE,5.333333333333333,Ineligible / Not Applicable,,5.0,5.0,0,68.0,0.0
SE2,SE,6.666666666666667,Valid Party Vote,0.0,8.0,1.0,0,72.0,0.0
SE2,SE,6.666666666666667,Valid Party Vote,1.0,5.0,4.0,1,65.0,0.0
SE2,SE,,Refuse to Say,,5.0,3.0,0,24.0,0.0
SE3,SE,5.333333333333333,Valid Party Vote,0.0,8.0,5.0,1,59.0,0.0
SE2,SE,4.666666666666667,Valid Party Vote,0.0,5.0,4.0,1,21.0,0.0
SE1,SE,6.333333333333333,Valid Party Vote,0.0,5.0,5.0,1,41.0,0.0
SE3,SE,8.0,Valid Party Vote,0.0,4.0,4.0,0,49.0,0.0
SE1,SE,6.333333333333333,Valid Party Vote,0.0,7.0,7.0,0,31.0,0.0
SE1,SE,4.333333333333333,Valid Party Vote,0.0,5.0,5.0,1,66.0,0.0
SE1,SE,6.666666666666667,Valid Party Vote,0.0,4.0,3.0,0,66.0,0.0
SE2,SE,3.0,Valid Party Vote,1.0,7.0,5.0,0,79.0,0.0
SE2,SE,6.333333333333333,Valid Party Vote,0.0,6.0,4.0,1,54.0,0.0
SE1,SE,9.333333333333334,Valid Party Vote,0.0,7.0,5.0,1,74.0,0.0
SE2,SE,6.0,Valid Party Vote,0.0,10.0,5.0,0,53.0,0.0
SE3,SE,8.666666666666666,Valid Party Vote,0.0,5.0,5.0,0,85.0,0.0
SE2,SE,5.666666666666667,Valid Party Vote,0.0,6.0,6.0,1,47.0,0.0
SE1,SE,8.0,Valid Party Vote,0.0,10.0,7.0,0,68.0,0.0
SE3,SE,4.0,Ineligible / Not Applicable,,6.0,4.0,0,65.0,0.0
SE1,SE,7.666666666666667,Valid Party Vote,0.0,8.0,4.0,0,42.0,0.0
SE2,SE,5.333333333333333,Valid Party Vote,0.0,9.0,4.0,1,24.0,0.0
SE2,SE,4.0,Valid Party Vote,0.0,3.0,3.0,0,80.0,0.0
SE1,SE,6.666666666666667,Valid Party Vote,0.0,6.0,7.0,0,46.0,0.0
SE3,SE,5.666666666666667,Valid Party Vote,0.0,6.0,3.0,0,54.0,0.0
SE2,SE,4.666666666666667,Valid Party Vote,0.0,5.0,6.0,0,64.0,0.0
SE2,SE,3.0,Refuse to Say,,3.0,5.0,1,77.0,0.0
SE3,SE,9.0,Valid Party Vote,0.0,5.0,5.0,0,28.0,0.0
SE1,SE,5.666666666666667,Valid Party Vote,0.0,10.0,6.0,1,63.0,0.0
SE2,SE,5.333333333333333,Valid Party Vote,0.0,8.0,5.0,0,58.0,0.0
SE2,SE,5.333333333333333,Ineligible / Not Applicable,,5.0,5.0,0,33.0,0.0
SE2,SE,6.0,Valid Party Vote,0.0,7.0,4.0,0,70.0,0.0
SE1,SE,6.333333333333333,Valid Party Vote,0.0,5.0,7.0,0,74.0,0.0
SE3,SE,6.333333333333333,Valid Party Vote,0.0,10.0,5.0,1,79.0,0.0
SE2,SE,7.333333333333333,Valid Party Vote,0.0,9.0,2.0,1,79.0,0.0
SE2,SE,6.333333333333333,Valid Party Vote,0.0,7.0,5.0,1,80.0,0.0
SE2,SE,8.0,Valid Party Vote,0.0,5.0,7.0,1,60.0,0.0
SE1,SE,6.333333333333333,Valid Party Vote,0.0,8.0,7.0,0,33.0,0.0
SE1,SE,7.333333333333333,Valid Party Vote,0.0,5.0,5.0,1,69.0,0.0
DEA,DE,7.0,Refuse to Say,,5.0,7.0,0,38.0,0.0
DEA,DE,6.0,Valid Party Vote,0.0,7.0,7.0,0,73.0,0.0
DEA,DE,4.333333333333333,Valid Party Vote,0.0,5.0,5.0,1,49.0,0.0
DE4,DE,5.0,Valid Party Vote,0.0,5.0,3.0,1,50.0,0.0
DEA,DE,5.333333333333333,Valid Party Vote,0.0,3.0,5.0,1,60.0,0.0
DE1,DE,2.0,Valid Party Vote,0.0,6.0,7.0,0,41.0,0.0
DE1,DE,5.666666666666667,Refuse to Say,,7.0,3.0,0,38.0,0.0
DEF,DE,2.3333333333333335,Ineligible / Not Applicable,,7.0,3.0,0,39.0,0.0
DEA,DE,0.0,Valid Party Vote,0.0,10.0,3.0,0,59.0,0.0
DE7,DE,6.333333333333333,Valid Party Vote,0.0,7.0,4.0,0,28.0,2.0
DEB,DE,2.6666666666666665,Valid Party Vote,0.0,6.0,3.0,0,75.0,0.0
DE7,DE,1.6666666666666667,Ineligible / Not Applicable,,4.0,2.0,1,66.0,2.0
DE2,DE,6.333333333333333,Valid Party Vote,0.0,6.0,5.0,1,38.0,2.0
DEA,DE,5.333333333333333,Valid Party Vote,0.0,5.0,5.0,1,59.0,0.0
DEB,DE,3.6666666666666665,Ineligible / Not Applicable,,5.0,,0,20.0,0.0
DEG,DE,2.0,Ineligible / Not Applicable,,5.0,2.0,1,18.0,0.0
DE1,DE,2.0,Ineligible / Not Applicable,,5.0,6.0,1,33.0,0.0
DEB,DE,3.0,Ineligible / Not Applicable,,7.0,,1,26.0,0.0
DEA,DE,7.666666666666667,Valid Party Vote,0.0,8.0,7.0,1,28.0,0.0
DE7,DE,8.333333333333334,Valid Party Vote,0.0,9.0,5.0,0,68.0,2.0
DEF,DE,7.666666666666667,Valid Party Vote,0.0,8.0,7.0,1,55.0,0.0
DEA,DE,5.0,Ineligible / Not Applicable,,6.0,2.0,0,16.0,0.0
DE7,DE,6.333333333333333,Valid Party Vote,0.0,7.0,3.0,0,89.0,2.0
DE4,DE,6.333333333333333,Valid Party Vote,0.0,6.0,4.0,0,23.0,0.0
DE1,DE,6.333333333333333,Valid Party Vote,0.0,8.0,3.0,1,38.0,0.0
DEA,DE,6.333333333333333,Valid Party Vote,0.0,4.0,7.0,0,64.0,0.0
DE1,DE,2.0,Valid Party Vote,0.0,3.0,6.0,0,35.0,0.0
DEA,DE,4.333333333333333,Ineligible / Not Applicable,,8.0,3.0,0,58.0,0.0
DE2,DE,3.3333333333333335,Refuse to Say,,5.0,6.0,0,31.0,2.0
DE1,DE,7.666666666666667,Ineligible / Not Applicable,,8.0,1.0,0,16.0,0.0
DE7,DE,3.0,Valid Party Vote,0.0,4.0,2.0,1,71.0,2.0
DEA,DE,3.6666666666666665,Valid Party Vote,0.0,3.0,3.0,1,73.0,0.0
DEA,DE,1.6666666666666667,Refuse to Say,,3.0,3.0,1,78.0,0.0
DE2,DE,7.333333333333333,Valid Party Vote,0.0,8.0,7.0,0,68.0,2.0
DEA,DE,2.0,Valid Party Vote,0.0,5.0,5.0,0,56.0,0.0
DE9,DE,5.333333333333333,Don't Know,,5.0,3.0,0,51.0,2.0
DEA,DE,4.333333333333333,Valid Party Vote,0.0,6.0,3.0,1,63.0,0.0
DE7,DE,5.333333333333333,Valid Party Vote,0.0,5.0,7.0,0,39.0,2.0
DEA,DE,3.6666666666666665,Ineligible / Not Applicable,,5.0,3.0,0,64.0,0.0
DE1,DE,6.666666666666667,Refuse to Say,,4.0,5.0,1,68.0,0.0
DEA,DE,5.0,Valid Party Vote,0.0,5.0,5.0,0,67.0,0.0
DE1,DE,0.0,Valid Party Vote,0.0,2.0,3.0,0,60.0,0.0
DEA,DE,7.0,Ineligible / Not Applicable,,0.0,3.0,0,65.0,0.0
DE1,DE,3.3333333333333335,Valid Party Vote,0.0,4.0,3.0,1,56.0,0.0
DE2,DE,2.6666666666666665,Valid Party Vote,0.0,1.0,3.0,0,22.0,2.0
DE6,DE,7.666666666666667,Valid Party Vote,0.0,5.0,3.0,1,81.0,
DEA,DE,3.6666666666666665,Valid Party Vote,0.0,3.0,5.0,1,27.0,0.0
DEA,DE,3.3333333333333335,Ineligible / Not Applicable,,6.0,3.0,1,45.0,0.0
DE7,DE,7.666666666666667,Valid Party Vote,0.0,3.0,3.0,0,55.0,2.0
DEA,DE,5.0,Valid Party Vote,0.0,5.0,5.0,1,46.0,0.0
DE1,DE,5.0,Don't Know,,6.0,5.0,1,46.0,0.0
DEA,DE,7.333333333333333,Ineligible / Not Applicable,,10.0,5.0,1,29.0,0.0
DE3,DE,5.666666666666667,Valid Party Vote,0.0,9.0,5.0,1,64.0,2.0
DE2,DE,4.333333333333333,Ineligible / Not Applicable,,5.0,3.0,0,32.0,2.0
DE1,DE,8.0,Valid Party Vote,0.0,9.0,7.0,0,68.0,0.0
SE1,SE,7.333333333333333,Valid Party Vote,0.0,6.0,7.0,0,81.0,0.0
SE2,SE,8.333333333333334,Valid Party Vote,0.0,9.0,6.0,0,29.0,0.0
SE1,SE,5.0,Valid Party Vote,0.0,5.0,7.0,0,48.0,0.0
SE1,SE,6.0,Valid Party Vote,0.0,5.0,3.0,0,83.0,0.0
SE2,SE,6.0,Valid Party Vote,0.0,9.0,7.0,0,52.0,0.0
SE2,SE,7.666666666666667,Valid Party Vote,0.0,6.0,6.0,1,42.0,0.0
SE3,SE,7.0,Valid Party Vote,0.0,10.0,7.0,1,46.0,0.0
SE1,SE,4.333333333333333,Valid Party Vote,0.0,7.0,3.0,0,51.0,0.0
SE3,SE,8.666666666666666,Valid Party Vote,0.0,10.0,7.0,0,50.0,0.0
SE1,SE,2.3333333333333335,Ineligible / Not Applicable,,6.0,3.0,0,60.0,0.0
SE1,SE,6.0,Valid Party Vote,0.0,8.0,6.0,1,40.0,0.0
SE3,SE,6.0,Valid Party Vote,0.0,6.0,1.0,0,89.0,0.0
SE1,SE,7.666666666666667,Valid Party Vote,0.0,8.0,7.0,0,29.0,0.0
SE2,SE,6.666666666666667,Ineligible / Not Applicable,,5.0,4.0,0,23.0,0.0
SE2,SE,8.0,Valid Party Vote,0.0,3.0,4.0,0,30.0,0.0
SE2,SE,4.0,Valid Party Vote,0.0,7.0,1.0,0,80.0,0.0
SE3,SE,9.333333333333334,Valid Party Vote,0.0,10.0,7.0,0,63.0,0.0
SE3,SE,5.0,Don't Know,,5.0,4.0,1,28.0,0.0
SE1,SE,6.333333333333333,Valid Party Vote,0.0,6.0,1.0,1,81.0,0.0
SE3,SE,5.0,Valid Party Vote,0.0,4.0,5.0,1,79.0,0.0
SE2,SE,6.0,Valid Party Vote,0.0,5.0,4.0,1,24.0,0.0
SE1,SE,8.333333333333334,Valid Party Vote,0.0,10.0,5.0,0,60.0,0.0
SE1,SE,7.0,Valid Party Vote,0.0,10.0,4.0,1,22.0,0.0
SE1,SE,9.0,Valid Party Vote,0.0,8.0,7.0,1,49.0,0.0
SE2,SE,8.0,Valid Party Vote,0.0,5.0,7.0,0,28.0,0.0
SE2,SE,2.3333333333333335,Valid Party Vote,1.0,2.0,4.0,0,22.0,0.0
SE2,SE,5.666666666666667,Valid Party Vote,1.0,8.0,4.0,0,37.0,0.0
SE1,SE,5.333333333333333,Valid Party Vote,0.0,8.0,7.0,0,38.0,0.0
SE2,SE,8.333333333333334,Valid Party Vote,0.0,8.0,3.0,0,54.0,0.0
SE2,SE,3.0,Valid Party Vote,0.0,7.0,5.0,0,59.0,0.0
SE2,SE,2.6666666666666665,Valid Party Vote,1.0,3.0,7.0,0,68.0,0.0
SE3,SE,5.333333333333333,Valid Party Vote,0.0,8.0,2.0,1,30.0,0.0
SE3,SE,8.666666666666666,Valid Party Vote,0.0,10.0,5.0,1,81.0,0.0
SE2,SE,4.333333333333333,Valid Party Vote,0.0,7.0,6.0,1,38.0,0.0
SE2,SE,7.333333333333333,Valid Party Vote,0.0,5.0,7.0,0,51.0,0.0
SE3,SE,7.0,Valid Party Vote,0.0,9.0,7.0,0,43.0,0.0
SE2,SE,7.333333333333333,Valid Party Vote,0.0,8.0,7.0,1,51.0,0.0
SE3,SE,5.666666666666667,Valid Party Vote,0.0,3.0,1.0,0,80.0,0.0
SE2,SE,4.5,Don't Know,,0.0,3.0,0,79.0,0.0
SE3,SE,8.333333333333334,Valid Party Vote,0.0,8.0,4.0,0,58.0,0.0
SE3,SE,4.666666666666667,Valid Party Vote,0.0,6.0,2.0,0,75.0,0.0
SE1,SE,5.666666666666667,Valid Party Vote,0.0,6.0,4.0,0,31.0,0.0
SE1,SE,4.0,Valid Party Vote,0.0,8.0,6.0,1,55.0,0.0
SE2,SE,4.666666666666667,Valid Party Vote,0.0,3.0,4.0,1,57.0,0.0
SE1,SE,6.0,Valid Party Vote,0.0,9.0,6.0,0,61.0,0.0
SE2,SE,6.333333333333333,Valid Party Vote,0.0,3.0,3.0,0,47.0,0.0
SE1,SE,7.333333333333333,Valid Party Vote,0.0,3.0,5.0,0,79.0,0.0
SE2,SE,5.333333333333333,Valid Party Vote,1.0,2.0,3.0,0,52.0,0.0
SE2,SE,6.666666666666667,Valid Party Vote,0.0,2.0,5.0,1,84.0,0.0
SE3,SE,7.333333333333333,Valid Party Vote,0.0,10.0,7.0,1,41.0,0.0
DEF,DE,6.333333333333333,Valid Party Vote,0.0,5.0,6.0,0,34.0,0.0
DE2,DE,5.0,Valid Party Vote,0.0,7.0,7.0,1,42.0,2.0
DEB,DE,7.333333333333333,Ineligible / Not Applicable,,5.0,3.0,0,41.0,0.0
DE1,DE,9.0,Refuse to Say,,5.0,7.0,0,57.0,0.0
DE2,DE,6.333333333333333,Refuse to Say,,5.0,5.0,0,66.0,2.0
DE2,DE,3.0,Don't Know,,2.0,5.0,0,80.0,2.0
DE1,DE,7.333333333333333,Valid Party Vote,0.0,6.0,7.0,0,64.0,0.0
DED,DE,6.666666666666667,Don't Know,,5.0,7.0,1,38.0,0.0
DE2,DE,6.0,Ineligible / Not Applicable,,4.0,7.0,0,48.0,2.0
DE1,DE,2.0,Valid Party Vote,0.0,3.0,3.0,1,58.0,0.0
DE1,DE,4.0,Valid Party Vote,0.0,5.0,2.0,1,22.0,0.0
DEA,DE,8.0,Don't Know,,5.0,4.0,0,21.0,0.0
DE9,DE,6.333333333333333,Valid Party Vote,0.0,6.0,3.0,1,48.0,2.0
DE2,DE,4.333333333333333,Refuse to Say,,5.0,2.0,1,79.0,2.0
DEA,DE,5.0,Valid Party Vote,0.0,5.0,7.0,0,61.0,0.0
DE4,DE,3.3333333333333335,Ineligible / Not Applicable,,3.0,2.0,0,41.0,0.0
DE4,DE,5.333333333333333,Don't Know,,5.0,3.0,1,39.0,0.0
DEG,DE,5.333333333333333,Valid Party Vote,0.0,6.0,5.0,1,60.0,0.0
DE1,DE,4.0,Ineligible / Not Applicable,,4.0,3.0,1,22.0,0.0
DE1,DE,4.666666666666667,Ineligible / Not Applicable,,2.0,5.0,0,90.0,0.0
DE2,DE,4.666666666666667,Ineligible / Not Applicable,,5.0,2.0,1,16.0,2.0
DEF,DE,5.333333333333333,Ineligible / Not Applicable,,10.0,2.0,0,16.0,0.0
DE9,DE,4.333333333333333,Valid Party Vote,0.0,8.0,3.0,1,63.0,2.0
DEA,DE,6.333333333333333,Valid Party Vote,0.0,5.0,7.0,0,40.0,0.0
DE1,DE,6.666666666666667,Valid Party Vote,0.0,5.0,6.0,1,29.0,0.0
DED,DE,4.0,Valid Party Vote,0.0,5.0,7.0,0,48.0,0.0
DE2,DE,7.666666666666667,Valid Party Vote,0.0,5.0,7.0,1,40.0,2.0
DE7,DE,8.666666666666666,Ineligible / Not Applicable,,10.0,2.0,0,25.0,2.0
DE2,DE,3.3333333333333335,Valid Party Vote,0.0,5.0,7.0,0,65.0,2.0
DEA,DE,5.333333333333333,Valid Party Vote,0.0,7.0,3.0,1,58.0,0.0
DE1,DE,6.666666666666667,Valid Party Vote,0.0,7.0,5.0,1,20.0,0.0
DEG,DE,6.0,Ineligible / Not Applicable,,9.0,2.0,0,15.0,0.0
DE9,DE,5.0,Valid Party Vote,0.0,5.0,7.0,1,55.0,2.0
DEA,DE,6.666666666666667,Ineligible / Not Applicable,,8.0,7.0,0,35.0,0.0
DE1,DE,5.333333333333333,Ineligible / Not Applicable,,3.0,6.0,1,29.0,0.0
DE2,DE,5.333333333333333,Ineligible / Not Applicable,,6.0,2.0,1,77.0,2.0
DEF,DE,5.333333333333333,Valid Party Vote,0.0,2.0,3.0,1,37.0,0.0
DE1,DE,3.6666666666666665,Valid Party Vote,0.0,6.0,7.0,0,59.0,0.0
DE1,DE,6.333333333333333,Valid Party Vote,0.0,5.0,3.0,0,71.0,0.0
DED,DE,6.666666666666667,Valid Party Vote,1.0,3.0,3.0,1,60.0,0.0
DE2,DE,6.666666666666667,Valid Party Vote,0.0,7.0,5.0,1,39.0,2.0
DEA,DE,5.333333333333333,Valid Party Vote,0.0,7.0,3.0,1,59.0,0.0
DEA,DE,3.3333333333333335,Valid Party Vote,0.0,0.0,2.0,1,46.0,0.0
DE7,DE,6.333333333333333,Refuse to Say,,4.0,3.0,1,44.0,2.0
DEG,DE,3.6666666666666665,Refuse to Say,,,5.0,1,65.0,0.0
DE1,DE,2.6666666666666665,Ineligible / Not Applicable,,7.0,3.0,0,40.0,0.0
DE2,DE,2.0,Ineligible / Not Applicable,,1.0,5.0,1,39.0,2.0
DE2,DE,4.666666666666667,Valid Party Vote,0.0,3.0,3.0,1,35.0,2.0
DE1,DE,5.666666666666667,Don't Know,,1.0,3.0,0,20.0,0.0
DEA,DE,3.3333333333333335,Ineligible / Not Applicable,,0.0,5.0,1,32.0,0.0
DE7,DE,6.0,Don't Know,,5.0,5.0,1,55.0,2.0
DE8,DE,4.0,Ineligible / Not Applicable,,5.0,2.0,1,18.0,
DE2,DE,5.0,Valid Party Vote,0.0,5.0,5.0,1,26.0,2.0
DE2,DE,2.6666666666666665,Ineligible / Not Applicable,,2.0,2.0,1,66.0,2.0
DEA,DE,1.3333333333333333,Ineligible / Not Applicable,,0.0,3.0,1,58.0,0.0
DEA,DE,3.3333333333333335,Valid Party Vote,1.0,1.0,3.0,1,41.0,0.0
DEA,DE,5.333333333333333,Valid Party Vote,0.0,7.0,3.0,0,74.0,0.0
DE7,DE,5.0,Valid Party Vote,0.0,5.0,3.0,0,56.0,2.0
DEE,DE,1.6666666666666667,Don't Know,,3.0,3.0,0,66.0,0.0
DE2,DE,4.0,Valid Party Vote,0.0,4.0,3.0,0,65.0,2.0
DE7,DE,8.0,Refuse to Say,,5.0,7.0,1,40.0,2.0
DE9,DE,4.666666666666667,Ineligible / Not Applicable,,5.0,3.0,1,40.0,2.0
DEA,DE,6.0,Ineligible / Not Applicable,,8.0,6.0,0,33.0,0.0
DEB,DE,2.6666666666666665,Ineligible / Not Applicable,,,2.0,1,68.0,0.0
DE1,DE,5.0,Valid Party Vote,0.0,7.0,6.0,0,31.0,0.0
DED,DE,1.0,Valid Party Vote,1.0,5.0,5.0,0,60.0,0.0
DEA,DE,6.666666666666667,Valid Party Vote,0.0,8.0,5.0,0,24.0,0.0
DEB,DE,5.666666666666667,Valid Party Vote,0.0,5.0,5.0,1,65.0,0.0
DEG,DE,3.3333333333333335,Valid Party Vote,1.0,2.0,5.0,0,30.0,0.0
DEG,DE,5.0,Valid Party Vote,0.0,5.0,7.0,0,69.0,0.0
DEA,DE,5.666666666666667,Valid Party Vote,0.0,6.0,7.0,1,35.0,0.0
DE2,DE,6.333333333333333,Valid Party Vote,0.0,9.0,3.0,0,36.0,2.0
DE9,DE,3.6666666666666665,Valid Party Vote,0.0,7.0,5.0,0,40.0,2.0
DE2,DE,5.333333333333333,Valid Party Vote,0.0,6.0,3.0,0,61.0,2.0
DED,DE,5.0,Valid Party Vote,1.0,2.0,5.0,0,71.0,0.0
DE1,DE,4.333333333333333,Valid Party Vote,0.0,6.0,3.0,1,71.0,0.0
DED,DE,6.666666666666667,Valid Party Vote,0.0,5.0,5.0,0,27.0,0.0
DE9,DE,2.6666666666666665,Valid Party Vote,0.0,3.0,6.0,0,28.0,2.0
DEA,DE,4.666666666666667,Valid Party Vote,0.0,5.0,4.0,1,48.0,0.0
DE2,DE,6.333333333333333,Valid Party Vote,0.0,7.0,3.0,1,37.0,2.0
DE1,DE,5.0,Valid Party Vote,0.0,6.0,5.0,1,47.0,0.0
DE1,DE,1.0,Valid Party Vote,0.0,3.0,3.0,0,74.0,0.0
DE8,DE,7.666666666666667,Valid Party Vote,0.0,7.0,3.0,0,54.0,
DEC,DE,8.333333333333334,Valid Party Vote,0.0,8.0,7.0,1,80.0,
DEF,DE,5.666666666666667,Valid Party Vote,0.0,7.0,6.0,1,67.0,0.0
DEA,DE,7.666666666666667,Valid Party Vote,0.0,5.0,4.0,1,35.0,0.0
DE9,DE,6.666666666666667,Valid Party Vote,0.0,8.0,5.0,0,56.0,2.0
DED,DE,3.6666666666666665,Valid Party Vote,0.0,5.0,7.0,1,35.0,0.0
DEC,DE,3.0,Valid Party Vote,0.0,3.0,5.0,0,58.0,
DEA,DE,3.0,Valid Party Vote,0.0,3.0,7.0,0,52.0,0.0
DEA,DE,7.0,Valid Party Vote,0.0,3.0,3.0,1,67.0,0.0
DE1,DE,3.6666666666666665,Don't Know,,5.0,2.0,0,25.0,0.0
DEA,DE,2.3333333333333335,Valid Party Vote,0.0,7.0,3.0,0,79.0,0.0
DEA,DE,5.333333333333333,Ineligible / Not Applicable,,5.0,3.0,0,58.0,0.0
SE2,SE,7.0,Valid Party Vote,0.0,7.0,5.0,0,53.0,0.0
SE1,SE,7.5,Don't Know,,6.0,6.0,1,30.0,0.0
SE2,SE,6.0,Valid Party Vote,1.0,5.0,6.0,1,38.0,0.0
SE3,SE,7.0,Valid Party Vote,0.0,8.0,6.0,0,74.0,0.0
SE3,SE,7.333333333333333,Valid Party Vote,0.0,8.0,3.0,1,58.0,0.0
SE2,SE,7.0,Ineligible / Not Applicable,,0.0,2.0,1,82.0,0.0
SE2,SE,6.333333333333333,Valid Party Vote,0.0,6.0,6.0,0,34.0,0.0
SE2,SE,6.0,Valid Party Vote,0.0,6.0,5.0,1,78.0,0.0
SE3,SE,3.6666666666666665,Valid Party Vote,0.0,4.0,3.0,1,67.0,0.0
SE1,SE,0.3333333333333333,Refuse to Say,,0.0,7.0,0,64.0,0.0
SE2,SE,3.6666666666666665,Valid Party Vote,1.0,1.0,1.0,1,75.0,0.0
SE2,SE,8.666666666666666,Valid Party Vote,0.0,7.0,7.0,1,60.0,0.0
SE2,SE,6.0,Valid Party Vote,0.0,8.0,5.0,0,43.0,0.0
SE3,SE,4.666666666666667,Valid Party Vote,0.0,5.0,3.0,0,72.0,0.0
SE3,SE,8.666666666666666,Valid Party Vote,0.0,5.0,7.0,0,41.0,0.0
SE1,SE,6.666666666666667,Ineligible / Not Applicable,,8.0,2.0,1,16.0,0.0
SE2,SE,8.0,Valid Party Vote,0.0,7.0,5.0,1,47.0,0.0
SE1,SE,5.333333333333333,Valid Party Vote,0.0,6.0,4.0,1,59.0,0.0
SE1,SE,10.0,Valid Party Vote,0.0,8.0,7.0,0,71.0,0.0
SE2,SE,4.666666666666667,Refuse to Say,,4.0,2.0,0,72.0,0.0
SE1,SE,3.0,Valid Party Vote,0.0,7.0,4.0,1,38.0,0.0
SE2,SE,7.0,Valid Party Vote,0.0,8.0,3.0,0,58.0,0.0
SE2,SE,8.0,Valid Party Vote,0.0,7.0,4.0,0,25.0,0.0
SE2,SE,9.666666666666666,Ineligible / Not Applicable,,5.0,2.0,1,23.0,0.0
SE1,SE,8.333333333333334,Valid Party Vote,0.0,3.0,3.0,0,58.0,0.0
SE3,SE,6.666666666666667,Valid Party Vote,0.0,7.0,7.0,0,39.0,0.0
SE2,SE,8.0,Ineligible / Not Applicable,,3.0,4.0,0,19.0,0.0
SE2,SE,7.0,Valid Party Vote,0.0,5.0,7.0,0,42.0,0.0
DEF,DE,7.333333333333333,Valid Party Vote,0.0,8.0,3.0,1,58.0,0.0
DE8,DE,7.333333333333333,Valid Party Vote,0.0,5.0,7.0,0,40.0,
DEA,DE,8.0,Valid Party Vote,0.0,8.0,5.0,0,46.0,0.0
DE7,DE,6.666666666666667,Valid Party Vote,0.0,5.0,3.0,0,56.0,2.0
DEA,DE,1.0,Valid Party Vote,1.0,1.0,5.0,0,63.0,0.0
DE9,DE,7.333333333333333,Valid Party Vote,0.0,7.0,3.0,0,24.0,2.0
DE9,DE,6.666666666666667,Valid Party Vote,0.0,4.0,6.0,1,28.0,2.0
DE1,DE,7.333333333333333,Valid Party Vote,0.0,7.0,3.0,1,39.0,0.0
DEB,DE,4.666666666666667,Valid Party Vote,0.0,6.0,3.0,1,47.0,0.0
DE1,DE,7.666666666666667,Valid Party Vote,0.0,3.0,3.0,1,62.0,0.0
DE2,DE,4.666666666666667,Valid Party Vote,0.0,3.0,3.0,1,72.0,2.0
DEG,DE,5.0,Valid Party Vote,0.0,5.0,3.0,0,39.0,0.0
DEA,DE,4.333333333333333,Valid Party Vote,0.0,4.0,5.0,0,60.0,0.0
DE1,DE,8.333333333333334,Valid Party Vote,0.0,6.0,3.0,1,75.0,0.0
DEB,DE,8.333333333333334,Valid Party Vote,0.0,5.0,5.0,1,37.0,0.0
DED,DE,3.0,Valid Party Vote,0.0,5.0,7.0,0,87.0,0.0
DE2,DE,7.333333333333333,Ineligible / Not Applicable,,7.0,2.0,1,17.0,2.0
DE7,DE,3.3333333333333335,Ineligible / Not Applicable,,5.0,2.0,0,24.0,2.0
DE9,DE,7.666666666666667,Valid Party Vote,0.0,5.0,6.0,0,43.0,2.0
DEA,DE,3.6666666666666665,Valid Party Vote,0.0,2.0,7.0,1,53.0,0.0
DEA,DE,8.333333333333334,Valid Party Vote,0.0,9.0,6.0,0,24.0,0.0
DE2,DE,7.666666666666667,Valid Party Vote,0.0,6.0,7.0,0,30.0,2.0
DE9,DE,5.666666666666667,Valid Party Vote,0.0,8.0,3.0,1,73.0,2.0
DE1,DE,6.0,Valid Party Vote,0.0,5.0,3.0,0,82.0,0.0
DE3,DE,7.666666666666667,Valid Party Vote,0.0,7.0,7.0,0,64.0,2.0
DE2,DE,8.333333333333334,Valid Party Vote,0.0,8.0,6.0,0,33.0,2.0
DE2,DE,4.333333333333333,Valid Party Vote,0.0,5.0,3.0,0,55.0,2.0
DE2,DE,4.333333333333333,Valid Party Vote,0.0,7.0,5.0,0,56.0,2.0
DE9,DE,8.0,Valid Party Vote,0.0,9.0,6.0,1,50.0,2.0
DE2,DE,2.6666666666666665,Refuse to Say,,2.0,3.0,1,29.0,2.0
DE2,DE,6.0,Refuse to Say,,7.0,7.0,0,50.0,2.0
DEF,DE,3.6666666666666665,Valid Party Vote,0.0,2.0,5.0,0,84.0,0.0
DE9,DE,4.666666666666667,Valid Party Vote,0.0,7.0,5.0,0,75.0,2.0
DEG,DE,5.5,Ineligible / Not Applicable,,7.0,1.0,1,29.0,0.0
DEA,DE,2.6666666666666665,Valid Party Vote,1.0,1.0,3.0,0,62.0,0.0
DE7,DE,8.666666666666666,Valid Party Vote,0.0,5.0,7.0,1,56.0,2.0
DE7,DE,7.333333333333333,Valid Party Vote,0.0,6.0,6.0,0,43.0,2.0
DE6,DE,9.333333333333334,Refuse to Say,,10.0,7.0,1,63.0,
DE2,DE,1.3333333333333333,Don't Know,,5.0,3.0,1,52.0,2.0
DE1,DE,6.333333333333333,Valid Party Vote,0.0,6.0,3.0,1,60.0,0.0
DE2,DE,3.0,Ineligible / Not Applicable,,8.0,3.0,1,33.0,2.0
DE2,DE,7.0,Valid Party Vote,0.0,8.0,3.0,1,75.0,2.0
DED,DE,5.333333333333333,Valid Party Vote,0.0,5.0,5.0,1,66.0,0.0
DE6,DE,2.6666666666666665,Valid Party Vote,0.0,10.0,6.0,1,59.0,
DEE,DE,4.0,Valid Party Vote,0.0,5.0,3.0,1,75.0,0.0
DE7,DE,6.0,Valid Party Vote,0.0,6.0,3.0,1,61.0,2.0
DEF,DE,5.0,Valid Party Vote,0.0,5.0,2.0,1,42.0,0.0
DEF,DE,4.333333333333333,Ineligible / Not Applicable,,8.0,5.0,0,33.0,0.0
DE9,DE,5.0,Ineligible / Not Applicable,,6.0,3.0,1,87.0,2.0
DEF,DE,3.6666666666666665,Refuse to Say,,4.0,3.0,0,30.0,0.0
DEA,DE,7.0,Ineligible / Not Applicable,,7.0,5.0,0,38.0,0.0
DE3,DE,4.333333333333333,Valid Party Vote,0.0,3.0,7.0,1,68.0,2.0
DE2,DE,4.0,Refuse to Say,,0.0,5.0,1,53.0,2.0
DE2,DE,4.666666666666667,Don't Know,,5.0,3.0,1,69.0,2.0
DE9,DE,3.3333333333333335,Valid Party Vote,0.0,5.0,3.0,0,85.0,2.0
DE1,DE,4.0,Valid Party Vote,0.0,5.0,5.0,0,76.0,0.0
DEB,DE,1.3333333333333333,Ineligible / Not Applicable,,5.0,3.0,1,44.0,0.0
DE1,DE,6.333333333333333,Ineligible / Not Applicable,,,3.0,0,55.0,0.0
DE8,DE,2.3333333333333335,Valid Party Vote,1.0,3.0,5.0,1,50.0,
DE2,DE,3.6666666666666665,Valid Party Vote,1.0,2.0,6.0,0,34.0,2.0
DE7,DE,4.666666666666667,Valid Party Vote,0.0,5.0,3.0,0,73.0,2.0
DE3,DE,3.6666666666666665,Valid Party Vote,0.0,6.0,5.0,1,35.0,2.0
DE1,DE,3.0,Valid Party Vote,0.0,5.0,3.0,1,59.0,0.0
DE9,DE,2.6666666666666665,Ineligible / Not Applicable,,5.0,5.0,1,73.0,2.0
DE8,DE,5.0,Valid Party Vote,0.0,9.0,7.0,1,74.0,
DE2,DE,7.666666666666667,Valid Party Vote,0.0,8.0,5.0,1,27.0,2.0
DED,DE,7.333333333333333,Ineligible / Not Applicable,,5.0,2.0,0,16.0,0.0
DE9,DE,4.666666666666667,Valid Party Vote,0.0,3.0,4.0,1,22.0,2.0
DEF,DE,6.666666666666667,Valid Party Vote,0.0,4.0,3.0,1,73.0,0.0
DEA,DE,4.666666666666667,Ineligible / Not Applicable,,4.0,3.0,0,32.0,0.0
DE1,DE,4.333333333333333,Valid Party Vote,0.0,10.0,5.0,0,64.0,0.0
DEA,DE,7.0,Valid Party Vote,0.0,5.0,7.0,0,83.0,0.0
DED,DE,5.0,Ineligible / Not Applicable,,,2.0,1,30.0,0.0
DEA,DE,6.333333333333333,Valid Party Vote,0.0,6.0,5.0,0,50.0,0.0
DE9,DE,2.6666666666666665,Valid Party Vote,1.0,2.0,3.0,0,64.0,2.0
DEA,DE,4.666666666666667,Valid Party Vote,0.0,3.0,3.0,1,57.0,0.0
DEE,DE,4.0,Ineligible / Not Applicable,,6.0,3.0,1,38.0,0.0
DE9,DE,0.0,Valid Party Vote,1.0,0.0,3.0,0,74.0,2.0
DEA,DE,7.333333333333333,Valid Party Vote,0.0,6.0,5.0,0,56.0,0.0
DE2,DE,7.0,Ineligible / Not Applicable,,7.0,7.0,1,34.0,2.0
DEA,DE,6.0,Valid Party Vote,0.0,7.0,6.0,1,64.0,0.0
DE1,DE,3.3333333333333335,Valid Party Vote,0.0,5.0,5.0,1,62.0,0.0
DE7,DE,5.0,Valid Party Vote,0.0,5.0,3.0,1,42.0,2.0
DE8,DE,4.333333333333333,Valid Party Vote,0.0,6.0,7.0,1,62.0,
DE1,DE,6.666666666666667,Valid Party Vote,0.0,7.0,3.0,1,68.0,0.0
DEA,DE,8.666666666666666,Valid Party Vote,0.0,5.0,6.0,0,54.0,0.0
DE1,DE,6.0,Valid Party Vote,0.0,10.0,7.0,1,53.0,0.0
DEB,DE,5.666666666666667,Valid Party Vote,0.0,8.0,5.0,0,36.0,0.0
DE7,DE,8.333333333333334,Valid Party Vote,0.0,8.0,5.0,1,74.0,2.0
DEF,DE,1.6666666666666667,Valid Party Vote,0.0,5.0,3.0,1,62.0,0.0
DE2,DE,3.6666666666666665,Valid Party Vote,1.0,0.0,6.0,0,45.0,2.0
DEA,DE,5.666666666666667,Valid Party Vote,0.0,8.0,5.0,0,69.0,0.0
DEA,DE,2.0,Valid Party Vote,0.0,2.0,3.0,1,81.0,0.0
DEA,DE,7.0,Valid Party Vote,0.0,5.0,3.0,1,29.0,0.0
DE1,DE,6.666666666666667,Valid Party Vote,0.0,7.0,3.0,1,45.0,0.0
DE2,DE,2.6666666666666665,Valid Party Vote,0.0,3.0,2.0,1,64.0,2.0
DE2,DE,5.0,Valid Party Vote,0.0,5.0,4.0,0,32.0,2.0
DE9,DE,6.0,Valid Party Vote,0.0,5.0,6.0,1,50.0,2.0
DE3,DE,6.333333333333333,Valid Party Vote,0.0,6.0,3.0,1,37.0,2.0
DE4,DE,6.666666666666667,Valid Party Vote,0.0,6.0,6.0,0,40.0,0.0
DEA,DE,6.666666666666667,Valid Party Vote,0.0,8.0,6.0,1,24.0,0.0
DEA,DE,3.3333333333333335,Valid Party Vote,0.0,2.0,3.0,0,21.0,0.0
DE1,DE,6.666666666666667,Ineligible / Not Applicable,,5.0,7.0,1,25.0,0.0
DEB,DE,5.333333333333333,Refuse to Say,,5.0,3.0,1,38.0,0.0
DEA,DE,5.0,Ineligible / Not Applicable,,5.0,3.0,0,35.0,0.0
DEA,DE,2.6666666666666665,Ineligible / Not Applicable,,8.0,5.0,1,64.0,0.0
DE8,DE,3.6666666666666665,Don't Know,,5.0,5.0,1,30.0,
DE1,DE,5.333333333333333,Ineligible / Not Applicable,,6.0,,1,19.0,0.0
DEA,DE,2.0,Valid Party Vote,0.0,3.0,3.0,1,77.0,0.0
DEA,DE,8.0,Ineligible / Not Applicable,,8.0,2.0,0,17.0,0.0
DE4,DE,6.666666666666667,Ineligible / Not Applicable,,5.0,2.0,0,17.0,0.0
DEA,DE,5.333333333333333,Ineligible / Not Applicable,,6.0,2.0,0,18.0,0.0
DE9,DE,7.0,Valid Party Vote,0.0,6.0,2.0,0,72.0,2.0
DE7,DE,4.0,Ineligible / Not Applicable,,5.0,4.0,0,19.0,2.0
DEA,DE,8.0,Valid Party Vote,0.0,9.0,7.0,1,66.0,0.0
DE9,DE,8.333333333333334,Ineligible / Not Applicable,,10.0,4.0,0,29.0,2.0
DE3,DE,5.666666666666667,Valid Party Vote,0.0,5.0,7.0,0,58.0,2.0
DE2,DE,4.666666666666667,Valid Party Vote,0.0,7.0,7.0,0,54.0,2.0
DEA,DE,5.0,Valid Party Vote,0.0,6.0,5.0,0,58.0,0.0
DEB,DE,4.666666666666667,Valid Party Vote,0.0,3.0,3.0,0,71.0,0.0
DEA,DE,6.0,Ineligible / Not Applicable,,4.0,3.0,0,84.0,0.0
DEA,DE,5.333333333333333,Valid Party Vote,0.0,6.0,5.0,1,46.0,0.0
DEB,DE,4.333333333333333,Ineligible / Not Applicable,,7.0,2.0,1,16.0,0.0
DEA,DE,7.0,Valid Party Vote,0.0,5.0,6.0,0,28.0,0.0
DE7,DE,5.0,Valid Party Vote,1.0,8.0,5.0,0,73.0,2.0
DEA,DE,4.333333333333333,Valid Party Vote,0.0,5.0,5.0,0,57.0,0.0
DE1,DE,8.0,Valid Party Vote,0.0,8.0,7.0,1,39.0,0.0
DE9,DE,4.333333333333333,Valid Party Vote,0.0,4.0,3.0,0,24.0,2.0
DEA,DE,3.3333333333333335,Ineligible / Not Applicable,,3.0,3.0,0,53.0,0.0
DEB,DE,6.666666666666667,Valid Party Vote,0.0,7.0,7.0,0,29.0,0.0
DEA,DE,6.333333333333333,Ineligible / Not Applicable,,8.0,5.0,0,29.0,0.0
DE9,DE,5.0,Valid Party Vote,0.0,5.0,3.0,1,87.0,2.0
DE7,DE,4.333333333333333,Valid Party Vote,0.0,6.0,3.0,0,60.0,2.0
DED,DE,5.0,Ineligible / Not Applicable,,10.0,7.0,1,86.0,0.0
DE9,DE,7.0,Valid Party Vote,0.0,6.0,5.0,1,90.0,2.0
DE2,DE,8.333333333333334,Ineligible / Not Applicable,,9.0,5.0,0,27.0,2.0
DE1,DE,5.666666666666667,Valid Party Vote,0.0,5.0,3.0,0,77.0,0.0
DE7,DE,10.0,Ineligible / Not Applicable,,7.0,6.0,0,62.0,2.0
DE1,DE,8.0,Valid Party Vote,0.0,8.0,3.0,0,70.0,0.0
DE2,DE,3.3333333333333335,Valid Party Vote,0.0,5.0,3.0,1,78.0,2.0
DE1,DE,7.0,Don't Know,,5.0,3.0,1,53.0,0.0
DEA,DE,8.666666666666666,Refuse to Say,,10.0,2.0,1,53.0,0.0
DE1,DE,6.666666666666667,Valid Party Vote,0.0,5.0,7.0,0,29.0,0.0
DE3,DE,5.0,Don't Know,,5.0,2.0,1,68.0,2.0
DE9,DE,4.333333333333333,Ineligible / Not Applicable,,5.0,5.0,1,62.0,2.0
DE7,DE,7.0,Valid Party Vote,0.0,6.0,3.0,0,28.0,2.0
DEA,DE,7.0,Valid Party Vote,0.0,7.0,7.0,1,45.0,0.0
DE2,DE,7.333333333333333,Ineligible / Not Applicable,,7.0,4.0,1,19.0,2.0
DEB,DE,6.0,Refuse to Say,,5.0,6.0,0,27.0,0.0
DEA,DE,3.0,Refuse to Say,,4.0,3.0,1,63.0,0.0
DE1,DE,3.6666666666666665,Don't Know,,5.0,5.0,1,29.0,0.0
DEC,DE,5.333333333333333,Valid Party Vote,0.0,6.0,5.0,0,74.0,
DE9,DE,5.333333333333333,Valid Party Vote,0.0,4.0,5.0,1,78.0,2.0
DEA,DE,0.0,Valid Party Vote,1.0,0.0,5.0,0,52.0,0.0
DEA,DE,6.0,Ineligible / Not Applicable,,5.0,4.0,0,24.0,0.0
DE9,DE,7.333333333333333,Valid Party Vote,0.0,7.0,5.0,0,25.0,2.0
DEA,DE,6.666666666666667,Valid Party Vote,0.0,5.0,7.0,0,71.0,0.0
DE2,DE,3.0,Valid Party Vote,0.0,4.0,5.0,0,61.0,2.0
DE9,DE,4.0,Valid Party Vote,1.0,2.0,3.0,0,39.0,2.0
DEA,DE,4.333333333333333,Valid Party Vote,0.0,5.0,3.0,0,86.0,0.0
DE2,DE,4.666666666666667,Valid Party Vote,0.0,8.0,5.0,1,26.0,2.0
DE9,DE,3.6666666666666665,Valid Party Vote,0.0,3.0,7.0,1,63.0,2.0
DE9,DE,3.6666666666666665,Ineligible / Not Applicable,,3.0,4.0,0,19.0,2.0
DE2,DE,6.0,Refuse to Say,,6.0,5.0,0,21.0,2.0
DE1,DE,4.666666666666667,Valid Party Vote,0.0,3.0,6.0,0,68.0,0.0
DE2,DE,6.0,Valid Party Vote,0.0,5.0,3.0,1,54.0,2.0
DE4,DE,9.0,Ineligible / Not Applicable,,7.0,2.0,0,16.0,0.0
DE2,DE,4.0,Valid Party Vote,0.0,3.0,3.0,1,73.0,2.0
DE7,DE,5.666666666666667,Valid Party Vote,0.0,5.0,3.0,1,40.0,2.0
DE2,DE,5.666666666666667,Refuse to Say,,6.0,3.0,1,31.0,2.0
DE1,DE,8.333333333333334,Valid Party Vote,0.0,9.0,3.0,0,57.0,0.0
DEA,DE,2.6666666666666665,Valid Party Vote,0.0,3.0,3.0,1,74.0,0.0
DE2,DE,4.333333333333333,Ineligible / Not Applicable,,5.0,3.0,1,28.0,2.0
DED,DE,5.666666666666667,Valid Party Vote,0.0,4.0,6.0,0,82.0,0.0
DEE,DE,5.0,Valid Party Vote,0.0,4.0,3.0,1,85.0,0.0
DEA,DE,5.0,Don't Know,,5.0,5.0,1,56.0,0.0
DEA,DE,4.0,Ineligible / Not Applicable,,5.0,2.0,1,21.0,0.0
DEF,DE,7.666666666666667,Valid Party Vote,0.0,9.0,5.0,0,25.0,0.0
DE6,DE,8.333333333333334,Valid Party Vote,0.0,8.0,5.0,1,55.0,
DEA,DE,7.0,Valid Party Vote,0.0,5.0,3.0,1,71.0,0.0
DEB,DE,3.6666666666666665,Valid Party Vote,0.0,4.0,3.0,0,32.0,0.0
DEA,DE,5.333333333333333,Valid Party Vote,0.0,5.0,3.0,0,68.0,0.0
DEA,DE,3.3333333333333335,Ineligible / Not Applicable,,4.0,3.0,0,74.0,0.0
DEA,DE,7.333333333333333,Valid Party Vote,0.0,8.0,7.0,0,46.0,0.0
DE2,DE,5.666666666666667,Valid Party Vote,0.0,4.0,3.0,0,84.0,2.0
DE2,DE,6.0,Refuse to Say,,5.0,5.0,1,81.0,2.0
DE1,DE,0.3333333333333333,Valid Party Vote,0.0,0.0,3.0,0,40.0,0.0
DED,DE,7.666666666666667,Valid Party Vote,0.0,7.0,7.0,0,68.0,0.0
DE9,DE,6.0,Valid Party Vote,0.0,8.0,7.0,0,55.0,2.0
DED,DE,8.0,Valid Party Vote,0.0,5.0,3.0,1,86.0,0.0
DEA,DE,4.666666666666667,Valid Party Vote,0.0,7.0,3.0,0,26.0,0.0
DEA,DE,6.666666666666667,Valid Party Vote,0.0,5.0,7.0,0,66.0,0.0
DEA,DE,8.0,Valid Party Vote,0.0,8.0,6.0,1,41.0,0.0
DEF,DE,7.333333333333333,Valid Party Vote,0.0,5.0,5.0,1,48.0,0.0
DE6,DE,5.333333333333333,Valid Party Vote,0.0,5.0,5.0,0,70.0,
DED,DE,4.333333333333333,Valid Party Vote,1.0,3.0,7.0,0,63.0,0.0
DE1,DE,4.0,Valid Party Vote,0.0,5.0,3.0,1,68.0,0.0
DED,DE,4.666666666666667,Valid Party Vote,0.0,4.0,3.0,1,81.0,0.0
DE2,DE,6.666666666666667,Valid Party Vote,0.0,6.0,6.0,1,41.0,2.0
DE2,DE,4.0,Ineligible / Not Applicable,,5.0,,1,34.0,2.0
DE2,DE,1.6666666666666667,Don't Know,,3.0,3.0,1,52.0,2.0
DEA,DE,3.3333333333333335,Valid Party Vote,0.0,,5.0,1,59.0,0.0
DE4,DE,4.666666666666667,Ineligible / Not Applicable,,4.0,3.0,1,55.0,0.0
DE1,DE,3.3333333333333335,Valid Party Vote,0.0,2.0,3.0,1,73.0,0.0
DE7,DE,8.0,Valid Party Vote,0.0,9.0,4.0,1,23.0,2.0
DE2,DE,4.0,Valid Party Vote,0.0,7.0,2.0,1,81.0,2.0
DE9,DE,5.0,Valid Party Vote,0.0,3.0,3.0,1,45.0,2.0
DE9,DE,3.3333333333333335,Valid Party Vote,0.0,0.0,5.0,0,80.0,2.0
DED,DE,6.666666666666667,Valid Party Vote,0.0,5.0,5.0,1,60.0,0.0
DEF,DE,6.666666666666667,Ineligible / Not Applicable,,6.0,2.0,0,26.0,0.0
DEA,DE,5.333333333333333,Valid Party Vote,0.0,4.0,7.0,0,73.0,0.0
DE9,DE,5.0,Ineligible / Not Applicable,,3.0,4.0,0,19.0,2.0
DEA,DE,6.333333333333333,Valid Party Vote,0.0,,3.0,0,48.0,0.0
DE1,DE,6.0,Valid Party Vote,0.0,6.0,3.0,1,57.0,0.0
DEA,DE,5.0,Ineligible / Not Applicable,,4.0,3.0,1,38.0,0.0
DE1,DE,5.666666666666667,Valid Party Vote,0.0,6.0,3.0,1,34.0,0.0
DE4,DE,2.6666666666666665,Valid Party Vote,0.0,3.0,3.0,1,72.0,0.0
DE7,DE,3.6666666666666665,Valid Party Vote,0.0,5.0,3.0,1,66.0,2.0
DE1,DE,6.666666666666667,Ineligible / Not Applicable,,10.0,5.0,0,46.0,0.0
DED,DE,8.666666666666666,Valid Party Vote,0.0,7.0,7.0,0,57.0,0.0
DEB,DE,7.0,Valid Party Vote,0.0,7.0,5.0,0,45.0,0.0
DED,DE,0.6666666666666666,Ineligible / Not Applicable,,1.0,3.0,1,46.0,0.0
DEA,DE,5.0,Valid Party Vote,0.0,5.0,3.0,1,63.0,0.0
DE8,DE,7.0,Valid Party Vote,0.0,7.0,7.0,0,42.0,
DE7,DE,1.6666666666666667,Ineligible / Not Applicable,,1.0,3.0,0,59.0,2.0
DE1,DE,4.0,Valid Party Vote,0.0,5.0,5.0,0,71.0,0.0
DE2,DE,6.666666666666667,Ineligible / Not Applicable,,4.0,7.0,1,56.0,2.0
DE1,DE,7.333333333333333,Ineligible / Not Applicable,,7.0,5.0,0,52.0,0.0
DEA,DE,0.6666666666666666,Ineligible / Not Applicable,,1.0,3.0,0,54.0,0.0
DE3,DE,0.6666666666666666,Valid Party Vote,0.0,0.0,3.0,1,66.0,2.0
DE4,DE,0.0,Valid Party Vote,0.0,5.0,3.0,1,57.0,0.0
DED,DE,2.0,Valid Party Vote,0.0,0.0,7.0,0,43.0,0.0
DEF,DE,4.666666666666667,Valid Party Vote,0.0,5.0,7.0,0,44.0,0.0
DEA,DE,3.6666666666666665,Ineligible / Not Applicable,,5.0,1.0,1,16.0,0.0
DE1,DE,5.0,Ineligible / Not Applicable,,5.0,5.0,0,33.0,0.0
DEA,DE,8.0,Valid Party Vote,0.0,10.0,3.0,1,68.0,0.0
DEG,DE,0.6666666666666666,Ineligible / Not Applicable,,5.0,5.0,0,76.0,0.0
DE3,DE,3.6666666666666665,Valid Party Vote,0.0,2.0,5.0,0,62.0,2.0
DEE,DE,6.0,Refuse to Say,,8.0,3.0,0,66.0,0.0
DEA,DE,6.333333333333333,Valid Party Vote,0.0,6.0,5.0,1,36.0,0.0
DEA,DE,6.0,Ineligible / Not Applicable,,5.0,4.0,0,20.0,0.0
DEA,DE,3.3333333333333335,Valid Party Vote,0.0,6.0,3.0,0,44.0,0.0
DE3,DE,7.0,Valid Party Vote,0.0,9.0,4.0,1,19.0,2.0
DEA,DE,7.333333333333333,Valid Party Vote,0.0,8.0,7.0,0,75.0,0.0
DED,DE,7.333333333333333,Valid Party Vote,0.0,5.0,3.0,1,79.0,0.0
DE2,DE,7.666666666666667,Valid Party Vote,0.0,8.0,7.0,0,76.0,2.0
DEB,DE,1.3333333333333333,Ineligible / Not Applicable,,4.0,2.0,0,65.0,0.0
DE2,DE,5.666666666666667,Valid Party Vote,0.0,6.0,6.0,0,25.0,2.0
DEB,DE,7.666666666666667,Valid Party Vote,0.0,5.0,7.0,0,44.0,0.0
DEA,DE,4.666666666666667,Refuse to Say,,4.0,6.0,0,52.0,0.0
DE3,DE,4.666666666666667,Valid Party Vote,0.0,5.0,6.0,0,63.0,2.0
DEB,DE,8.0,Valid Party Vote,0.0,0.0,3.0,0,74.0,0.0
DEA,DE,3.0,Valid Party Vote,0.0,5.0,3.0,1,75.0,0.0
DE9,DE,6.666666666666667,Ineligible / Not Applicable,,7.0,7.0,0,67.0,2.0
DE1,DE,3.0,Valid Party Vote,1.0,1.0,2.0,0,30.0,0.0
DE3,DE,4.5,Valid Party Vote,0.0,4.0,3.0,1,86.0,2.0
DED,DE,3.6666666666666665,Ineligible / Not Applicable,,1.0,3.0,0,35.0,0.0
DEA,DE,6.666666666666667,Don't Know,,9.0,5.0,0,34.0,0.0
DE7,DE,8.0,Valid Party Vote,0.0,7.0,6.0,0,29.0,2.0
DE7,DE,1.3333333333333333,Refuse to Say,,5.0,3.0,0,49.0,2.0
DE9,DE,5.333333333333333,Valid Party Vote,0.0,7.0,5.0,1,51.0,2.0
DE2,DE,4.666666666666667,Valid Party Vote,0.0,6.0,5.0,1,70.0,2.0
DEA,DE,2.3333333333333335,Ineligible / Not Applicable,,4.0,5.0,0,64.0,0.0
DE1,DE,5.666666666666667,Valid Party Vote,0.0,7.0,3.0,1,64.0,0.0
DEB,DE,5.0,Valid Party Vote,0.0,5.0,6.0,1,29.0,0.0
DE9,DE,3.3333333333333335,Valid Party Vote,0.0,3.0,3.0,0,80.0,2.0
DE1,DE,5.333333333333333,Valid Party Vote,0.0,7.0,3.0,1,66.0,0.0
DEA,DE,4.666666666666667,Valid Party Vote,0.0,4.0,5.0,0,74.0,0.0
DE2,DE,5.0,Ineligible / Not Applicable,,8.0,3.0,0,62.0,2.0
DEA,DE,2.6666666666666665,Valid Party Vote,1.0,0.0,3.0,0,34.0,0.0
DEE,DE,6.333333333333333,Valid Party Vote,0.0,6.0,7.0,0,71.0,0.0
DEA,DE,7.0,Ineligible / Not Applicable,,5.0,3.0,1,25.0,0.0
DE2,DE,2.3333333333333335,Ineligible / Not Applicable,,5.0,6.0,0,32.0,2.0
DEG,DE,3.6666666666666665,Valid Party Vote,0.0,4.0,3.0,1,56.0,0.0
DE7,DE,6.666666666666667,Ineligible / Not Applicable,,5.0,2.0,1,41.0,2.0
DEF,DE,8.0,Valid Party Vote,0.0,7.0,1.0,1,43.0,0.0
DEB,DE,8.666666666666666,Ineligible / Not Applicable,,6.0,2.0,0,41.0,0.0
DE7,DE,5.0,Valid Party Vote,0.0,5.0,5.0,0,73.0,2.0
DEA,DE,0.0,Valid Party Vote,0.0,3.0,3.0,0,65.0,0.0
DEF,DE,4.333333333333333,Valid Party Vote,0.0,1.0,3.0,0,63.0,0.0
DEA,DE,5.333333333333333,Valid Party Vote,0.0,4.0,3.0,0,35.0,0.0
DEB,DE,6.0,Ineligible / Not Applicable,,4.0,2.0,0,42.0,0.0
DE7,DE,3.6666666666666665,Ineligible / Not Applicable,,3.0,5.0,1,32.0,2.0
DEB,DE,1.6666666666666667,Refuse to Say,,5.0,5.0,0,28.0,0.0
DE3,DE,0.0,Ineligible / Not Applicable,,1.0,7.0,0,77.0,2.0
DE9,DE,8.666666666666666,Valid Party Vote,0.0,5.0,7.0,0,51.0,2.0
DE1,DE,7.0,Valid Party Vote,0.0,9.0,3.0,1,63.0,0.0
DE9,DE,6.0,Valid Party Vote,0.0,5.0,3.0,0,77.0,2.0
DEA,DE,1.3333333333333333,Valid Party Vote,0.0,3.0,5.0,0,37.0,0.0
DEA,DE,4.333333333333333,Valid Party Vote,0.0,8.0,4.0,1,23.0,0.0
DEA,DE,8.0,Valid Party Vote,0.0,6.0,7.0,1,57.0,0.0
DE9,DE,3.0,Valid Party Vote,0.0,9.0,3.0,1,79.0,2.0
DE1,DE,4.0,Valid Party Vote,0.0,4.0,3.0,0,22.0,0.0
DE1,DE,3.5,Ineligible / Not Applicable,,9.0,2.0,0,20.0,0.0
DED,DE,0.6666666666666666,Valid Party Vote,0.0,1.0,6.0,0,57.0,0.0
DE7,DE,6.0,Valid Party Vote,0.0,8.0,3.0,0,71.0,2.0
DEF,DE,7.0,Valid Party Vote,0.0,5.0,3.0,1,58.0,0.0
DE1,DE,5.666666666666667,Valid Party Vote,0.0,1.0,3.0,1,74.0,0.0
DE1,DE,6.666666666666667,Valid Party Vote,0.0,8.0,5.0,1,45.0,0.0
DEA,DE,7.333333333333333,Ineligible / Not Applicable,,8.0,2.0,1,17.0,0.0
DEA,DE,5.0,Ineligible / Not Applicable,,5.0,4.0,0,18.0,0.0
DE9,DE,5.333333333333333,Valid Party Vote,0.0,4.0,3.0,0,63.0,2.0
DEA,DE,3.6666666666666665,Ineligible / Not Applicable,,6.0,3.0,0,29.0,0.0
DE2,DE,8.0,Ineligible / Not Applicable,,5.0,3.0,1,55.0,2.0
DE2,DE,6.666666666666667,Ineligible / Not Applicable,,5.0,3.0,0,21.0,2.0
DEA,DE,0.6666666666666666,Ineligible / Not Applicable,,1.0,3.0,1,42.0,0.0
DEE,DE,0.0,Refuse to Say,,0.0,3.0,1,87.0,0.0
DEA,DE,0.6666666666666666,Ineligible / Not Applicable,,1.0,3.0,0,60.0,0.0
DE1,DE,2.3333333333333335,Valid Party Vote,0.0,8.0,5.0,0,70.0,0.0
DE3,DE,4.333333333333333,Valid Party Vote,0.0,5.0,2.0,1,84.0,2.0
DE1,DE,7.0,Don't Know,,10.0,7.0,0,49.0,0.0
DED,DE,2.6666666666666665,Refuse to Say,,3.0,3.0,0,80.0,0.0
DE2,DE,6.0,Valid Party Vote,0.0,3.0,3.0,1,61.0,2.0
DEG,DE,6.0,Valid Party Vote,0.0,8.0,3.0,0,57.0,0.0
DEG,DE,2.6666666666666665,Valid Party Vote,1.0,1.0,5.0,0,54.0,0.0
DEA,DE,3.0,Valid Party Vote,0.0,3.0,3.0,1,85.0,0.0
DE9,DE,6.333333333333333,Valid Party Vote,0.0,8.0,3.0,0,88.0,2.0
DEA,DE,7.333333333333333,Valid Party Vote,0.0,8.0,6.0,0,35.0,0.0
DE1,DE,7.333333333333333,Valid Party Vote,0.0,7.0,7.0,0,59.0,0.0
DEA,DE,6.333333333333333,Valid Party Vote,0.0,4.0,4.0,0,21.0,0.0
DEA,DE,0.3333333333333333,Refuse to Say,,7.0,7.0,1,64.0,0.0
DEA,DE,5.666666666666667,Valid Party Vote,0.0,5.0,3.0,1,76.0,0.0
DE7,DE,4.666666666666667,Valid Party Vote,0.0,5.0,3.0,0,58.0,2.0
DEA,DE,4.0,Ineligible / Not Applicable,,5.0,5.0,0,65.0,0.0
DEE,DE,4.333333333333333,Ineligible / Not Applicable,,7.0,4.0,0,18.0,0.0
DEA,DE,7.666666666666667,Valid Party Vote,0.0,7.0,7.0,1,44.0,0.0
DE2,DE,6.666666666666667,Valid Party Vote,0.0,5.0,7.0,0,59.0,2.0
DE1,DE,4.666666666666667,Valid Party Vote,0.0,5.0,3.0,1,52.0,0.0
DEF,DE,5.0,Valid Party Vote,0.0,6.0,5.0,1,31.0,0.0
DE9,DE,4.666666666666667,Valid Party Vote,0.0,5.0,3.0,1,45.0,2.0
DEA,DE,8.333333333333334,Valid Party Vote,0.0,8.0,7.0,0,65.0,0.0
DE1,DE,4.333333333333333,Valid Party Vote,0.0,5.0,3.0,1,32.0,0.0
DE2,DE,5.0,Valid Party Vote,0.0,9.0,7.0,0,55.0,2.0
DEF,DE,3.0,Valid Party Vote,0.0,6.0,3.0,1,83.0,0.0
DEA,DE,2.3333333333333335,Ineligible / Not Applicable,,4.0,3.0,0,45.0,0.0
DE2,DE,6.666666666666667,Valid Party Vote,0.0,7.0,3.0,1,79.0,2.0
DED,DE,3.0,Ineligible / Not Applicable,,1.0,3.0,1,69.0,0.0
DEA,DE,8.333333333333334,Valid Party Vote,0.0,5.0,3.0,1,66.0,0.0
DED,DE,0.6666666666666666,Valid Party Vote,0.0,3.0,3.0,0,42.0,0.0
DEA,DE,1.0,Valid Party Vote,0.0,5.0,5.0,0,57.0,0.0
DE9,DE,5.0,Valid Party Vote,0.0,2.0,7.0,0,42.0,2.0
DE7,DE,2.6666666666666665,Ineligible / Not Applicable,,5.0,3.0,1,59.0,2.0
DEA,DE,7.0,Valid Party Vote,0.0,4.0,5.0,0,32.0,0.0
DEF,DE,6.666666666666667,Ineligible / Not Applicable,,1.0,5.0,1,54.0,0.0
DE1,DE,7.666666666666667,Valid Party Vote,0.0,5.0,7.0,0,69.0,0.0
DE9,DE,5.333333333333333,Valid Party Vote,0.0,4.0,5.0,1,60.0,2.0
DE6,DE,6.0,Ineligible / Not Applicable,,9.0,6.0,0,35.0,
DE9,DE,8.666666666666666,Valid Party Vote,0.0,9.0,5.0,0,46.0,2.0
DE2,DE,6.333333333333333,Valid Party Vote,0.0,2.0,3.0,1,55.0,2.0
DED,DE,5.333333333333333,Valid Party Vote,0.0,5.0,2.0,0,39.0,0.0
DEF,DE,6.666666666666667,Valid Party Vote,0.0,6.0,6.0,0,57.0,0.0
DEA,DE,4.333333333333333,Valid Party Vote,0.0,5.0,5.0,0,57.0,0.0
DE6,DE,8.333333333333334,Valid Party Vote,0.0,8.0,7.0,0,67.0,
DE7,DE,2.3333333333333335,Ineligible / Not Applicable,,9.0,5.0,0,28.0,2.0
DE1,DE,7.0,Ineligible / Not Applicable,,,2.0,0,17.0,0.0
DE7,DE,7.0,Valid Party Vote,0.0,,3.0,1,66.0,2.0
DE2,DE,7.666666666666667,Valid Party Vote,0.0,7.0,5.0,0,82.0,2.0
DEE,DE,1.3333333333333333,Refuse to Say,,1.0,5.0,0,63.0,0.0
DE9,DE,8.0,Valid Party Vote,0.0,8.0,3.0,1,47.0,2.0
DEA,DE,6.333333333333333,Valid Party Vote,0.0,6.0,5.0,1,58.0,0.0
DEF,DE,7.0,Valid Party Vote,0.0,8.0,7.0,1,55.0,0.0
DE2,DE,5.666666666666667,Refuse to Say,,4.0,3.0,0,79.0,2.0
DEA,DE,5.333333333333333,Valid Party Vote,0.0,6.0,3.0,1,84.0,0.0
DE2,DE,1.3333333333333333,Valid Party Vote,0.0,5.0,7.0,1,58.0,2.0
DE9,DE,6.0,Valid Party Vote,0.0,5.0,3.0,1,72.0,2.0
DEA,DE,8.666666666666666,Valid Party Vote,0.0,9.0,5.0,0,28.0,0.0
DEB,DE,7.666666666666667,Ineligible / Not Applicable,,10.0,7.0,1,46.0,0.0
DE3,DE,6.333333333333333,Valid Party Vote,0.0,5.0,4.0,1,45.0,2.0
DE3,DE,5.0,Valid Party Vote,0.0,10.0,7.0,0,69.0,2.0
DEA,DE,3.6666666666666665,Ineligible / Not Applicable,,5.0,3.0,0,60.0,0.0
DE6,DE,9.0,Don't Know,,10.0,7.0,0,34.0,
DE1,DE,9.0,Valid Party Vote,0.0,10.0,6.0,1,28.0,0.0
DE1,DE,7.666666666666667,Valid Party Vote,0.0,8.0,5.0,0,29.0,0.0
DEA,DE,5.666666666666667,Ineligible / Not Applicable,,6.0,5.0,0,23.0,0.0
DEA,DE,5.0,Valid Party Vote,0.0,3.0,5.0,1,47.0,0.0
DEA,DE,5.0,Ineligible / Not Applicable,,6.0,3.0,0,72.0,0.0
DE2,DE,6.666666666666667,Valid Party Vote,0.0,5.0,5.0,0,24.0,2.0
DE2,DE,4.333333333333333,Valid Party Vote,0.0,2.0,3.0,1,27.0,2.0
DE1,DE,8.0,Valid Party Vote,0.0,8.0,3.0,1,34.0,0.0
DEE,DE,5.0,Valid Party Vote,0.0,6.0,3.0,0,60.0,0.0
DE1,DE,4.666666666666667,Valid Party Vote,0.0,8.0,6.0,1,42.0,0.0
DED,DE,3.5,Don't Know,,,3.0,1,70.0,0.0
DEA,DE,,Ineligible / Not Applicable,,8.0,2.0,1,40.0,0.0
DEA,DE,2.3333333333333335,Ineligible / Not Applicable,,1.0,3.0,0,65.0,0.0
DEA,DE,5.333333333333333,Valid Party Vote,0.0,4.0,6.0,0,83.0,0.0
DEA,DE,3.3333333333333335,Ineligible / Not Applicable,,5.0,2.0,1,47.0,0.0
DE1,DE,7.0,Valid Party Vote,0.0,6.0,5.0,1,86.0,0.0
DEA,DE,5.333333333333333,Valid Party Vote,0.0,4.0,3.0,1,68.0,0.0
DEA,DE,7.666666666666667,Valid Party Vote,0.0,5.0,3.0,0,84.0,0.0
DEE,DE,1.0,Ineligible / Not Applicable,,5.0,3.0,0,29.0,0.0
DE2,DE,4.333333333333333,Valid Party Vote,0.0,5.0,3.0,1,68.0,2.0
DEA,DE,5.666666666666667,Ineligible / Not Applicable,,5.0,4.0,1,18.0,0.0
DEA,DE,6.333333333333333,Ineligible / Not Applicable,,7.0,3.0,1,55.0,0.0
DEF,DE,3.0,Valid Party Vote,0.0,3.0,5.0,1,71.0,0.0
DEE,DE,5.333333333333333,Valid Party Vote,0.0,10.0,6.0,0,25.0,0.0
DEG,DE,4.333333333333333,Valid Party Vote,0.0,5.0,5.0,0,69.0,0.0
DE7,DE,3.3333333333333335,Valid Party Vote,0.0,7.0,3.0,1,78.0,2.0
DE9,DE,7.333333333333333,Valid Party Vote,0.0,6.0,6.0,0,47.0,2.0
DEB,DE,7.666666666666667,Valid Party Vote,0.0,6.0,3.0,0,68.0,0.0
DEA,DE,6.0,Don't Know,,8.0,6.0,1,25.0,0.0
DEA,DE,7.333333333333333,Ineligible / Not Applicable,,7.0,,1,15.0,0.0
DE9,DE,3.0,Valid Party Vote,1.0,0.0,5.0,1,73.0,2.0
DE1,DE,7.333333333333333,Ineligible / Not Applicable,,6.0,2.0,1,52.0,0.0
DEA,DE,7.333333333333333,Valid Party Vote,0.0,5.0,3.0,1,75.0,0.0
DE8,DE,4.0,Ineligible / Not Applicable,,1.0,3.0,1,35.0,
DE1,DE,6.666666666666667,Valid Party Vote,0.0,3.0,6.0,1,50.0,0.0
DE2,DE,7.0,Ineligible / Not Applicable,,3.0,3.0,1,52.0,2.0
DE2,DE,5.666666666666667,Valid Party Vote,0.0,7.0,7.0,1,29.0,2.0
DEA,DE,3.0,Valid Party Vote,0.0,2.0,5.0,0,57.0,0.0
DE1,DE,6.0,Valid Party Vote,0.0,10.0,7.0,0,52.0,0.0
DE2,DE,4.333333333333333,Valid Party Vote,1.0,2.0,3.0,0,64.0,2.0
DE1,DE,3.6666666666666665,Valid Party Vote,0.0,3.0,3.0,1,54.0,0.0
DE9,DE,7.333333333333333,Valid Party Vote,0.0,5.0,3.0,0,76.0,2.0
DE9,DE,3.6666666666666665,Ineligible / Not Applicable,,4.0,3.0,0,53.0,2.0
DED,DE,5.0,Valid Party Vote,0.0,7.0,5.0,1,59.0,0.0
DEA,DE,7.666666666666667,Ineligible / Not Applicable,,8.0,2.0,0,19.0,0.0
DEG,DE,2.0,Valid Party Vote,0.0,2.0,2.0,1,85.0,0.0
DEA,DE,6.666666666666667,Valid Party Vote,0.0,3.0,6.0,0,56.0,0.0
DE3,DE,1.6666666666666667,Valid Party Vote,0.0,9.0,6.0,1,35.0,2.0
DE7,DE,2.3333333333333335,Ineligible / Not Applicable,,1.0,3.0,0,54.0,2.0
DEA,DE,5.0,Refuse to Say,,4.0,5.0,0,58.0,0.0
DEA,DE,5.0,Valid Party Vote,0.0,3.0,3.0,0,86.0,0.0
DEA,DE,0.6666666666666666,Valid Party Vote,1.0,4.0,5.0,1,40.0,0.0
DEA,DE,6.0,Ineligible / Not Applicable,,3.0,3.0,1,18.0,0.0
DE7,DE,1.6666666666666667,Refuse to Say,,2.0,3.0,1,60.0,2.0
DE9,DE,1.3333333333333333,Valid Party Vote,1.0,3.0,3.0,0,71.0,2.0
DED,DE,3.0,Valid Party Vote,1.0,1.0,3.0,1,80.0,0.0
DE3,DE,4.666666666666667,Valid Party Vote,0.0,8.0,7.0,0,63.0,2.0
DEG,DE,2.6666666666666665,Valid Party Vote,1.0,1.0,6.0,0,39.0,0.0
DE7,DE,5.666666666666667,Valid Party Vote,0.0,8.0,5.0,0,67.0,2.0
DE7,DE,7.333333333333333,Ineligible / Not Applicable,,4.0,2.0,0,24.0,2.0
DE7,DE,0.0,Ineligible / Not Applicable,,3.0,2.0,1,47.0,2.0
DEA,DE,2.0,Valid Party Vote,0.0,5.0,6.0,1,71.0,0.0
DEA,DE,7.666666666666667,Valid Party Vote,0.0,8.0,3.0,0,69.0,0.0
DEA,DE,2.3333333333333335,Valid Party Vote,0.0,6.0,3.0,1,68.0,0.0
DEA,DE,7.333333333333333,Valid Party Vote,0.0,5.0,3.0,0,62.0,0.0
DEA,DE,3.6666666666666665,Valid Party Vote,0.0,3.0,3.0,1,71.0,0.0
DEA,DE,6.0,Valid Party Vote,0.0,5.0,3.0,1,52.0,0.0
DE1,DE,6.666666666666667,Valid Party Vote,0.0,7.0,3.0,0,33.0,0.0
DEA,DE,7.0,Valid Party Vote,0.0,7.0,5.0,0,67.0,0.0
DEA,DE,7.333333333333333,Refuse to Say,,10.0,7.0,0,33.0,0.0
DEB,DE,7.0,Valid Party Vote,0.0,8.0,7.0,1,45.0,0.0
DEA,DE,4.333333333333333,Valid Party Vote,0.0,3.0,3.0,0,32.0,0.0
DEA,DE,1.6666666666666667,Ineligible / Not Applicable,,0.0,3.0,0,65.0,0.0
DEA,DE,3.6666666666666665,Valid Party Vote,0.0,3.0,3.0,0,44.0,0.0
DEA,DE,8.333333333333334,Valid Party Vote,0.0,9.0,3.0,0,54.0,0.0
DE1,DE,6.666666666666667,Don't Know,,8.0,7.0,1,44.0,0.0
DE1,DE,7.0,Valid Party Vote,0.0,3.0,5.0,1,55.0,0.0
DE9,DE,4.666666666666667,Valid Party Vote,0.0,1.0,6.0,0,62.0,2.0
DE2,DE,5.333333333333333,Ineligible / Not Applicable,,7.0,4.0,1,20.0,2.0
DE4,DE,6.0,Valid Party Vote,0.0,5.0,5.0,0,72.0,0.0
DEF,DE,4.0,Valid Party Vote,0.0,3.0,5.0,0,58.0,0.0
DE4,DE,6.333333333333333,Valid Party Vote,0.0,8.0,7.0,0,30.0,0.0
DE1,DE,3.3333333333333335,Ineligible / Not Applicable,,9.0,5.0,0,41.0,0.0
DE2,DE,6.333333333333333,Valid Party Vote,0.0,4.0,3.0,1,62.0,2.0
DE7,DE,4.0,Ineligible / Not Applicable,,5.0,3.0,0,25.0,2.0
DEB,DE,7.333333333333333,Ineligible / Not Applicable,,6.0,2.0,1,17.0,0.0
DEA,DE,,Ineligible / Not Applicable,,8.0,4.0,1,18.0,0.0
DEA,DE,4.0,Valid Party Vote,0.0,,2.0,0,88.0,0.0
DE2,DE,8.333333333333334,Valid Party Vote,0.0,5.0,5.0,0,33.0,2.0
DEF,DE,4.333333333333333,Don't Know,,5.0,5.0,0,87.0,0.0
DEE,DE,1.6666666666666667,Valid Party Vote,1.0,5.0,3.0,1,52.0,0.0
DEC,DE,7.333333333333333,Refuse to Say,,4.0,7.0,0,54.0,
DE2,DE,1.0,Don't Know,,7.0,2.0,1,62.0,2.0
DE7,DE,4.0,Valid Party Vote,0.0,8.0,3.0,1,66.0,2.0
DE1,DE,5.666666666666667,Valid Party Vote,0.0,5.0,3.0,0,69.0,0.0
DE9,DE,2.3333333333333335,Valid Party Vote,0.0,7.0,3.0,1,41.0,2.0
DED,DE,6.666666666666667,Valid Party Vote,0.0,6.0,4.0,1,22.0,0.0
DE2,DE,4.666666666666667,Valid Party Vote,1.0,3.0,2.0,0,38.0,2.0
DEA,DE,6.333333333333333,Valid Party Vote,0.0,5.0,5.0,0,26.0,0.0
DEA,DE,3.3333333333333335,Valid Party Vote,0.0,5.0,5.0,0,67.0,0.0
DE9,DE,6.0,Valid Party Vote,0.0,3.0,6.0,0,85.0,2.0
DE2,DE,6.0,Valid Party Vote,0.0,7.0,5.0,1,48.0,2.0
DE1,DE,6.666666666666667,Ineligible / Not Applicable,,0.0,1.0,1,40.0,0.0
DE9,DE,5.333333333333333,Valid Party Vote,0.0,5.0,3.0,1,69.0,2.0
DEA,DE,6.333333333333333,Valid Party Vote,0.0,7.0,5.0,1,22.0,0.0
DEA,DE,1.3333333333333333,Valid Party Vote,1.0,4.0,2.0,1,70.0,0.0
DE9,DE,6.0,Valid Party Vote,0.0,6.0,5.0,1,62.0,2.0
DE2,DE,6.0,Valid Party Vote,0.0,8.0,5.0,0,25.0,2.0
DE1,DE,7.666666666666667,Don't Know,,6.0,5.0,0,84.0,0.0
DEA,DE,6.333333333333333,Valid Party Vote,0.0,4.0,5.0,0,49.0,0.0
DE3,DE,7.666666666666667,Valid Party Vote,0.0,8.0,3.0,0,35.0,2.0
DE1,DE,2.6666666666666665,Refuse to Say,,5.0,3.0,1,67.0,0.0
DEA,DE,7.0,Valid Party Vote,0.0,5.0,6.0,1,34.0,0.0
DEA,DE,5.0,Don't Know,,4.0,5.0,1,49.0,0.0
DEA,DE,4.666666666666667,Valid Party Vote,0.0,7.0,7.0,1,57.0,0.0
DE6,DE,6.0,Valid Party Vote,0.0,5.0,7.0,0,76.0,
DE8,DE,2.6666666666666665,Valid Party Vote,0.0,2.0,3.0,0,73.0,
DEA,DE,2.6666666666666665,Valid Party Vote,1.0,5.0,,0,41.0,0.0
DED,DE,6.0,Valid Party Vote,0.0,2.0,3.0,0,73.0,0.0
DE2,DE,6.0,Valid Party Vote,0.0,7.0,3.0,1,45.0,2.0
DEA,DE,4.0,Valid Party Vote,0.0,7.0,5.0,1,39.0,0.0
DE1,DE,7.666666666666667,Don't Know,,7.0,5.0,1,22.0,0.0
DEB,DE,6.0,Valid Party Vote,0.0,6.0,5.0,0,85.0,0.0
DE2,DE,5.666666666666667,Ineligible / Not Applicable,,5.0,6.0,1,34.0,2.0
DE1,DE,5.333333333333333,Valid Party Vote,0.0,6.0,3.0,1,73.0,0.0
DEB,DE,7.333333333333333,Valid Party Vote,0.0,7.0,6.0,0,39.0,0.0
DEA,DE,4.0,Valid Party Vote,0.0,0.0,3.0,0,52.0,0.0
DEE,DE,2.6666666666666665,Valid Party Vote,0.0,8.0,3.0,0,58.0,0.0
DE2,DE,4.0,Valid Party Vote,0.0,0.0,3.0,1,56.0,2.0
DEA,DE,2.0,Don't Know,,4.0,3.0,1,36.0,0.0
DE2,DE,2.6666666666666665,Ineligible / Not Applicable,,4.0,5.0,1,44.0,2.0
DE9,DE,6.666666666666667,Ineligible / Not Applicable,,7.0,3.0,1,27.0,2.0
DEA,DE,4.666666666666667,Valid Party Vote,0.0,5.0,5.0,1,45.0,0.0
DEA,DE,9.0,Ineligible / Not Applicable,,5.0,3.0,0,49.0,0.0
DE9,DE,5.666666666666667,Valid Party Vote,0.0,5.0,6.0,1,39.0,2.0
DE2,DE,4.333333333333333,Valid Party Vote,0.0,3.0,6.0,0,67.0,2.0
DEC,DE,3.3333333333333335,Valid Party Vote,0.0,0.0,3.0,0,68.0,
DEA,DE,5.333333333333333,Refuse to Say,,9.0,5.0,0,79.0,0.0
DEA,DE,5.333333333333333,Ineligible / Not Applicable,,5.0,2.0,0,20.0,0.0
DE7,DE,7.333333333333333,Valid Party Vote,0.0,7.0,4.0,0,32.0,2.0
DEA,DE,0.0,Valid Party Vote,0.0,0.0,1.0,0,64.0,0.0
DEA,DE,5.0,Refuse to Say,,5.0,5.0,1,26.0,0.0
DE7,DE,6.666666666666667,Ineligible / Not Applicable,,10.0,2.0,0,16.0,2.0
DEA,DE,5.666666666666667,Valid Party Vote,0.0,3.0,3.0,1,46.0,0.0
DE1,DE,6.0,Valid Party Vote,0.0,5.0,3.0,0,29.0,0.0
DEA,DE,7.0,Valid Party Vote,0.0,7.0,7.0,1,65.0,0.0
DEA,DE,6.0,Valid Party Vote,0.0,5.0,3.0,1,58.0,0.0
DE2,DE,7.333333333333333,Valid Party Vote,0.0,5.0,6.0,0,27.0,2.0
DE1,DE,7.0,Valid Party Vote,0.0,,7.0,0,66.0,0.0
DEA,DE,7.333333333333333,Valid Party Vote,0.0,8.0,6.0,0,30.0,0.0
DEA,DE,7.333333333333333,Valid Party Vote,0.0,5.0,3.0,1,69.0,0.0
DEA,DE,2.6666666666666665,Refuse to Say,,2.0,3.0,0,59.0,0.0
DEA,DE,8.0,Valid Party Vote,0.0,8.0,3.0,1,70.0,0.0
DED,DE,8.0,Valid Party Vote,0.0,8.0,5.0,0,83.0,0.0
DE2,DE,5.333333333333333,Valid Party Vote,0.0,5.0,7.0,0,42.0,2.0
DEB,DE,4.0,Valid Party Vote,0.0,4.0,2.0,1,21.0,0.0
DE9,DE,7.666666666666667,Valid Party Vote,0.0,7.0,6.0,1,51.0,2.0
DE2,DE,4.666666666666667,Valid Party Vote,0.0,6.0,5.0,1,54.0,2.0
DEF,DE,7.0,Valid Party Vote,0.0,4.0,7.0,0,71.0,0.0
DE9,DE,5.0,Valid Party Vote,0.0,8.0,7.0,1,54.0,2.0
DE2,DE,3.6666666666666665,Valid Party Vote,0.0,5.0,3.0,0,90.0,2.0
DE2,DE,5.666666666666667,Ineligible / Not Applicable,,6.0,2.0,0,17.0,2.0
DE1,DE,7.0,Valid Party Vote,0.0,7.0,5.0,1,60.0,0.0
DE1,DE,8.666666666666666,Ineligible / Not Applicable,,9.0,6.0,1,39.0,0.0
DE1,DE,5.666666666666667,Valid Party Vote,0.0,9.0,7.0,1,29.0,0.0
DE9,DE,5.333333333333333,Valid Party Vote,0.0,2.0,3.0,1,76.0,2.0
DEA,DE,5.666666666666667,Ineligible / Not Applicable,,4.0,3.0,1,76.0,0.0
DE9,DE,0.0,Valid Party Vote,0.0,0.0,3.0,1,57.0,2.0
DEA,DE,4.666666666666667,Valid Party Vote,0.0,6.0,3.0,1,84.0,0.0
DE7,DE,4.333333333333333,Ineligible / Not Applicable,,3.0,5.0,1,57.0,2.0
DE1,DE,6.0,Ineligible / Not Applicable,,7.0,2.0,1,19.0,0.0
DED,DE,2.0,Valid Party Vote,1.0,2.0,6.0,0,56.0,0.0
DE2,DE,5.666666666666667,Valid Party Vote,0.0,5.0,3.0,1,53.0,2.0
DEG,DE,8.0,Valid Party Vote,0.0,7.0,5.0,1,48.0,0.0
DE7,DE,4.666666666666667,Valid Party Vote,0.0,7.0,3.0,1,65.0,2.0
DE2,DE,3.6666666666666665,Valid Party Vote,0.0,6.0,5.0,1,61.0,2.0
DEA,DE,3.0,Valid Party Vote,0.0,6.0,3.0,1,70.0,0.0
DEB,DE,7.0,Don't Know,,7.0,6.0,1,32.0,0.0
DEF,DE,6.666666666666667,Valid Party Vote,0.0,4.0,5.0,0,69.0,0.0
DE1,DE,1.3333333333333333,Ineligible / Not Applicable,,2.0,2.0,0,49.0,0.0
DE9,DE,0.6666666666666666,Valid Party Vote,0.0,4.0,7.0,0,63.0,2.0
DE3,DE,3.0,Valid Party Vote,0.0,2.0,3.0,1,43.0,2.0
DEA,DE,2.6666666666666665,Valid Party Vote,0.0,1.0,3.0,0,52.0,0.0
DE2,DE,2.0,Valid Party Vote,0.0,7.0,7.0,0,49.0,2.0
DE7,DE,5.666666666666667,Don't Know,,6.0,3.0,0,59.0,2.0
DE2,DE,9.0,Valid Party Vote,0.0,6.0,3.0,1,73.0,2.0
DEA,DE,6.0,Ineligible / Not Applicable,,7.0,2.0,1,21.0,0.0
DE2,DE,7.333333333333333,Ineligible / Not Applicable,,3.0,2.0,0,19.0,2.0
DEA,DE,6.333333333333333,Ineligible / Not Applicable,,5.0,7.0,0,67.0,0.0
DE7,DE,4.333333333333333,Ineligible / Not Applicable,,5.0,4.0,1,23.0,2.0
DE7,DE,6.0,Valid Party Vote,0.0,6.0,3.0,1,41.0,2.0
DE9,DE,5.333333333333333,Ineligible / Not Applicable,,8.0,1.0,1,16.0,2.0
DEF,DE,8.0,Valid Party Vote,0.0,7.0,7.0,0,63.0,0.0
DEA,DE,6.0,Valid Party Vote,0.0,7.0,7.0,0,36.0,0.0
DE1,DE,5.0,Valid Party Vote,0.0,3.0,6.0,0,87.0,0.0
DE1,DE,4.0,Valid Party Vote,0.0,3.0,3.0,0,64.0,0.0
DE2,DE,2.6666666666666665,Refuse to Say,,8.0,3.0,0,55.0,2.0
DEA,DE,5.0,Valid Party Vote,0.0,7.0,4.0,0,35.0,0.0
DE4,DE,3.3333333333333335,Valid Party Vote,0.0,3.0,3.0,1,63.0,0.0
DEA,DE,4.0,Don't Know,,0.0,3.0,0,68.0,0.0
DEA,DE,9.0,Ineligible / Not Applicable,,5.0,2.0,1,16.0,0.0
DEF,DE,6.666666666666667,Refuse to Say,,5.0,5.0,0,49.0,0.0
DE4,DE,7.0,Valid Party Vote,0.0,5.0,3.0,0,88.0,0.0
DE6,DE,6.333333333333333,Valid Party Vote,0.0,5.0,7.0,1,39.0,
DE1,DE,7.0,Valid Party Vote,0.0,9.0,4.0,0,22.0,0.0
DE2,DE,5.333333333333333,Ineligible / Not Applicable,,5.0,7.0,1,73.0,2.0
DE2,DE,6.666666666666667,Valid Party Vote,0.0,5.0,4.0,0,22.0,2.0
DEA,DE,7.0,Valid Party Vote,0.0,8.0,4.0,0,23.0,0.0
DEA,DE,2.0,Refuse to Say,,1.0,6.0,1,39.0,0.0
DEG,DE,0.0,Valid Party Vote,1.0,1.0,5.0,1,68.0,0.0
DE2,DE,3.3333333333333335,Valid Party Vote,0.0,3.0,3.0,1,32.0,2.0
DE2,DE,8.0,Valid Party Vote,0.0,5.0,7.0,1,42.0,2.0
DEA,DE,4.0,Ineligible / Not Applicable,,2.0,3.0,0,37.0,0.0
DE6,DE,7.666666666666667,Valid Party Vote,0.0,5.0,7.0,1,59.0,
DEB,DE,8.0,Valid Party Vote,0.0,8.0,7.0,0,58.0,0.0
DEA,DE,7.666666666666667,Valid Party Vote,0.0,7.0,3.0,0,42.0,0.0
DE7,DE,8.0,Valid Party Vote,0.0,8.0,5.0,0,82.0,2.0
DEA,DE,2.3333333333333335,Valid Party Vote,1.0,4.0,3.0,0,61.0,0.0
DED,DE,4.0,Valid Party Vote,0.0,5.0,7.0,1,80.0,0.0
DEA,DE,8.0,Ineligible / Not Applicable,,7.0,3.0,1,20.0,0.0
DE9,DE,1.6666666666666667,Ineligible / Not Applicable,,1.0,2.0,1,33.0,2.0
DED,DE,1.0,Valid Party Vote,0.0,1.0,3.0,1,45.0,0.0
DE1,DE,6.333333333333333,Valid Party Vote,0.0,0.0,5.0,0,67.0,0.0
DEA,DE,3.3333333333333335,Valid Party Vote,1.0,2.0,2.0,1,69.0,0.0
DEA,DE,8.0,Valid Party Vote,0.0,9.0,7.0,1,59.0,0.0
DE9,DE,4.0,Ineligible / Not Applicable,,6.0,5.0,0,53.0,2.0
DE7,DE,5.0,Valid Party Vote,0.0,5.0,5.0,0,34.0,2.0
DE6,DE,5.333333333333333,Valid Party Vote,0.0,4.0,5.0,1,67.0,
DEA,DE,6.333333333333333,Ineligible / Not Applicable,,5.0,2.0,1,17.0,0.0
DEG,DE,8.333333333333334,Valid Party Vote,0.0,8.0,5.0,1,74.0,0.0
DE2,DE,3.3333333333333335,Valid Party Vote,0.0,6.0,5.0,0,50.0,2.0
DE9,DE,5.0,Valid Party Vote,0.0,2.0,7.0,1,37.0,2.0
DEA,DE,4.333333333333333,Valid Party Vote,0.0,6.0,3.0,0,23.0,0.0
DEA,DE,7.0,Ineligible / Not Applicable,,6.0,1.0,0,16.0,0.0
DE8,DE,2.6666666666666665,Valid Party Vote,0.0,3.0,3.0,1,64.0,
DE2,DE,2.3333333333333335,Don't Know,,3.0,3.0,1,35.0,2.0
DE2,DE,5.333333333333333,Valid Party Vote,0.0,4.0,7.0,0,66.0,2.0
DEA,DE,5.666666666666667,Valid Party Vote,0.0,10.0,7.0,1,69.0,0.0
DEE,DE,0.0,Ineligible / Not Applicable,,5.0,3.0,1,52.0,0.0
DE3,DE,6.666666666666667,Valid Party Vote,0.0,8.0,3.0,1,70.0,2.0
DE9,DE,1.3333333333333333,Ineligible / Not Applicable,,2.0,5.0,0,25.0,2.0
DE6,DE,6.0,Refuse to Say,,10.0,3.0,0,31.0,
DEF,DE,6.333333333333333,Valid Party Vote,0.0,5.0,7.0,0,68.0,0.0
DE6,DE,8.0,Ineligible / Not Applicable,,8.0,2.0,0,21.0,
DE2,DE,7.333333333333333,Valid Party Vote,0.0,9.0,5.0,1,41.0,2.0
DE2,DE,1.6666666666666667,Valid Party Vote,0.0,3.0,5.0,1,26.0,2.0
DE4,DE,0.6666666666666666,Valid Party Vote,0.0,4.0,3.0,1,67.0,0.0
DE8,DE,5.666666666666667,Valid Party Vote,0.0,2.0,3.0,0,67.0,
DEA,DE,3.3333333333333335,Valid Party Vote,0.0,7.0,4.0,0,26.0,0.0
DEB,DE,0.0,Refuse to Say,,2.0,3.0,1,64.0,0.0
DE2,DE,8.0,Valid Party Vote,0.0,4.0,4.0,0,20.0,2.0
DE7,DE,7.333333333333333,Ineligible / Not Applicable,,8.0,6.0,1,33.0,2.0
DEB,DE,4.333333333333333,Refuse to Say,,2.0,2.0,0,68.0,0.0
DEB,DE,6.333333333333333,Valid Party Vote,0.0,5.0,6.0,1,27.0,0.0
DE2,DE,3.0,Valid Party Vote,0.0,7.0,5.0,1,24.0,2.0
DE7,DE,5.666666666666667,Don't Know,,8.0,6.0,1,29.0,2.0
DEA,DE,4.333333333333333,Ineligible / Not Applicable,,4.0,6.0,1,46.0,0.0
DEB,DE,5.0,Valid Party Vote,0.0,5.0,6.0,1,26.0,0.0
DE2,DE,3.6666666666666665,Valid Party Vote,0.0,3.0,3.0,0,61.0,2.0
DE9,DE,2.6666666666666665,Ineligible / Not Applicable,,5.0,3.0,1,45.0,2.0
DE7,DE,7.333333333333333,Valid Party Vote,0.0,7.0,6.0,1,39.0,2.0
DE2,DE,6.333333333333333,Valid Party Vote,0.0,5.0,3.0,1,60.0,2.0
DEA,DE,5.0,Don't Know,,3.0,3.0,1,64.0,0.0
DE9,DE,5.333333333333333,Valid Party Vote,0.0,8.0,3.0,0,73.0,2.0
DE1,DE,3.0,Valid Party Vote,0.0,5.0,3.0,1,76.0,0.0
DEC,DE,7.333333333333333,Valid Party Vote,0.0,5.0,5.0,1,43.0,
DE2,DE,8.333333333333334,Ineligible / Not Applicable,,8.0,2.0,0,16.0,2.0
DEB,DE,1.6666666666666667,Valid Party Vote,0.0,6.0,3.0,0,33.0,0.0
DE1,DE,4.0,Valid Party Vote,0.0,3.0,5.0,0,36.0,0.0
DE2,DE,9.0,Valid Party Vote,0.0,8.0,7.0,1,56.0,2.0
DE1,DE,8.0,Valid Party Vote,0.0,7.0,7.0,1,43.0,0.0
DE4,DE,6.0,Valid Party Vote,1.0,5.0,3.0,1,27.0,0.0
DED,DE,1.6666666666666667,Ineligible / Not Applicable,,0.0,3.0,1,59.0,0.0
DE7,DE,5.333333333333333,Valid Party Vote,0.0,9.0,3.0,1,77.0,2.0
DEA,DE,6.666666666666667,Valid Party Vote,0.0,5.0,5.0,1,72.0,0.0
DE1,DE,6.333333333333333,Valid Party Vote,0.0,5.0,3.0,1,67.0,0.0
DEA,DE,2.3333333333333335,Valid Party Vote,0.0,1.0,2.0,1,71.0,0.0
DE2,DE,3.0,Valid Party Vote,0.0,4.0,3.0,0,64.0,2.0
DEB,DE,5.0,Valid Party Vote,0.0,5.0,3.0,1,83.0,0.0
DE9,DE,7.333333333333333,Valid Party Vote,0.0,10.0,7.0,1,27.0,2.0
DE8,DE,5.666666666666667,Refuse to Say,,6.0,5.0,0,39.0,
DED,DE,,Ineligible / Not Applicable,,,1.0,1,17.0,0.0
DED,DE,2.6666666666666665,Valid Party Vote,0.0,3.0,5.0,1,56.0,0.0
DE9,DE,4.333333333333333,Valid Party Vote,0.0,4.0,3.0,1,63.0,2.0
DE6,DE,6.0,Valid Party Vote,0.0,5.0,3.0,1,82.0,
DE9,DE,3.3333333333333335,Valid Party Vote,1.0,4.0,3.0,0,61.0,2.0
DE3,DE,5.666666666666667,Valid Party Vote,0.0,5.0,6.0,0,41.0,2.0
DE7,DE,2.6666666666666665,Ineligible / Not Applicable,,0.0,5.0,0,31.0,2.0
DE1,DE,3.3333333333333335,Valid Party Vote,0.0,5.0,7.0,0,32.0,0.0
DE2,DE,4.666666666666667,Valid Party Vote,0.0,7.0,3.0,0,44.0,2.0
DEA,DE,0.0,Ineligible / Not Applicable,,2.0,1.0,1,67.0,0.0
DEF,DE,7.0,Ineligible / Not Applicable,,7.0,4.0,0,19.0,0.0
DEB,DE,3.3333333333333335,Refuse to Say,,3.0,5.0,0,69.0,0.0
DE9,DE,1.0,Ineligible / Not Applicable,,7.0,3.0,1,70.0,2.0
DEA,DE,7.0,Valid Party Vote,0.0,5.0,7.0,0,54.0,0.0
DE3,DE,5.666666666666667,Valid Party Vote,0.0,9.0,3.0,1,60.0,2.0
DE9,DE,7.0,Valid Party Vote,0.0,7.0,7.0,0,43.0,2.0
DEA,DE,7.0,Ineligible / Not Applicable,,8.0,4.0,1,19.0,0.0
DEE,DE,3.3333333333333335,Valid Party Vote,0.0,5.0,3.0,1,66.0,0.0
DEF,DE,4.666666666666667,Valid Party Vote,0.0,4.0,5.0,1,71.0,0.0
DEA,DE,4.333333333333333,Valid Party Vote,0.0,5.0,6.0,1,29.0,0.0
DE9,DE,5.666666666666667,Valid Party Vote,0.0,5.0,3.0,1,23.0,2.0
DE9,DE,2.0,Valid Party Vote,0.0,5.0,3.0,1,37.0,2.0
DE3,DE,6.666666666666667,Don't Know,,8.0,5.0,1,27.0,2.0
DEG,DE,1.3333333333333333,Refuse to Say,,,5.0,0,48.0,0.0
DE4,DE,3.6666666666666665,Valid Party Vote,0.0,8.0,5.0,1,25.0,0.0
DEE,DE,6.333333333333333,Valid Party Vote,0.0,5.0,5.0,0,74.0,0.0
DE3,DE,0.3333333333333333,Valid Party Vote,1.0,0.0,3.0,0,62.0,2.0
DE9,DE,2.6666666666666665,Valid Party Vote,0.0,2.0,5.0,1,57.0,2.0
DE7,DE,0.0,Ineligible / Not Applicable,,0.0,4.0,0,25.0,2.0
DE2,DE,5.666666666666667,Valid Party Vote,0.0,4.0,3.0,1,56.0,2.0
DE7,DE,8.666666666666666,Valid Party Vote,0.0,9.0,7.0,1,71.0,2.0
DE2,DE,2.6666666666666665,Ineligible / Not Applicable,,2.0,5.0,0,61.0,2.0
DEB,DE,7.666666666666667,Valid Party Vote,0.0,9.0,7.0,0,27.0,0.0
DE2,DE,6.0,Don't Know,,5.0,7.0,0,39.0,2.0
DE1,DE,6.333333333333333,Valid Party Vote,0.0,3.0,7.0,0,34.0,0.0
DE1,DE,7.333333333333333,Refuse to Say,,6.0,7.0,1,55.0,0.0
DE6,DE,7.666666666666667,Valid Party Vote,0.0,8.0,6.0,0,54.0,
DEA,DE,4.666666666666667,Valid Party Vote,0.0,2.0,5.0,0,43.0,0.0
DEF,DE,4.0,Valid Party Vote,0.0,5.0,5.0,1,79.0,0.0
DE9,DE,6.666666666666667,Valid Party Vote,0.0,3.0,5.0,1,57.0,2.0
DEA,DE,8.0,Valid Party Vote,0.0,4.0,5.0,1,66.0,0.0
DE3,DE,6.333333333333333,Ineligible / Not Applicable,,7.0,2.0,0,16.0,2.0
DE7,DE,6.666666666666667,Ineligible / Not Applicable,,9.0,7.0,1,31.0,2.0
DEA,DE,2.6666666666666665,Valid Party Vote,0.0,7.0,3.0,1,66.0,0.0
DE4,DE,5.666666666666667,Don't Know,,6.0,5.0,1,44.0,0.0
DE2,DE,2.0,Don't Know,,4.0,3.0,0,73.0,2.0
DE1,DE,5.333333333333333,Valid Party Vote,0.0,5.0,3.0,0,40.0,0.0
DE3,DE,4.0,Valid Party Vote,0.0,10.0,6.0,1,60.0,2.0
DE1,DE,0.3333333333333333,Refuse to Say,,3.0,3.0,0,38.0,0.0
DEG,DE,2.6666666666666665,Ineligible / Not Applicable,,3.0,3.0,0,83.0,0.0
DE2,DE,4.666666666666667,Valid Party Vote,0.0,5.0,5.0,0,53.0,2.0
DEA,DE,5.666666666666667,Ineligible / Not Applicable,,5.0,5.0,0,34.0,0.0
DED,DE,7.333333333333333,Valid Party Vote,0.0,5.0,7.0,1,27.0,0.0
DEA,DE,6.666666666666667,Ineligible / Not Applicable,,9.0,1.0,1,16.0,0.0
DE2,DE,6.666666666666667,Valid Party Vote,0.0,5.0,3.0,1,72.0,2.0
DE1,DE,4.333333333333333,Ineligible / Not Applicable,,5.0,2.0,0,18.0,0.0
DEC,DE,6.333333333333333,Valid Party Vote,0.0,5.0,3.0,1,65.0,
DEE,DE,5.0,Valid Party Vote,0.0,5.0,5.0,0,64.0,0.0
DEA,DE,4.666666666666667,Valid Party Vote,0.0,5.0,3.0,0,84.0,0.0
DE2,DE,1.0,Valid Party Vote,1.0,0.0,5.0,1,56.0,2.0
DE2,DE,2.3333333333333335,Valid Party Vote,0.0,2.0,7.0,1,45.0,2.0
DE2,DE,2.6666666666666665,Ineligible / Not Applicable,,2.0,3.0,0,87.0,2.0
DEF,DE,5.333333333333333,Valid Party Vote,0.0,6.0,5.0,0,42.0,0.0
DE2,DE,6.333333333333333,Valid Party Vote,0.0,5.0,3.0,0,34.0,2.0
DE1,DE,2.0,Valid Party Vote,0.0,5.0,3.0,1,71.0,0.0
DEB,DE,6.333333333333333,Ineligible / Not Applicable,,6.0,4.0,0,19.0,0.0
DEE,DE,0.6666666666666666,Valid Party Vote,0.0,1.0,5.0,0,76.0,0.0
DE8,DE,4.666666666666667,Valid Party Vote,0.0,5.0,3.0,1,61.0,
DEE,DE,6.0,Ineligible / Not Applicable,,6.0,7.0,0,26.0,0.0
DEF,DE,5.0,Valid Party Vote,0.0,7.0,5.0,0,51.0,0.0
DEA,DE,8.666666666666666,Valid Party Vote,0.0,,6.0,0,62.0,0.0
DE7,DE,3.6666666666666665,Ineligible / Not Applicable,,3.0,4.0,1,22.0,2.0
DE1,DE,4.333333333333333,Valid Party Vote,0.0,4.0,6.0,0,72.0,0.0
DEA,DE,5.0,Valid Party Vote,0.0,8.0,5.0,0,67.0,0.0
DEA,DE,2.0,Valid Party Vote,1.0,0.0,5.0,1,35.0,0.0
DEC,DE,5.333333333333333,Ineligible / Not Applicable,,5.0,5.0,1,24.0,
DE1,DE,5.666666666666667,Ineligible / Not Applicable,,4.0,2.0,0,17.0,0.0
DEA,DE,5.0,Don't Know,,5.0,3.0,1,56.0,0.0
DEA,DE,2.3333333333333335,Ineligible / Not Applicable,,2.0,1.0,1,35.0,0.0
DEF,DE,6.333333333333333,Ineligible / Not Applicable,,7.0,4.0,1,16.0,0.0
DE1,DE,7.0,Valid Party Vote,0.0,7.0,7.0,0,66.0,0.0
DE9,DE,6.666666666666667,Valid Party Vote,0.0,7.0,7.0,1,58.0,2.0
DE4,DE,4.666666666666667,Valid Party Vote,0.0,5.0,3.0,1,83.0,0.0
DE8,DE,5.333333333333333,Valid Party Vote,0.0,3.0,3.0,1,63.0,
DE1,DE,7.0,Refuse to Say,,7.0,3.0,1,59.0,0.0
DEA,DE,5.333333333333333,Valid Party Vote,0.0,5.0,6.0,0,82.0,0.0
DEB,DE,3.3333333333333335,Valid Party Vote,0.0,2.0,5.0,0,54.0,0.0
DEA,DE,1.6666666666666667,Valid Party Vote,1.0,5.0,3.0,1,50.0,0.0
DEA,DE,3.6666666666666665,Valid Party Vote,0.0,5.0,5.0,1,39.0,0.0
DE7,DE,5.666666666666667,Ineligible / Not Applicable,,7.0,7.0,1,37.0,2.0
DEA,DE,1.6666666666666667,Valid Party Vote,0.0,0.0,3.0,0,73.0,0.0
DEA,DE,7.0,Valid Party Vote,0.0,7.0,3.0,0,54.0,0.0
DE1,DE,6.0,Valid Party Vote,0.0,6.0,5.0,0,76.0,0.0
DEA,DE,2.3333333333333335,Valid Party Vote,1.0,4.0,3.0,1,22.0,0.0
DEA,DE,3.6666666666666665,Ineligible / Not Applicable,,5.0,2.0,1,16.0,0.0
DEA,DE,3.6666666666666665,Valid Party Vote,0.0,2.0,3.0,0,39.0,0.0
DE2,DE,7.333333333333333,Don't Know,,,7.0,0,39.0,2.0
DE2,DE,4.333333333333333,Valid Party Vote,0.0,4.0,3.0,1,56.0,2.0
DEA,DE,5.666666666666667,Ineligible / Not Applicable,,5.0,2.0,0,20.0,0.0
DEA,DE,5.666666666666667,Valid Party Vote,0.0,5.0,5.0,0,52.0,0.0
DEA,DE,6.333333333333333,Valid Party Vote,0.0,3.0,7.0,0,42.0,0.0
DE1,DE,7.666666666666667,Ineligible / Not Applicable,,8.0,5.0,1,30.0,0.0
DE7,DE,7.333333333333333,Valid Party Vote,0.0,7.0,3.0,0,74.0,2.0
DEA,DE,8.333333333333334,Ineligible / Not Applicable,,5.0,2.0,0,18.0,0.0
DEA,DE,7.333333333333333,Valid Party Vote,0.0,3.0,5.0,1,62.0,0.0
DEE,DE,1.0,Valid Party Vote,0.0,3.0,3.0,1,82.0,0.0
DEA,DE,7.666666666666667,Valid Party Vote,0.0,6.0,5.0,0,62.0,0.0
DE2,DE,3.3333333333333335,Valid Party Vote,1.0,0.0,3.0,1,49.0,2.0
DE1,DE,9.333333333333334,Valid Party Vote,0.0,6.0,7.0,0,51.0,0.0
DEG,DE,9.333333333333334,Ineligible / Not Applicable,,,3.0,1,61.0,0.0
DE1,DE,8.333333333333334,Valid Party Vote,0.0,9.0,4.0,1,23.0,0.0
DEA,DE,1.0,Refuse to Say,,5.0,3.0,1,78.0,0.0
DEA,DE,5.333333333333333,Valid Party Vote,0.0,7.0,5.0,1,43.0,0.0
DE9,DE,7.666666666666667,Valid Party Vote,0.0,5.0,3.0,1,80.0,2.0
DEA,DE,6.0,Valid Party Vote,0.0,7.0,5.0,1,62.0,0.0
DEA,DE,8.333333333333334,Valid Party Vote,0.0,4.0,7.0,0,32.0,0.0
DE1,DE,2.0,Valid Party Vote,0.0,6.0,6.0,1,26.0,0.0
DED,DE,3.6666666666666665,Refuse to Say,,1.0,5.0,1,49.0,0.0
DEA,DE,7.333333333333333,Valid Party Vote,0.0,8.0,5.0,1,63.0,0.0
DE1,DE,1.6666666666666667,Valid Party Vote,0.0,10.0,3.0,1,79.0,0.0
DE2,DE,7.666666666666667,Valid Party Vote,0.0,5.0,6.0,0,66.0,2.0
DE7,DE,1.0,Refuse to Say,,0.0,,0,21.0,2.0
DEA,DE,6.666666666666667,Valid Party Vote,0.0,5.0,4.0,0,24.0,0.0
DEF,DE,0.0,Refuse to Say,,3.0,4.0,0,53.0,0.0
DEA,DE,3.6666666666666665,Valid Party Vote,0.0,4.0,3.0,1,70.0,0.0
DE3,DE,7.0,Ineligible / Not Applicable,,10.0,1.0,0,19.0,2.0
DED,DE,3.6666666666666665,Valid Party Vote,0.0,1.0,2.0,0,20.0,0.0
DEA,DE,3.3333333333333335,Ineligible / Not Applicable,,1.0,3.0,1,48.0,0.0
DEA,DE,6.0,Valid Party Vote,0.0,7.0,5.0,0,56.0,0.0
DE9,DE,8.0,Valid Party Vote,0.0,8.0,5.0,0,60.0,2.0
DEB,DE,6.666666666666667,Valid Party Vote,0.0,5.0,6.0,1,26.0,0.0
DEA,DE,3.6666666666666665,Refuse to Say,,5.0,3.0,0,59.0,0.0
DEA,DE,5.666666666666667,Refuse to Say,,5.0,5.0,0,44.0,0.0
DEA,DE,3.6666666666666665,Valid Party Vote,0.0,4.0,3.0,0,82.0,0.0
DE9,DE,5.0,Ineligible / Not Applicable,,5.0,2.0,1,26.0,2.0
DE1,DE,5.0,Ineligible / Not Applicable,,5.0,2.0,1,44.0,0.0
DEF,DE,7.333333333333333,Valid Party Vote,0.0,7.0,7.0,1,61.0,0.0
DE2,DE,5.0,Valid Party Vote,0.0,4.0,3.0,1,65.0,2.0
DE2,DE,8.666666666666666,Valid Party Vote,0.0,8.0,7.0,0,43.0,2.0
DEG,DE,2.6666666666666665,Ineligible / Not Applicable,,0.0,,0,20.0,0.0
DEB,DE,0.6666666666666666,Ineligible / Not Applicable,,6.0,3.0,0,24.0,0.0
DE7,DE,3.3333333333333335,Valid Party Vote,0.0,8.0,5.0,1,46.0,2.0
DE1,DE,7.333333333333333,Ineligible / Not Applicable,,9.0,7.0,0,51.0,0.0
DE4,DE,3.3333333333333335,Valid Party Vote,0.0,6.0,2.0,0,44.0,0.0
DE1,DE,7.333333333333333,Valid Party Vote,0.0,8.0,7.0,1,53.0,0.0
DE8,DE,1.6666666666666667,Valid Party Vote,0.0,3.0,3.0,1,63.0,
DEA,DE,5.333333333333333,Valid Party Vote,0.0,5.0,3.0,0,47.0,0.0
DE1,DE,1.6666666666666667,Valid Party Vote,0.0,0.0,6.0,0,62.0,0.0
DEA,DE,7.333333333333333,Valid Party Vote,0.0,4.0,4.0,0,21.0,0.0
DEE,DE,4.0,Refuse to Say,,0.0,3.0,1,36.0,0.0
DEE,DE,6.0,Ineligible / Not Applicable,,10.0,2.0,0,20.0,0.0
DED,DE,3.6666666666666665,Refuse to Say,,5.0,5.0,1,38.0,0.0
DE1,DE,3.0,Ineligible / Not Applicable,,7.0,3.0,0,42.0,0.0
DE3,DE,7.333333333333333,Valid Party Vote,0.0,7.0,4.0,0,30.0,2.0
DEA,DE,3.6666666666666665,Valid Party Vote,0.0,5.0,3.0,1,75.0,0.0
DE2,DE,5.666666666666667,Valid Party Vote,0.0,8.0,1.0,1,19.0,2.0
DEA,DE,7.0,Valid Party Vote,0.0,8.0,7.0,0,32.0,0.0
DEG,DE,1.0,Valid Party Vote,0.0,0.0,5.0,0,72.0,0.0
DE7,DE,4.0,Valid Party Vote,0.0,5.0,5.0,0,41.0,2.0
DE2,DE,6.666666666666667,Valid Party Vote,0.0,5.0,7.0,0,25.0,2.0
DEA,DE,1.0,Ineligible / Not Applicable,,0.0,3.0,1,76.0,0.0
DE3,DE,4.666666666666667,Valid Party Vote,0.0,5.0,6.0,0,41.0,2.0
DE2,DE,5.0,Ineligible / Not Applicable,,6.0,2.0,0,16.0,2.0
DEA,DE,2.3333333333333335,Valid Party Vote,0.0,,5.0,0,59.0,0.0
DE1,DE,5.0,Ineligible / Not Applicable,,5.0,5.0,1,27.0,0.0
DEA,DE,5.666666666666667,Ineligible / Not Applicable,,5.0,6.0,0,25.0,0.0
DED,DE,0.6666666666666666,Valid Party Vote,0.0,1.0,5.0,0,80.0,0.0
DE4,DE,5.0,Valid Party Vote,0.0,7.0,5.0,1,46.0,0.0
DEA,DE,5.0,Valid Party Vote,0.0,5.0,5.0,1,80.0,0.0
DEE,DE,5.666666666666667,Refuse to Say,,2.0,7.0,0,82.0,0.0
DEA,DE,4.333333333333333,Valid Party Vote,0.0,6.0,3.0,1,38.0,0.0
DEA,DE,1.0,Ineligible / Not Applicable,,0.0,2.0,1,51.0,0.0
DE1,DE,6.333333333333333,Valid Party Vote,0.0,5.0,6.0,0,29.0,0.0
DE1,DE,7.333333333333333,Valid Party Vote,0.0,6.0,4.0,1,65.0,0.0
DE2,DE,4.0,Ineligible / Not Applicable,,8.0,3.0,0,55.0,2.0
DED,DE,7.333333333333333,Valid Party Vote,0.0,6.0,3.0,1,52.0,0.0
DEF,DE,8.333333333333334,Valid Party Vote,0.0,7.0,7.0,0,33.0,0.0
DED,DE,9.0,Valid Party Vote,0.0,10.0,5.0,1,48.0,0.0
DE2,DE,6.333333333333333,Valid Party Vote,0.0,5.0,5.0,1,62.0,2.0
DE9,DE,3.0,Refuse to Say,,6.0,5.0,0,88.0,2.0
DE1,DE,6.666666666666667,Valid Party Vote,0.0,4.0,3.0,1,42.0,0.0
DE2,DE,5.0,Valid Party Vote,0.0,5.0,3.0,0,68.0,2.0
DE9,DE,5.0,Valid Party Vote,0.0,3.0,5.0,1,62.0,2.0
DE2,DE,8.0,Ineligible / Not Applicable,,7.0,5.0,0,54.0,2.0
DEE,DE,4.0,Valid Party Vote,0.0,7.0,5.0,1,32.0,0.0
DEB,DE,4.0,Valid Party Vote,0.0,6.0,3.0,1,40.0,0.0
DE7,DE,7.5,Ineligible / Not Applicable,,5.0,2.0,1,20.0,2.0
DEA,DE,5.0,Ineligible / Not Applicable,,10.0,3.0,0,47.0,0.0
DEA,DE,5.666666666666667,Valid Party Vote,0.0,8.0,7.0,1,52.0,0.0
DEF,DE,1.6666666666666667,Don't Know,,3.0,3.0,0,57.0,0.0
DE7,DE,4.666666666666667,Valid Party Vote,0.0,5.0,3.0,0,47.0,2.0
DE1,DE,7.666666666666667,Valid Party Vote,0.0,6.0,3.0,0,82.0,0.0
DEA,DE,6.0,Valid Party Vote,0.0,8.0,3.0,1,51.0,0.0
DE4,DE,6.333333333333333,Valid Party Vote,0.0,7.0,7.0,0,80.0,0.0
DEA,DE,5.0,Valid Party Vote,0.0,5.0,5.0,0,82.0,0.0
DE9,DE,3.6666666666666665,Valid Party Vote,0.0,5.0,5.0,0,48.0,2.0
DE2,DE,5.666666666666667,Ineligible / Not Applicable,,5.0,2.0,0,16.0,2.0
DE1,DE,5.666666666666667,Valid Party Vote,0.0,5.0,5.0,0,47.0,0.0
DED,DE,3.6666666666666665,Valid Party Vote,1.0,3.0,3.0,0,52.0,0.0
DE2,DE,5.666666666666667,Valid Party Vote,0.0,5.0,5.0,1,85.0,2.0
DEA,DE,5.333333333333333,Valid Party Vote,0.0,7.0,3.0,0,36.0,0.0
DE7,DE,3.3333333333333335,Valid Party Vote,0.0,9.0,6.0,1,51.0,2.0
DEF,DE,3.0,Refuse to Say,,5.0,3.0,0,46.0,0.0
DE9,DE,8.333333333333334,Valid Party Vote,0.0,4.0,4.0,0,21.0,2.0
DEA,DE,1.3333333333333333,Ineligible / Not Applicable,,5.0,5.0,1,30.0,0.0
DEB,DE,7.0,Valid Party Vote,0.0,6.0,6.0,1,58.0,0.0
DEA,DE,5.666666666666667,Valid Party Vote,0.0,5.0,7.0,0,82.0,0.0
DEA,DE,2.3333333333333335,Valid Party Vote,0.0,3.0,2.0,1,90.0,0.0
DE7,DE,5.0,Refuse to Say,,5.0,7.0,1,33.0,2.0
DE3,DE,3.3333333333333335,Valid Party Vote,1.0,4.0,7.0,0,70.0,2.0
DEA,DE,8.333333333333334,Ineligible / Not Applicable,,7.0,5.0,0,77.0,0.0
DE2,DE,6.666666666666667,Valid Party Vote,0.0,6.0,2.0,1,82.0,2.0
DE2,DE,8.0,Valid Party Vote,0.0,7.0,3.0,1,50.0,2.0
DED,DE,7.333333333333333,Valid Party Vote,0.0,5.0,7.0,0,41.0,0.0
DE1,DE,6.0,Valid Party Vote,0.0,8.0,3.0,0,59.0,0.0
DEA,DE,7.0,Valid Party Vote,0.0,7.0,7.0,1,60.0,0.0
DE1,DE,4.0,Ineligible / Not Applicable,,5.0,7.0,0,53.0,0.0
DED,DE,6.0,Valid Party Vote,0.0,7.0,4.0,0,22.0,0.0
DE1,DE,7.666666666666667,Valid Party Vote,0.0,5.0,5.0,0,79.0,0.0
DEG,DE,2.0,Valid Party Vote,0.0,3.0,7.0,0,78.0,0.0
DE1,DE,5.666666666666667,Valid Party Vote,0.0,8.0,7.0,1,70.0,0.0
DEC,DE,3.3333333333333335,Valid Party Vote,0.0,9.0,5.0,1,58.0,
DEB,DE,4.333333333333333,Valid Party Vote,0.0,5.0,6.0,0,32.0,0.0
DE7,DE,6.666666666666667,Valid Party Vote,0.0,5.0,5.0,1,90.0,2.0
DED,DE,7.0,Valid Party Vote,0.0,6.0,5.0,1,75.0,0.0
DE6,DE,8.333333333333334,Valid Party Vote,0.0,6.0,6.0,0,26.0,
DEA,DE,1.0,Don't Know,,1.0,3.0,1,62.0,0.0
DEA,DE,2.3333333333333335,Ineligible / Not Applicable,,4.0,6.0,1,24.0,0.0
DE9,DE,3.6666666666666665,Valid Party Vote,0.0,5.0,4.0,0,42.0,2.0
DE1,DE,3.6666666666666665,Don't Know,,4.0,3.0,0,25.0,0.0
DED,DE,7.0,Valid Party Vote,0.0,4.0,5.0,0,38.0,0.0
DE9,DE,4.0,Valid Party Vote,0.0,3.0,5.0,0,50.0,2.0
DE4,DE,7.0,Valid Party Vote,0.0,9.0,5.0,0,37.0,0.0
DE7,DE,6.666666666666667,Valid Party Vote,0.0,7.0,7.0,0,31.0,2.0
DEA,DE,3.0,Valid Party Vote,0.0,6.0,3.0,1,80.0,0.0
DE1,DE,7.0,Valid Party Vote,0.0,3.0,7.0,1,38.0,0.0
DE2,DE,6.0,Refuse to Say,,5.0,3.0,0,51.0,2.0
DEE,DE,4.0,Valid Party Vote,0.0,5.0,5.0,1,41.0,0.0
DE9,DE,6.0,Valid Party Vote,0.0,4.0,5.0,1,69.0,2.0
DE1,DE,1.6666666666666667,Ineligible / Not Applicable,,0.0,3.0,0,57.0,0.0
DE7,DE,6.333333333333333,Valid Party Vote,0.0,8.0,7.0,0,70.0,2.0
DE1,DE,3.6666666666666665,Ineligible / Not Applicable,,4.0,7.0,1,44.0,0.0
DE2,DE,4.666666666666667,Valid Party Vote,0.0,4.0,5.0,0,35.0,2.0
DE1,DE,6.0,Valid Party Vote,0.0,7.0,3.0,0,49.0,0.0
DE2,DE,7.333333333333333,Valid Party Vote,0.0,7.0,4.0,0,20.0,2.0
DE1,DE,7.333333333333333,Valid Party Vote,0.0,7.0,3.0,1,60.0,0.0
DE1,DE,6.0,Don't Know,,5.0,4.0,1,21.0,0.0
DEB,DE,6.666666666666667,Valid Party Vote,0.0,6.0,7.0,0,37.0,0.0
DE2,DE,3.3333333333333335,Valid Party Vote,0.0,9.0,3.0,0,66.0,2.0
DEA,DE,7.0,Valid Party Vote,0.0,5.0,3.0,0,61.0,0.0
DE3,DE,4.333333333333333,Valid Party Vote,0.0,3.0,3.0,1,82.0,2.0
DE2,DE,6.666666666666667,Valid Party Vote,0.0,4.0,2.0,0,20.0,2.0
DE1,DE,0.0,Refuse to Say,,0.0,3.0,0,54.0,0.0
DEA,DE,4.666666666666667,Valid Party Vote,0.0,7.0,5.0,1,57.0,0.0
DE2,DE,4.666666666666667,Refuse to Say,,5.0,5.0,1,66.0,2.0
DE4,DE,6.333333333333333,Valid Party Vote,0.0,6.0,5.0,1,53.0,0.0
DE9,DE,3.3333333333333335,Valid Party Vote,0.0,7.0,3.0,0,56.0,2.0
DE1,DE,4.333333333333333,Valid Party Vote,0.0,5.0,5.0,1,26.0,0.0
DEG,DE,6.666666666666667,Refuse to Say,,8.0,3.0,0,46.0,0.0
DE4,DE,5.333333333333333,Valid Party Vote,0.0,7.0,5.0,1,40.0,0.0
DEA,DE,4.0,Valid Party Vote,0.0,7.0,5.0,1,54.0,0.0
DE2,DE,7.333333333333333,Ineligible / Not Applicable,,6.0,4.0,0,18.0,2.0
DEA,DE,1.6666666666666667,Ineligible / Not Applicable,,3.0,5.0,0,81.0,0.0
DE2,DE,5.0,Ineligible / Not Applicable,,8.0,7.0,1,41.0,2.0
DE3,DE,2.0,Valid Party Vote,0.0,1.0,5.0,0,58.0,2.0
DE1,DE,3.0,Ineligible / Not Applicable,,6.0,2.0,0,45.0,0.0
DEA,DE,3.3333333333333335,Valid Party Vote,0.0,3.0,7.0,0,41.0,0.0
DEA,DE,5.0,Ineligible / Not Applicable,,5.0,2.0,1,17.0,0.0
DE4,DE,7.333333333333333,Valid Party Vote,0.0,8.0,6.0,1,25.0,0.0
DE7,DE,7.666666666666667,Valid Party Vote,0.0,6.0,7.0,0,29.0,2.0
DE2,DE,4.0,Valid Party Vote,0.0,5.0,5.0,0,69.0,2.0
DE4,DE,3.0,Ineligible / Not Applicable,,4.0,2.0,0,42.0,0.0
DE9,DE,5.0,Valid Party Vote,0.0,4.0,5.0,0,58.0,2.0
DEA,DE,7.666666666666667,Valid Party Vote,0.0,7.0,7.0,1,40.0,0.0
DE2,DE,1.6666666666666667,Refuse to Say,,5.0,5.0,0,21.0,2.0
DE1,DE,4.666666666666667,Ineligible / Not Applicable,,6.0,2.0,1,35.0,0.0
DE2,DE,2.0,Valid Party Vote,0.0,1.0,3.0,1,68.0,2.0
DEA,DE,2.6666666666666665,Ineligible / Not Applicable,,5.0,2.0,0,32.0,0.0
DEA,DE,8.333333333333334,Ineligible / Not Applicable,,,2.0,0,39.0,0.0
DE2,DE,4.666666666666667,Ineligible / Not Applicable,,7.0,7.0,1,71.0,2.0
DEF,DE,5.666666666666667,Valid Party Vote,0.0,7.0,7.0,1,53.0,0.0
DE3,DE,4.0,Refuse to Say,,10.0,7.0,1,76.0,2.0
DEF,DE,7.0,Valid Party Vote,0.0,2.0,2.0,1,47.0,0.0
DEE,DE,4.666666666666667,Refuse to Say,,4.0,3.0,0,74.0,0.0
DE7,DE,1.3333333333333333,Refuse to Say,,2.0,3.0,1,67.0,2.0
DEA,DE,5.666666666666667,Don't Know,,4.0,3.0,1,37.0,0.0
DEA,DE,3.6666666666666665,Valid Party Vote,0.0,4.0,3.0,1,67.0,0.0
DE2,DE,6.666666666666667,Valid Party Vote,0.0,5.0,3.0,0,38.0,2.0
DE4,DE,4.0,Ineligible / Not Applicable,,3.0,3.0,0,69.0,0.0
DEA,DE,7.0,Valid Party Vote,0.0,7.0,7.0,1,38.0,0.0
DE7,DE,5.666666666666667,Valid Party Vote,0.0,1.0,5.0,0,31.0,2.0
DEA,DE,8.0,Ineligible / Not Applicable,,5.0,6.0,1,74.0,0.0
DE1,DE,6.666666666666667,Refuse to Say,,7.0,7.0,1,45.0,0.0
DED,DE,3.0,Valid Party Vote,0.0,1.0,3.0,0,65.0,0.0
DEG,DE,6.333333333333333,Valid Party Vote,0.0,3.0,5.0,0,25.0,0.0
DE8,DE,4.333333333333333,Valid Party Vote,0.0,5.0,5.0,1,71.0,
DEC,DE,3.0,Valid Party Vote,0.0,5.0,3.0,1,77.0,
DE2,DE,4.333333333333333,Valid Party Vote,0.0,2.0,3.0,1,53.0,2.0
DEA,DE,2.3333333333333335,Ineligible / Not Applicable,,0.0,2.0,0,78.0,0.0
DE9,DE,6.666666666666667,Valid Party Vote,0.0,5.0,3.0,0,72.0,2.0
DEA,DE,6.333333333333333,Valid Party Vote,0.0,4.0,3.0,1,72.0,0.0
DE2,DE,5.0,Valid Party Vote,0.0,8.0,5.0,1,24.0,2.0
DE6,DE,1.6666666666666667,Valid Party Vote,0.0,3.0,3.0,1,58.0,
DE7,DE,8.0,Valid Party Vote,0.0,8.0,6.0,0,50.0,2.0
DE7,DE,6.666666666666667,Valid Party Vote,0.0,4.0,3.0,1,83.0,2.0
DED,DE,7.666666666666667,Valid Party Vote,0.0,6.0,7.0,0,33.0,0.0
DEF,DE,5.0,Valid Party Vote,0.0,4.0,7.0,0,65.0,0.0
DE7,DE,8.333333333333334,Ineligible / Not Applicable,,5.0,3.0,1,78.0,2.0
DEB,DE,4.666666666666667,Valid Party Vote,0.0,5.0,3.0,1,51.0,0.0
DE2,DE,3.0,Valid Party Vote,0.0,6.0,3.0,0,29.0,2.0
DEC,DE,0.0,Valid Party Vote,0.0,0.0,2.0,0,87.0,
DEC,DE,2.6666666666666665,Valid Party Vote,0.0,5.0,3.0,1,64.0,
DE2,DE,8.0,Valid Party Vote,0.0,10.0,5.0,1,23.0,2.0
DE4,DE,1.6666666666666667,Valid Party Vote,0.0,6.0,3.0,1,59.0,0.0
DE4,DE,5.333333333333333,Valid Party Vote,0.0,2.0,3.0,1,24.0,0.0
DE2,DE,6.0,Valid Party Vote,0.0,6.0,6.0,0,33.0,2.0
DE7,DE,6.0,Valid Party Vote,0.0,6.0,7.0,1,46.0,2.0
DEA,DE,4.333333333333333,Valid Party Vote,0.0,5.0,6.0,1,33.0,0.0
DEA,DE,5.333333333333333,Valid Party Vote,0.0,7.0,5.0,1,36.0,0.0
DEB,DE,2.5,Ineligible / Not Applicable,,0.0,2.0,1,28.0,0.0
DE1,DE,2.6666666666666665,Valid Party Vote,0.0,6.0,3.0,1,35.0,0.0
DEA,DE,4.333333333333333,Ineligible / Not Applicable,,7.0,2.0,0,28.0,0.0
DE7,DE,1.3333333333333333,Valid Party Vote,1.0,2.0,5.0,0,38.0,2.0
DE9,DE,6.666666666666667,Valid Party Vote,0.0,5.0,6.0,0,52.0,2.0
DEA,DE,4.0,Ineligible / Not Applicable,,7.0,5.0,0,51.0,0.0
DE9,DE,6.333333333333333,Valid Party Vote,0.0,5.0,5.0,0,74.0,2.0
DE7,DE,6.333333333333333,Valid Party Vote,0.0,5.0,3.0,0,41.0,2.0
DE9,DE,6.666666666666667,Valid Party Vote,0.0,8.0,3.0,0,49.0,2.0
DEE,DE,1.6666666666666667,Valid Party Vote,1.0,0.0,5.0,1,37.0,0.0
DE2,DE,4.0,Don't Know,,5.0,3.0,1,74.0,2.0
DE7,DE,5.333333333333333,Valid Party Vote,0.0,5.0,3.0,1,58.0,2.0
DE2,DE,6.0,Valid Party Vote,0.0,8.0,6.0,1,36.0,2.0
DE2,DE,7.666666666666667,Valid Party Vote,0.0,6.0,5.0,1,59.0,2.0
DEA,DE,2.6666666666666665,Ineligible / Not Applicable,,2.0,5.0,1,27.0,0.0
DE1,DE,4.0,Refuse to Say,,,3.0,1,90.0,0.0
DE1,DE,4.0,Valid Party Vote,0.0,2.0,5.0,0,40.0,0.0
DE7,DE,4.0,Ineligible / Not Applicable,,5.0,3.0,0,59.0,2.0
DE1,DE,4.666666666666667,Refuse to Say,,3.0,3.0,1,59.0,0.0
DEA,DE,4.333333333333333,Ineligible / Not Applicable,,5.0,7.0,1,68.0,0.0
DE2,DE,7.333333333333333,Valid Party Vote,0.0,8.0,3.0,1,47.0,2.0
DED,DE,2.0,Valid Party Vote,0.0,6.0,7.0,1,83.0,0.0
DE2,DE,5.666666666666667,Valid Party Vote,0.0,5.0,3.0,1,83.0,2.0
DE8,DE,0.0,Valid Party Vote,1.0,0.0,3.0,1,55.0,
DE2,DE,6.0,Refuse to Say,,2.0,3.0,1,55.0,2.0
DE9,DE,6.666666666666667,Valid Party Vote,1.0,2.0,7.0,0,49.0,2.0
DE2,DE,7.666666666666667,Valid Party Vote,0.0,7.0,5.0,0,54.0,2.0
DEA,DE,5.333333333333333,Valid Party Vote,0.0,3.0,7.0,0,53.0,0.0
DEA,DE,5.333333333333333,Valid Party Vote,0.0,5.0,5.0,1,38.0,0.0
DEA,DE,8.333333333333334,Valid Party Vote,0.0,6.0,6.0,0,69.0,0.0
DED,DE,2.0,Valid Party Vote,0.0,3.0,7.0,0,70.0,0.0
DEA,DE,2.0,Ineligible / Not Applicable,,3.0,3.0,1,39.0,0.0
DEF,DE,7.0,Valid Party Vote,0.0,9.0,3.0,1,68.0,0.0
DEA,DE,3.0,Valid Party Vote,1.0,0.0,3.0,0,24.0,0.0
DE1,DE,6.666666666666667,Valid Party Vote,0.0,5.0,3.0,1,66.0,0.0
DEA,DE,5.666666666666667,Valid Party Vote,0.0,5.0,3.0,0,64.0,0.0
DE4,DE,4.666666666666667,Valid Party Vote,0.0,1.0,5.0,0,68.0,0.0
DEA,DE,5.333333333333333,Valid Party Vote,0.0,7.0,5.0,0,24.0,0.0
DE6,DE,6.333333333333333,Valid Party Vote,0.0,5.0,5.0,0,30.0,
DE3,DE,8.666666666666666,Valid Party Vote,0.0,8.0,7.0,0,81.0,2.0
DEA,DE,5.0,Valid Party Vote,0.0,4.0,3.0,0,53.0,0.0
DEA,DE,5.333333333333333,Valid Party Vote,0.0,6.0,3.0,1,65.0,0.0
DEA,DE,4.333333333333333,Don't Know,,4.0,7.0,0,62.0,0.0
DE1,DE,7.333333333333333,Valid Party Vote,0.0,8.0,7.0,0,46.0,0.0
DE2,DE,2.6666666666666665,Valid Party Vote,0.0,1.0,5.0,0,65.0,2.0
DEB,DE,9.0,Don't Know,,10.0,6.0,1,32.0,0.0
DEE,DE,5.0,Don't Know,,1.0,1.0,1,81.0,0.0
DEG,DE,1.0,Ineligible / Not Applicable,,2.0,2.0,1,82.0,0.0
DED,DE,4.666666666666667,Don't Know,,5.0,7.0,0,74.0,0.0
DEG,DE,0.6666666666666666,Valid Party Vote,0.0,2.0,3.0,0,75.0,0.0
DEA,DE,7.0,Valid Party Vote,0.0,8.0,6.0,0,65.0,0.0
DE1,DE,4.666666666666667,Valid Party Vote,0.0,3.0,3.0,0,66.0,0.0
DE2,DE,4.0,Valid Party Vote,0.0,4.0,4.0,0,23.0,2.0
DE9,DE,10.0,Valid Party Vote,0.0,10.0,5.0,0,56.0,2.0
DE7,DE,6.666666666666667,Valid Party Vote,0.0,8.0,7.0,0,77.0,2.0
DEB,DE,4.0,Ineligible / Not Applicable,,5.0,2.0,1,17.0,0.0
DE3,DE,4.333333333333333,Refuse to Say,,10.0,6.0,0,42.0,2.0
DE3,DE,6.0,Valid Party Vote,0.0,5.0,6.0,0,33.0,2.0
DE9,DE,5.333333333333333,Ineligible / Not Applicable,,8.0,1.0,1,37.0,2.0
DE7,DE,6.666666666666667,Ineligible / Not Applicable,,6.0,2.0,0,23.0,2.0
DE7,DE,4.333333333333333,Valid Party Vote,1.0,5.0,3.0,0,45.0,2.0
DED,DE,5.666666666666667,Valid Party Vote,0.0,7.0,5.0,1,67.0,0.0
DE1,DE,5.666666666666667,Don't Know,,2.0,5.0,1,55.0,0.0
DE2,DE,1.0,Ineligible / Not Applicable,,6.0,3.0,0,50.0,2.0
DEA,DE,5.333333333333333,Valid Party Vote,0.0,4.0,6.0,0,53.0,0.0
DE2,DE,5.0,Valid Party Vote,0.0,7.0,3.0,1,57.0,2.0
DEB,DE,6.666666666666667,Valid Party Vote,0.0,7.0,7.0,1,41.0,0.0
DEA,DE,3.6666666666666665,Valid Party Vote,1.0,5.0,3.0,0,67.0,0.0
DEA,DE,8.333333333333334,Don't Know,,8.0,6.0,0,32.0,0.0
DE7,DE,2.6666666666666665,Don't Know,,3.0,3.0,1,51.0,2.0
DED,DE,4.0,Refuse to Say,,10.0,7.0,0,40.0,0.0
DE2,DE,7.0,Don't Know,,8.0,7.0,1,71.0,2.0
DE7,DE,0.0,Valid Party Vote,0.0,2.0,5.0,1,63.0,2.0
DE1,DE,7.0,Valid Party Vote,0.0,5.0,7.0,0,30.0,0.0
DE7,DE,5.666666666666667,Valid Party Vote,0.0,4.0,3.0,1,78.0,2.0
DEA,DE,8.666666666666666,Valid Party Vote,0.0,5.0,5.0,1,46.0,0.0
DE1,DE,6.333333333333333,Valid Party Vote,0.0,5.0,3.0,1,49.0,0.0
DEA,DE,2.3333333333333335,Ineligible / Not Applicable,,6.0,1.0,0,70.0,0.0
DE1,DE,6.666666666666667,Ineligible / Not Applicable,,8.0,7.0,0,37.0,0.0
DE7,DE,4.666666666666667,Valid Party Vote,0.0,7.0,5.0,0,36.0,2.0
DE2,DE,7.333333333333333,Ineligible / Not Applicable,,10.0,3.0,1,67.0,2.0
DED,DE,7.0,Valid Party Vote,0.0,6.0,7.0,0,90.0,0.0
DEA,DE,6.0,Valid Party Vote,1.0,5.0,5.0,0,44.0,0.0
DE9,DE,8.333333333333334,Ineligible / Not Applicable,,5.0,2.0,0,17.0,2.0
DE3,DE,6.333333333333333,Valid Party Vote,0.0,7.0,7.0,1,53.0,2.0
DEA,DE,3.6666666666666665,Valid Party Vote,0.0,5.0,6.0,1,62.0,0.0
DE9,DE,5.666666666666667,Valid Party Vote,0.0,7.0,3.0,0,59.0,2.0
DEC,DE,5.0,Valid Party Vote,0.0,3.0,4.0,1,25.0,
DEB,DE,1.3333333333333333,Ineligible / Not Applicable,,1.0,5.0,0,57.0,0.0
DEA,DE,8.333333333333334,Valid Party Vote,0.0,7.0,3.0,0,67.0,0.0
DE9,DE,7.333333333333333,Valid Party Vote,0.0,0.0,3.0,1,73.0,2.0
DE1,DE,6.0,Valid Party Vote,0.0,5.0,3.0,1,47.0,0.0
DEA,DE,4.333333333333333,Valid Party Vote,0.0,10.0,5.0,0,22.0,0.0
DE1,DE,7.333333333333333,Valid Party Vote,0.0,5.0,5.0,1,70.0,0.0
DE9,DE,2.3333333333333335,Don't Know,,4.0,3.0,1,70.0,2.0
DEA,DE,2.6666666666666665,Valid Party Vote,0.0,3.0,7.0,1,60.0,0.0
DE2,DE,6.666666666666667,Valid Party Vote,0.0,7.0,5.0,1,30.0,2.0
DEA,DE,1.0,Valid Party Vote,0.0,6.0,3.0,0,60.0,0.0
DEA,DE,5.0,Ineligible / Not Applicable,,5.0,3.0,1,66.0,0.0
DE7,DE,5.0,Valid Party Vote,0.0,8.0,7.0,1,67.0,2.0
DEA,DE,5.333333333333333,Valid Party Vote,0.0,6.0,3.0,0,54.0,0.0
DE4,DE,4.666666666666667,Valid Party Vote,0.0,1.0,6.0,0,27.0,0.0
DEA,DE,4.666666666666667,Ineligible / Not Applicable,,2.0,2.0,1,42.0,0.0
DEB,DE,1.0,Refuse to Say,,3.0,,1,61.0,0.0
DEE,DE,4.5,Refuse to Say,,3.0,5.0,1,69.0,0.0
DE3,DE,8.666666666666666,Valid Party Vote,0.0,9.0,7.0,0,29.0,2.0
DEA,DE,7.666666666666667,Valid Party Vote,0.0,6.0,2.0,1,85.0,0.0
DE2,DE,2.3333333333333335,Valid Party Vote,0.0,0.0,3.0,0,76.0,2.0
DE2,DE,7.333333333333333,Valid Party Vote,0.0,8.0,7.0,0,58.0,2.0
DE2,DE,4.333333333333333,Valid Party Vote,0.0,5.0,5.0,1,54.0,2.0
DE1,DE,5.333333333333333,Valid Party Vote,0.0,10.0,5.0,0,28.0,0.0
DE7,DE,7.0,Valid Party Vote,1.0,1.0,3.0,1,43.0,2.0
DE1,DE,4.0,Ineligible / Not Applicable,,2.0,3.0,1,57.0,0.0
DEA,DE,4.0,Valid Party Vote,0.0,2.0,2.0,1,65.0,0.0
DE2,DE,1.6666666666666667,Valid Party Vote,0.0,1.0,5.0,0,82.0,2.0
DEA,DE,6.666666666666667,Valid Party Vote,0.0,2.0,3.0,0,74.0,0.0
DEA,DE,3.0,Valid Party Vote,1.0,5.0,3.0,0,58.0,0.0
DE8,DE,1.6666666666666667,Valid Party Vote,0.0,3.0,5.0,1,59.0,
DEA,DE,9.0,Ineligible / Not Applicable,,6.0,1.0,1,16.0,0.0
DE1,DE,4.333333333333333,Don't Know,,5.0,5.0,1,65.0,0.0
DE2,DE,4.666666666666667,Don't Know,,6.0,4.0,1,23.0,2.0
DE2,DE,6.333333333333333,Valid Party Vote,0.0,2.0,2.0,1,22.0,2.0
DED,DE,4.666666666666667,Valid Party Vote,0.0,5.0,4.0,0,22.0,0.0
DED,DE,2.0,Refuse to Say,,0.0,7.0,0,72.0,0.0
DE1,DE,5.0,Valid Party Vote,0.0,5.0,7.0,0,44.0,0.0
DE9,DE,8.333333333333334,Valid Party Vote,0.0,8.0,5.0,0,56.0,2.0
DEA,DE,4.0,Valid Party Vote,0.0,,5.0,1,47.0,0.0
DEA,DE,6.0,Ineligible / Not Applicable,,7.0,2.0,1,15.0,0.0
DE2,DE,4.666666666666667,Valid Party Vote,0.0,4.0,5.0,0,87.0,2.0
DE3,DE,1.6666666666666667,Valid Party Vote,0.0,5.0,3.0,1,60.0,2.0
DEA,DE,3.0,Valid Party Vote,0.0,5.0,3.0,1,36.0,0.0
DE9,DE,4.333333333333333,Valid Party Vote,0.0,5.0,3.0,1,51.0,2.0
DE9,DE,5.0,Ineligible / Not Applicable,,5.0,5.0,0,55.0,2.0
DE2,DE,0.0,Ineligible / Not Applicable,,1.0,3.0,0,59.0,2.0
DE9,DE,6.0,Don't Know,,6.0,5.0,1,44.0,2.0
DE1,DE,2.6666666666666665,Ineligible / Not Applicable,,5.0,3.0,1,64.0,0.0
DEF,DE,1.3333333333333333,Don't Know,,0.0,3.0,1,61.0,0.0
DEA,DE,5.0,Valid Party Vote,1.0,5.0,2.0,1,76.0,0.0
DE9,DE,5.333333333333333,Valid Party Vote,0.0,5.0,7.0,0,65.0,2.0
DEB,DE,5.333333333333333,Valid Party Vote,0.0,3.0,5.0,0,32.0,0.0
DED,DE,4.333333333333333,Valid Party Vote,0.0,5.0,7.0,0,75.0,0.0
DE4,DE,7.666666666666667,Ineligible / Not Applicable,,5.0,7.0,1,28.0,0.0
DED,DE,2.6666666666666665,Valid Party Vote,0.0,3.0,3.0,0,68.0,0.0
DEF,DE,7.333333333333333,Valid Party Vote,0.0,3.0,5.0,1,53.0,0.0
DE2,DE,2.3333333333333335,Ineligible / Not Applicable,,4.0,7.0,1,79.0,2.0
DEA,DE,3.6666666666666665,Valid Party Vote,0.0,2.0,5.0,0,40.0,0.0
DE2,DE,7.666666666666667,Valid Party Vote,0.0,7.0,3.0,1,77.0,2.0
DE8,DE,8.333333333333334,Valid Party Vote,0.0,5.0,6.0,0,25.0,
DEF,DE,3.3333333333333335,Valid Party Vote,0.0,5.0,3.0,1,61.0,0.0
DE1,DE,4.333333333333333,Refuse to Say,,6.0,3.0,1,57.0,0.0
DE9,DE,8.333333333333334,Valid Party Vote,0.0,8.0,7.0,0,76.0,2.0
DE9,DE,7.333333333333333,Valid Party Vote,0.0,6.0,5.0,0,80.0,2.0
DE3,DE,8.333333333333334,Ineligible / Not Applicable,,8.0,7.0,0,29.0,2.0
DE6,DE,6.333333333333333,Valid Party Vote,0.0,8.0,5.0,0,34.0,
DEA,DE,4.666666666666667,Ineligible / Not Applicable,,3.0,3.0,0,41.0,0.0
DE2,DE,7.0,Valid Party Vote,0.0,5.0,4.0,0,34.0,2.0
DE2,DE,2.6666666666666665,Don't Know,,5.0,6.0,1,33.0,2.0
DEG,DE,5.333333333333333,Valid Party Vote,0.0,5.0,5.0,1,74.0,0.0
DE1,DE,7.333333333333333,Ineligible / Not Applicable,,4.0,2.0,0,16.0,0.0
DE2,DE,4.666666666666667,Valid Party Vote,0.0,3.0,5.0,0,41.0,2.0
DE8,DE,5.0,Valid Party Vote,0.0,5.0,3.0,0,44.0,
DE7,DE,9.333333333333334,Ineligible / Not Applicable,,10.0,3.0,0,23.0,2.0
DED,DE,3.6666666666666665,Ineligible / Not Applicable,,5.0,3.0,0,48.0,0.0
DE2,DE,4.0,Valid Party Vote,0.0,4.0,7.0,1,52.0,2.0
DE4,DE,2.6666666666666665,Valid Party Vote,0.0,2.0,3.0,0,61.0,0.0
DED,DE,0.5,Don't Know,,5.0,3.0,0,83.0,0.0
DE9,DE,6.666666666666667,Valid Party Vote,0.0,5.0,3.0,0,43.0,2.0
DEA,DE,7.0,Valid Party Vote,0.0,6.0,5.0,0,38.0,0.0
DE3,DE,6.666666666666667,Valid Party Vote,0.0,8.0,7.0,1,34.0,2.0
DE1,DE,3.3333333333333335,Valid Party Vote,0.0,4.0,3.0,0,39.0,0.0
DEA,DE,7.0,Valid Party Vote,0.0,4.0,3.0,1,49.0,0.0
DE1,DE,8.666666666666666,Valid Party Vote,0.0,9.0,6.0,0,58.0,0.0
DE2,DE,6.333333333333333,Refuse to Say,,7.0,3.0,1,36.0,2.0
DEA,DE,5.666666666666667,Valid Party Vote,0.0,5.0,3.0,1,66.0,0.0
DE1,DE,4.333333333333333,Valid Party Vote,0.0,10.0,5.0,1,48.0,0.0
DE2,DE,5.666666666666667,Valid Party Vote,0.0,7.0,7.0,0,22.0,2.0
DEA,DE,9.0,Valid Party Vote,0.0,8.0,6.0,1,43.0,0.0
DEA,DE,2.6666666666666665,Valid Party Vote,0.0,5.0,7.0,1,46.0,0.0
DEF,DE,7.333333333333333,Ineligible / Not Applicable,,7.0,4.0,0,18.0,0.0
DE4,DE,2.0,Valid Party Vote,0.0,0.0,3.0,0,52.0,0.0
DEG,DE,9.0,Valid Party Vote,0.0,5.0,7.0,0,44.0,0.0
DE2,DE,3.6666666666666665,Ineligible / Not Applicable,,6.0,3.0,0,54.0,2.0
DE2,DE,5.666666666666667,Valid Party Vote,0.0,5.0,5.0,1,39.0,2.0
DE1,DE,5.333333333333333,Valid Party Vote,0.0,6.0,3.0,0,73.0,0.0
DED,DE,5.0,Valid Party Vote,1.0,4.0,3.0,0,51.0,0.0
DEB,DE,5.666666666666667,Valid Party Vote,0.0,4.0,3.0,0,69.0,0.0
DE7,DE,6.333333333333333,Ineligible / Not Applicable,,,2.0,0,18.0,2.0
DE2,DE,5.0,Valid Party Vote,0.0,4.0,3.0,0,83.0,2.0
DE9,DE,4.333333333333333,Valid Party Vote,0.0,4.0,3.0,1,48.0,2.0
DE2,DE,3.6666666666666665,Valid Party Vote,0.0,5.0,3.0,1,50.0,2.0
DEF,DE,6.0,Valid Party Vote,0.0,7.0,5.0,1,51.0,0.0
DEA,DE,3.0,Valid Party Vote,0.0,4.0,3.0,0,60.0,0.0
DE9,DE,3.3333333333333335,Ineligible / Not Applicable,,5.0,2.0,1,16.0,2.0
DED,DE,3.6666666666666665,Valid Party Vote,1.0,3.0,3.0,0,82.0,0.0
DE2,DE,3.0,Valid Party Vote,0.0,5.0,5.0,1,40.0,2.0
DEE,DE,2.3333333333333335,Valid Party Vote,1.0,5.0,3.0,0,35.0,0.0
DE2,DE,5.333333333333333,Valid Party Vote,0.0,0.0,7.0,0,84.0,2.0
DE2,DE,4.666666666666667,Don't Know,,3.0,5.0,0,80.0,2.0
DE2,DE,8.0,Ineligible / Not Applicable,,7.0,2.0,0,16.0,2.0
DEA,DE,4.0,Valid Party Vote,0.0,5.0,5.0,0,43.0,0.0
DE6,DE,6.0,Valid Party Vote,0.0,5.0,3.0,1,46.0,
DE3,DE,3.0,Ineligible / Not Applicable,,5.0,4.0,1,29.0,2.0
DE1,DE,3.6666666666666665,Ineligible / Not Applicable,,3.0,5.0,1,30.0,0.0
DEA,DE,7.0,Ineligible / Not Applicable,,5.0,4.0,0,19.0,0.0
DE9,DE,0.0,Valid Party Vote,0.0,5.0,3.0,1,40.0,2.0
DE4,DE,2.0,Valid Party Vote,0.0,3.0,5.0,1,90.0,0.0
DEA,DE,4.0,Valid Party Vote,1.0,5.0,3.0,1,45.0,0.0
DE7,DE,2.6666666666666665,Valid Party Vote,0.0,0.0,3.0,1,82.0,2.0
DE9,DE,4.0,Valid Party Vote,0.0,8.0,7.0,0,27.0,2.0
DEC,DE,2.6666666666666665,Ineligible / Not Applicable,,2.0,3.0,1,29.0,
DED,DE,2.6666666666666665,Valid Party Vote,0.0,5.0,7.0,0,85.0,0.0
DEA,DE,1.0,Ineligible / Not Applicable,,3.0,2.0,1,64.0,0.0
DE2,DE,1.3333333333333333,Valid Party Vote,0.0,4.0,3.0,1,77.0,2.0
DE2,DE,4.0,Valid Party Vote,0.0,9.0,2.0,0,64.0,2.0
DEB,DE,5.666666666666667,Valid Party Vote,0.0,7.0,7.0,0,53.0,0.0
DE7,DE,6.666666666666667,Valid Party Vote,0.0,8.0,5.0,1,40.0,2.0
DEG,DE,0.0,Valid Party Vote,0.0,0.0,4.0,1,61.0,0.0
DE7,DE,5.333333333333333,Valid Party Vote,0.0,5.0,6.0,0,64.0,2.0
DE1,DE,6.333333333333333,Valid Party Vote,0.0,8.0,5.0,0,79.0,0.0
DE1,DE,7.666666666666667,Valid Party Vote,0.0,6.0,7.0,0,36.0,0.0
DE7,DE,5.666666666666667,Ineligible / Not Applicable,,4.0,7.0,1,33.0,2.0
DE2,DE,6.0,Ineligible / Not Applicable,,3.0,2.0,1,17.0,2.0
DE2,DE,4.0,Don't Know,,2.0,3.0,1,38.0,2.0
DED,DE,2.6666666666666665,Valid Party Vote,0.0,4.0,7.0,1,58.0,0.0
DE2,DE,6.666666666666667,Valid Party Vote,0.0,9.0,6.0,1,31.0,2.0
DE7,DE,3.3333333333333335,Ineligible / Not Applicable,,8.0,7.0,0,36.0,2.0
DEB,DE,4.0,Ineligible / Not Applicable,,5.0,2.0,1,18.0,0.0
DE7,DE,8.0,Valid Party Vote,0.0,9.0,2.0,1,54.0,2.0
DE1,DE,7.666666666666667,Valid Party Vote,0.0,5.0,3.0,0,29.0,0.0
DE2,DE,6.0,Valid Party Vote,0.0,5.0,3.0,1,39.0,2.0
DE7,DE,8.333333333333334,Ineligible / Not Applicable,,6.0,7.0,1,38.0,2.0
DEA,DE,3.6666666666666665,Valid Party Vote,0.0,9.0,3.0,0,44.0,0.0
DEB,DE,5.666666666666667,Valid Party Vote,0.0,5.0,3.0,1,71.0,0.0
DE1,DE,4.666666666666667,Ineligible / Not Applicable,,7.0,7.0,1,36.0,0.0
DE4,DE,6.0,Ineligible / Not Applicable,,2.0,3.0,0,54.0,0.0
DEE,DE,0.6666666666666666,Valid Party Vote,1.0,2.0,3.0,1,35.0,0.0
DE2,DE,6.333333333333333,Valid Party Vote,0.0,5.0,3.0,1,41.0,2.0
DEA,DE,7.0,Valid Party Vote,0.0,5.0,7.0,0,56.0,0.0
DE9,DE,6.333333333333333,Valid Party Vote,0.0,5.0,3.0,0,58.0,2.0
DEG,DE,1.6666666666666667,Ineligible / Not Applicable,,4.0,3.0,0,34.0,0.0
DEA,DE,1.6666666666666667,Ineligible / Not Applicable,,0.0,3.0,1,58.0,0.0
DEB,DE,3.3333333333333335,Valid Party Vote,0.0,2.0,3.0,1,58.0,0.0
DE2,DE,3.3333333333333335,Valid Party Vote,0.0,4.0,3.0,0,80.0,2.0
DE1,DE,6.0,Valid Party Vote,0.0,5.0,7.0,0,69.0,0.0
DEC,DE,1.3333333333333333,Valid Party Vote,0.0,3.0,7.0,0,67.0,
DEA,DE,4.666666666666667,Valid Party Vote,0.0,7.0,5.0,0,55.0,0.0
DED,DE,3.3333333333333335,Ineligible / Not Applicable,,3.0,3.0,0,54.0,0.0
DE7,DE,1.6666666666666667,Ineligible / Not Applicable,,3.0,3.0,0,48.0,2.0
DEA,DE,5.333333333333333,Valid Party Vote,0.0,6.0,3.0,0,60.0,0.0
DE2,DE,6.333333333333333,Valid Party Vote,0.0,4.0,3.0,0,35.0,2.0
DED,DE,5.333333333333333,Valid Party Vote,0.0,4.0,3.0,0,46.0,0.0
DE3,DE,5.333333333333333,Valid Party Vote,0.0,7.0,6.0,1,49.0,2.0
DEG,DE,7.0,Valid Party Vote,0.0,7.0,5.0,1,51.0,0.0
DE4,DE,5.0,Valid Party Vote,0.0,3.0,5.0,0,43.0,0.0
DE7,DE,7.666666666666667,Valid Party Vote,0.0,8.0,5.0,0,33.0,2.0
DE9,DE,8.333333333333334,Valid Party Vote,0.0,8.0,3.0,0,67.0,2.0
DE2,DE,6.0,Ineligible / Not Applicable,,5.0,1.0,0,16.0,2.0
DE1,DE,4.666666666666667,Valid Party Vote,0.0,8.0,7.0,1,39.0,0.0
DEA,DE,3.6666666666666665,Valid Party Vote,0.0,5.0,5.0,0,31.0,0.0
DED,DE,7.333333333333333,Valid Party Vote,0.0,5.0,6.0,0,64.0,0.0
DEF,DE,2.3333333333333335,Refuse to Say,,5.0,3.0,1,64.0,0.0
DEA,DE,6.333333333333333,Refuse to Say,,5.0,3.0,1,71.0,0.0
DEA,DE,4.0,Valid Party Vote,0.0,5.0,6.0,1,40.0,0.0
DE3,DE,7.0,Valid Party Vote,0.0,5.0,5.0,0,56.0,2.0
DEA,DE,2.6666666666666665,Valid Party Vote,0.0,5.0,3.0,0,46.0,0.0
DE9,DE,5.666666666666667,Valid Party Vote,0.0,6.0,3.0,1,62.0,2.0
DEA,DE,5.666666666666667,Valid Party Vote,0.0,5.0,4.0,1,81.0,0.0
DEC,DE,6.333333333333333,Valid Party Vote,0.0,8.0,5.0,0,,
DE7,DE,4.0,Ineligible / Not Applicable,,5.0,3.0,0,53.0,2.0
DE7,DE,8.0,Valid Party Vote,0.0,8.0,3.0,0,63.0,2.0
DE9,DE,4.333333333333333,Valid Party Vote,0.0,5.0,4.0,0,24.0,2.0
DEE,DE,6.333333333333333,Valid Party Vote,0.0,7.0,6.0,1,48.0,0.0
DE7,DE,5.0,Valid Party Vote,0.0,5.0,5.0,1,38.0,2.0
DE3,DE,1.6666666666666667,Valid Party Vote,0.0,4.0,3.0,0,82.0,2.0
DE1,DE,6.0,Valid Party Vote,0.0,5.0,5.0,0,61.0,0.0
DE2,DE,7.0,Valid Party Vote,0.0,5.0,5.0,0,30.0,2.0
DE1,DE,4.333333333333333,Valid Party Vote,0.0,4.0,6.0,0,40.0,0.0
DE9,DE,6.0,Valid Party Vote,0.0,4.0,5.0,0,77.0,2.0
DE6,DE,8.333333333333334,Valid Party Vote,0.0,9.0,6.0,0,42.0,
DE3,DE,7.666666666666667,Valid Party Vote,0.0,8.0,5.0,1,56.0,2.0
DE8,DE,4.0,Refuse to Say,,8.0,6.0,0,25.0,
DE2,DE,9.0,Valid Party Vote,0.0,10.0,7.0,0,73.0,2.0
DE9,DE,5.666666666666667,Valid Party Vote,0.0,4.0,6.0,1,25.0,2.0
DE1,DE,6.333333333333333,Valid Party Vote,0.0,5.0,6.0,1,23.0,0.0
DE4,DE,3.6666666666666665,Ineligible / Not Applicable,,7.0,5.0,1,78.0,0.0
DE2,DE,4.666666666666667,Valid Party Vote,0.0,5.0,3.0,1,63.0,2.0
DEC,DE,1.0,Ineligible / Not Applicable,,5.0,3.0,0,35.0,
DEB,DE,6.333333333333333,Valid Party Vote,0.0,6.0,3.0,1,83.0,0.0
DE7,DE,7.666666666666667,Valid Party Vote,0.0,8.0,7.0,0,76.0,2.0
DE1,DE,6.333333333333333,Refuse to Say,,8.0,7.0,0,40.0,0.0
DE1,DE,2.6666666666666665,Ineligible / Not Applicable,,5.0,3.0,0,27.0,0.0
DEA,DE,2.0,Valid Party Vote,0.0,3.0,3.0,1,58.0,0.0
DE2,DE,5.333333333333333,Don't Know,,9.0,4.0,1,21.0,2.0
DE2,DE,4.0,Ineligible / Not Applicable,,3.0,4.0,1,20.0,2.0
DEF,DE,1.6666666666666667,Ineligible / Not Applicable,,6.0,5.0,0,61.0,0.0
DEA,DE,2.6666666666666665,Ineligible / Not Applicable,,2.0,7.0,0,62.0,0.0
DE3,DE,6.666666666666667,Valid Party Vote,0.0,5.0,7.0,1,37.0,2.0
DE9,DE,5.0,Ineligible / Not Applicable,,9.0,1.0,1,21.0,2.0
DEA,DE,4.666666666666667,Ineligible / Not Applicable,,7.0,4.0,0,19.0,0.0
DE2,DE,3.3333333333333335,Valid Party Vote,0.0,7.0,5.0,1,27.0,2.0
DE7,DE,7.0,Ineligible / Not Applicable,,9.0,5.0,0,39.0,2.0
DE7,DE,4.0,Valid Party Vote,0.0,8.0,7.0,1,36.0,2.0
DEE,DE,0.0,Ineligible / Not Applicable,,4.0,2.0,1,55.0,0.0
DEA,DE,3.6666666666666665,Ineligible / Not Applicable,,5.0,4.0,0,18.0,0.0
DE3,DE,4.333333333333333,Valid Party Vote,0.0,7.0,2.0,0,44.0,2.0
DE1,DE,6.333333333333333,Valid Party Vote,0.0,4.0,3.0,1,49.0,0.0
DE2,DE,7.0,Ineligible / Not Applicable,,7.0,1.0,1,16.0,2.0
DE3,DE,7.666666666666667,Valid Party Vote,0.0,9.0,7.0,1,34.0,2.0
DEA,DE,3.3333333333333335,Ineligible / Not Applicable,,5.0,3.0,1,68.0,0.0
DEE,DE,4.333333333333333,Ineligible / Not Applicable,,5.0,2.0,0,16.0,0.0
DE2,DE,6.0,Valid Party Vote,0.0,6.0,5.0,0,56.0,2.0
DE9,DE,2.6666666666666665,Valid Party Vote,0.0,1.0,5.0,0,75.0,2.0
DEA,DE,1.3333333333333333,Ineligible / Not Applicable,,4.0,3.0,1,61.0,0.0
DEA,DE,8.0,Valid Party Vote,0.0,10.0,3.0,0,67.0,0.0
DED,DE,6.0,Valid Party Vote,0.0,3.0,7.0,0,90.0,0.0
DE7,DE,2.0,Ineligible / Not Applicable,,5.0,3.0,0,39.0,2.0
DED,DE,5.666666666666667,Refuse to Say,,3.0,3.0,1,21.0,0.0
DED,DE,6.666666666666667,Ineligible / Not Applicable,,8.0,3.0,0,69.0,0.0
DEB,DE,5.0,Refuse to Say,,6.0,3.0,0,63.0,0.0
DE3,DE,6.0,Valid Party Vote,0.0,8.0,5.0,1,53.0,2.0
DE1,DE,6.0,Valid Party Vote,0.0,7.0,6.0,0,29.0,0.0
DEA,DE,6.0,Valid Party Vote,0.0,6.0,6.0,0,30.0,0.0
DEF,DE,7.0,Valid Party Vote,0.0,5.0,4.0,1,16.0,0.0
DEE,DE,5.0,Refuse to Say,,7.0,5.0,0,43.0,0.0
DE6,DE,7.0,Valid Party Vote,0.0,5.0,3.0,0,23.0,
DEA,DE,7.333333333333333,Valid Party Vote,0.0,8.0,3.0,0,60.0,0.0
DEA,DE,6.333333333333333,Valid Party Vote,0.0,4.0,3.0,1,59.0,0.0
DE2,DE,1.6666666666666667,Valid Party Vote,0.0,2.0,3.0,0,67.0,2.0
DEA,DE,8.0,Valid Party Vote,0.0,8.0,5.0,1,56.0,0.0
DE1,DE,3.6666666666666665,Ineligible / Not Applicable,,5.0,1.0,0,16.0,0.0
DE1,DE,6.0,Ineligible / Not Applicable,,5.0,3.0,1,69.0,0.0
DE8,DE,5.333333333333333,Ineligible / Not Applicable,,2.0,3.0,0,74.0,
DEA,DE,5.0,Valid Party Vote,0.0,3.0,3.0,0,74.0,0.0
DE7,DE,3.6666666666666665,Refuse to Say,,0.0,3.0,0,59.0,2.0
DE2,DE,0.6666666666666666,Valid Party Vote,1.0,1.0,3.0,0,75.0,2.0
DEA,DE,7.666666666666667,Valid Party Vote,0.0,7.0,7.0,1,47.0,0.0
DE1,DE,6.333333333333333,Ineligible / Not Applicable,,7.0,5.0,1,76.0,0.0
DEA,DE,6.0,Valid Party Vote,0.0,4.0,3.0,1,34.0,0.0
DEA,DE,5.666666666666667,Valid Party Vote,0.0,5.0,3.0,1,42.0,0.0
DE1,DE,7.0,Valid Party Vote,0.0,7.0,5.0,0,55.0,0.0
DEA,DE,4.666666666666667,Valid Party Vote,0.0,5.0,7.0,1,69.0,0.0
DED,DE,5.666666666666667,Valid Party Vote,0.0,5.0,5.0,1,40.0,0.0
DE8,DE,2.0,Valid Party Vote,1.0,0.0,3.0,0,49.0,
DEF,DE,6.333333333333333,Valid Party Vote,0.0,7.0,6.0,1,60.0,0.0
DE1,DE,9.333333333333334,Valid Party Vote,0.0,5.0,7.0,1,64.0,0.0
DEA,DE,6.666666666666667,Valid Party Vote,0.0,8.0,6.0,0,68.0,0.0
DEA,DE,4.666666666666667,Valid Party Vote,0.0,5.0,5.0,1,34.0,0.0
DE2,DE,4.333333333333333,Ineligible / Not Applicable,,6.0,3.0,1,46.0,2.0
DE2,DE,4.666666666666667,Valid Party Vote,0.0,1.0,3.0,0,55.0,2.0
DEA,DE,7.333333333333333,Valid Party Vote,0.0,6.0,7.0,0,37.0,0.0
DEA,DE,2.6666666666666665,Valid Party Vote,0.0,5.0,3.0,1,71.0,0.0
DE7,DE,6.0,Ineligible / Not Applicable,,4.0,3.0,1,53.0,2.0
DE2,DE,1.6666666666666667,Ineligible / Not Applicable,,5.0,1.0,1,16.0,2.0
DE4,DE,4.0,Refuse to Say,,5.0,4.0,0,22.0,0.0
DEE,DE,2.6666666666666665,Valid Party Vote,0.0,5.0,3.0,0,69.0,0.0
DEA,DE,4.0,Valid Party Vote,0.0,5.0,5.0,1,33.0,0.0
DE1,DE,6.0,Valid Party Vote,0.0,0.0,5.0,0,42.0,0.0
DE1,DE,0.6666666666666666,Don't Know,,3.0,3.0,1,40.0,0.0
DE1,DE,7.666666666666667,Ineligible / Not Applicable,,5.0,5.0,1,20.0,0.0
DEB,DE,7.666666666666667,Valid Party Vote,0.0,7.0,7.0,1,42.0,0.0
DE9,DE,6.333333333333333,Ineligible / Not Applicable,,7.0,2.0,1,19.0,2.0
DE8,DE,5.0,Valid Party Vote,0.0,9.0,3.0,0,21.0,
DE8,DE,6.0,Valid Party Vote,0.0,6.0,4.0,1,23.0,
DEA,DE,6.666666666666667,Valid Party Vote,0.0,5.0,5.0,1,67.0,0.0
DE2,DE,3.6666666666666665,Valid Party Vote,0.0,5.0,5.0,0,46.0,2.0
DEA,DE,3.6666666666666665,Valid Party Vote,0.0,7.0,3.0,1,72.0,0.0
DE1,DE,1.6666666666666667,Valid Party Vote,0.0,2.0,3.0,1,39.0,0.0
DEG,DE,4.333333333333333,Valid Party Vote,0.0,7.0,4.0,1,25.0,0.0
DED,DE,7.333333333333333,Valid Party Vote,0.0,10.0,7.0,1,50.0,0.0
DE1,DE,3.0,Valid Party Vote,0.0,1.0,3.0,1,33.0,0.0
DEA,DE,4.333333333333333,Valid Party Vote,0.0,5.0,3.0,1,60.0,0.0
DE9,DE,6.666666666666667,Valid Party Vote,0.0,2.0,5.0,1,65.0,2.0
DEA,DE,7.333333333333333,Ineligible / Not Applicable,,6.0,6.0,0,44.0,0.0
DEA,DE,8.666666666666666,Valid Party Vote,0.0,8.0,7.0,1,46.0,0.0
DE4,DE,2.6666666666666665,Ineligible / Not Applicable,,3.0,2.0,1,39.0,0.0
DE2,DE,3.0,Don't Know,,3.0,6.0,0,64.0,2.0
DE3,DE,7.0,Valid Party Vote,0.0,9.0,5.0,1,32.0,2.0
DE2,DE,5.666666666666667,Valid Party Vote,0.0,9.0,5.0,1,77.0,2.0
DE1,DE,2.3333333333333335,Valid Party Vote,0.0,10.0,5.0,1,30.0,0.0
DEA,DE,6.0,Valid Party Vote,0.0,8.0,3.0,1,56.0,0.0
DEG,DE,5.666666666666667,Ineligible / Not Applicable,,5.0,5.0,0,48.0,0.0
DEA,DE,1.6666666666666667,Valid Party Vote,0.0,5.0,5.0,1,54.0,0.0
DEA,DE,7.333333333333333,Valid Party Vote,0.0,7.0,6.0,1,54.0,0.0
DEA,DE,4.333333333333333,Ineligible / Not Applicable,,9.0,3.0,1,33.0,0.0
DE7,DE,2.0,Ineligible / Not Applicable,,7.0,5.0,0,62.0,2.0
DE1,DE,0.6666666666666666,Valid Party Vote,0.0,2.0,3.0,0,60.0,0.0
DEE,DE,5.0,Don't Know,,5.0,4.0,1,20.0,0.0
DE7,DE,6.0,Refuse to Say,,4.0,6.0,1,27.0,2.0
DE9,DE,8.0,Don't Know,,9.0,3.0,1,68.0,2.0
DE4,DE,3.3333333333333335,Ineligible / Not Applicable,,6.0,4.0,1,22.0,0.0
DE2,DE,1.0,Valid Party Vote,1.0,2.0,3.0,0,55.0,2.0
DEA,DE,6.0,Ineligible / Not Applicable,,8.0,1.0,1,30.0,0.0
DEA,DE,6.666666666666667,Valid Party Vote,0.0,5.0,7.0,0,74.0,0.0
DEA,DE,5.333333333333333,Valid Party Vote,0.0,3.0,3.0,1,62.0,0.0
DE8,DE,4.0,Refuse to Say,,2.0,3.0,0,65.0,
DE2,DE,5.666666666666667,Valid Party Vote,0.0,5.0,6.0,1,29.0,2.0
DE2,DE,6.333333333333333,Valid Party Vote,0.0,2.0,5.0,1,69.0,2.0
DE2,DE,7.333333333333333,Valid Party Vote,0.0,8.0,7.0,1,41.0,2.0
DE2,DE,6.0,Ineligible / Not Applicable,,5.0,4.0,1,20.0,2.0
DE2,DE,5.0,Valid Party Vote,0.0,6.0,4.0,1,22.0,2.0
DE4,DE,6.333333333333333,Valid Party Vote,0.0,5.0,7.0,0,52.0,0.0
DEA,DE,3.3333333333333335,Ineligible / Not Applicable,,5.0,4.0,1,19.0,0.0
DE2,DE,5.0,Don't Know,,5.0,6.0,0,52.0,2.0
DED,DE,5.0,Valid Party Vote,0.0,5.0,7.0,1,45.0,0.0
DE2,DE,6.333333333333333,Valid Party Vote,0.0,6.0,7.0,0,65.0,2.0
DEA,DE,2.0,Valid Party Vote,1.0,3.0,2.0,1,45.0,0.0
DE1,DE,7.666666666666667,Valid Party Vote,0.0,7.0,7.0,1,27.0,0.0
DE2,DE,1.0,Valid Party Vote,0.0,5.0,3.0,0,90.0,2.0
DEA,DE,7.666666666666667,Valid Party Vote,0.0,5.0,7.0,0,39.0,0.0
DE3,DE,7.0,Valid Party Vote,0.0,10.0,7.0,1,30.0,2.0
DE7,DE,2.3333333333333335,Valid Party Vote,0.0,5.0,3.0,1,32.0,2.0
DE3,DE,5.666666666666667,Ineligible / Not Applicable,,5.0,1.0,1,43.0,2.0
DE3,DE,4.0,Valid Party Vote,0.0,2.0,3.0,0,72.0,2.0
DE1,DE,6.333333333333333,Don't Know,,7.0,6.0,1,28.0,0.0
DEA,DE,5.0,Valid Party Vote,0.0,5.0,3.0,1,86.0,0.0
DE1,DE,6.666666666666667,Valid Party Vote,0.0,4.0,5.0,0,57.0,0.0
DE1,DE,7.0,Valid Party Vote,0.0,5.0,7.0,1,41.0,0.0
DE2,DE,3.6666666666666665,Don't Know,,1.0,3.0,1,53.0,2.0
DE2,DE,7.666666666666667,Don't Know,,7.0,3.0,0,22.0,2.0
DEA,DE,6.666666666666667,Valid Party Vote,0.0,6.0,7.0,0,72.0,0.0
DE2,DE,5.333333333333333,Valid Party Vote,0.0,6.0,3.0,0,66.0,2.0
DE2,DE,5.666666666666667,Ineligible / Not Applicable,,4.0,5.0,1,62.0,2.0
DEC,DE,4.0,Valid Party Vote,0.0,4.0,5.0,0,30.0,
DE1,DE,7.666666666666667,Valid Party Vote,0.0,7.0,7.0,1,71.0,0.0
DEF,DE,7.333333333333333,Valid Party Vote,0.0,8.0,7.0,0,58.0,0.0
DEF,DE,6.666666666666667,Valid Party Vote,0.0,6.0,7.0,0,58.0,0.0
DE2,DE,3.0,Valid Party Vote,0.0,3.0,3.0,0,63.0,2.0
DE9,DE,7.333333333333333,Valid Party Vote,0.0,7.0,5.0,0,50.0,2.0
DE3,DE,6.333333333333333,Valid Party Vote,0.0,8.0,6.0,0,41.0,2.0
DEA,DE,1.6666666666666667,Valid Party Vote,1.0,0.0,3.0,1,54.0,0.0
DEA,DE,1.6666666666666667,Valid Party Vote,0.0,5.0,5.0,1,44.0,0.0
DE3,DE,3.0,Valid Party Vote,1.0,,5.0,0,40.0,2.0
DE6,DE,7.666666666666667,Valid Party Vote,0.0,5.0,7.0,1,52.0,
DE1,DE,4.333333333333333,Valid Party Vote,0.0,5.0,3.0,1,58.0,0.0
DE2,DE,2.6666666666666665,Valid Party Vote,0.0,3.0,3.0,0,69.0,2.0
DEF,DE,5.0,Valid Party Vote,0.0,3.0,3.0,1,75.0,0.0
DE2,DE,4.0,Valid Party Vote,0.0,5.0,5.0,1,33.0,2.0
DE9,DE,7.666666666666667,Valid Party Vote,0.0,5.0,7.0,0,63.0,2.0
DEA,DE,7.0,Valid Party Vote,0.0,3.0,5.0,1,66.0,0.0
DEA,DE,8.0,Ineligible / Not Applicable,,7.0,6.0,0,55.0,0.0
DE2,DE,5.0,Don't Know,,2.0,2.0,1,66.0,2.0
DEA,DE,1.3333333333333333,Ineligible / Not Applicable,,5.0,3.0,1,31.0,0.0
DE6,DE,3.6666666666666665,Ineligible / Not Applicable,,5.0,3.0,1,58.0,
DE1,DE,6.666666666666667,Valid Party Vote,0.0,5.0,3.0,1,79.0,0.0
DE2,DE,8.333333333333334,Ineligible / Not Applicable,,5.0,1.0,0,15.0,2.0
DE7,DE,8.0,Don't Know,,6.0,5.0,1,71.0,2.0
DE2,DE,6.333333333333333,Refuse to Say,,5.0,3.0,1,75.0,2.0
DE9,DE,1.3333333333333333,Valid Party Vote,0.0,5.0,3.0,1,70.0,2.0
DE7,DE,2.3333333333333335,Valid Party Vote,0.0,2.0,3.0,0,43.0,2.0
DE2,DE,0.6666666666666666,Valid Party Vote,0.0,4.0,3.0,1,68.0,2.0
DE3,DE,7.666666666666667,Ineligible / Not Applicable,,8.0,7.0,1,49.0,2.0
DE4,DE,3.0,Valid Party Vote,1.0,0.0,5.0,0,59.0,0.0
DE9,DE,7.666666666666667,Valid Party Vote,0.0,5.0,7.0,1,37.0,2.0
DE1,DE,6.666666666666667,Valid Party Vote,0.0,6.0,7.0,1,29.0,0.0
DEA,DE,6.0,Ineligible / Not Applicable,,7.0,2.0,0,24.0,0.0
DEF,DE,3.6666666666666665,Valid Party Vote,0.0,5.0,3.0,1,71.0,0.0
DE1,DE,5.333333333333333,Refuse to Say,,5.0,5.0,0,30.0,0.0
DE2,DE,5.666666666666667,Ineligible / Not Applicable,,8.0,7.0,0,42.0,2.0
DE9,DE,4.333333333333333,Valid Party Vote,0.0,2.0,5.0,1,72.0,2.0
DEA,DE,7.0,Valid Party Vote,0.0,6.0,6.0,0,39.0,0.0
DEA,DE,9.0,Ineligible / Not Applicable,,6.0,3.0,1,35.0,0.0
DE1,DE,6.333333333333333,Valid Party Vote,0.0,5.0,6.0,1,62.0,0.0
DE2,DE,5.333333333333333,Valid Party Vote,0.0,8.0,5.0,0,39.0,2.0
DED,DE,2.0,Ineligible / Not Applicable,,3.0,3.0,1,55.0,0.0
DE4,DE,1.0,Ineligible / Not Applicable,,3.0,3.0,1,56.0,0.0
DE9,DE,5.0,Ineligible / Not Applicable,,3.0,1.0,0,17.0,2.0
DEA,DE,6.0,Valid Party Vote,0.0,8.0,7.0,0,64.0,0.0
DE1,DE,5.0,Ineligible / Not Applicable,,5.0,2.0,1,48.0,0.0
DE6,DE,7.333333333333333,Valid Party Vote,0.0,8.0,6.0,1,45.0,
DE7,DE,5.333333333333333,Valid Party Vote,0.0,6.0,6.0,0,62.0,2.0
DEA,DE,7.0,Valid Party Vote,0.0,5.0,7.0,0,59.0,0.0
DEA,DE,6.666666666666667,Valid Party Vote,0.0,7.0,4.0,1,20.0,0.0
DEA,DE,5.666666666666667,Valid Party Vote,0.0,4.0,5.0,0,59.0,0.0
DE2,DE,8.666666666666666,Valid Party Vote,0.0,8.0,5.0,1,62.0,2.0
DE4,DE,7.0,Valid Party Vote,0.0,7.0,6.0,0,40.0,0.0
DEA,DE,4.333333333333333,Valid Party Vote,0.0,5.0,5.0,1,39.0,0.0
DE7,DE,5.0,Ineligible / Not Applicable,,,3.0,0,65.0,2.0
DEE,DE,5.0,Valid Party Vote,0.0,8.0,5.0,0,65.0,0.0
DE7,DE,4.666666666666667,Valid Party Vote,0.0,5.0,3.0,0,82.0,2.0
DE1,DE,2.3333333333333335,Valid Party Vote,0.0,0.0,3.0,1,74.0,0.0
DE2,DE,4.666666666666667,Valid Party Vote,0.0,5.0,6.0,1,42.0,2.0
DEA,DE,4.333333333333333,Valid Party Vote,0.0,5.0,5.0,1,87.0,0.0
DEA,DE,7.333333333333333,Valid Party Vote,0.0,5.0,5.0,0,26.0,0.0
DEA,DE,3.6666666666666665,Valid Party Vote,0.0,5.0,7.0,1,66.0,0.0
DEF,DE,6.333333333333333,Valid Party Vote,0.0,6.0,3.0,0,61.0,0.0
DE9,DE,6.666666666666667,Valid Party Vote,0.0,5.0,3.0,0,53.0,2.0
DED,DE,5.333333333333333,Valid Party Vote,0.0,4.0,3.0,0,25.0,0.0
DE1,DE,7.333333333333333,Valid Party Vote,0.0,10.0,4.0,1,20.0,0.0
DE3,DE,5.0,Ineligible / Not Applicable,,10.0,7.0,1,32.0,2.0
DE6,DE,5.666666666666667,Valid Party Vote,0.0,7.0,3.0,0,67.0,
DEA,DE,3.3333333333333335,Valid Party Vote,0.0,5.0,7.0,0,45.0,0.0
DE9,DE,4.333333333333333,Ineligible / Not Applicable,,4.0,2.0,1,22.0,2.0
DE2,DE,4.333333333333333,Refuse to Say,,5.0,3.0,0,67.0,2.0
DEC,DE,6.333333333333333,Valid Party Vote,0.0,10.0,4.0,1,26.0,
DE1,DE,8.0,Valid Party Vote,0.0,7.0,4.0,1,24.0,0.0
DE9,DE,8.333333333333334,Refuse to Say,,8.0,6.0,1,52.0,2.0
DE1,DE,5.0,Refuse to Say,,0.0,3.0,0,69.0,0.0
DE7,DE,3.0,Valid Party Vote,0.0,8.0,7.0,1,53.0,2.0
DE7,DE,2.6666666666666665,Refuse to Say,,5.0,3.0,1,43.0,2.0
DEG,DE,0.0,Don't Know,,1.0,3.0,1,84.0,0.0
DE2,DE,7.333333333333333,Don't Know,,5.0,6.0,0,44.0,2.0
DEF,DE,7.666666666666667,Valid Party Vote,0.0,8.0,2.0,0,22.0,0.0
DE3,DE,7.0,Valid Party Vote,0.0,9.0,6.0,1,28.0,2.0
DE1,DE,0.3333333333333333,Valid Party Vote,0.0,5.0,3.0,1,59.0,0.0
DEB,DE,4.0,Valid Party Vote,0.0,4.0,3.0,0,42.0,0.0
DEA,DE,4.333333333333333,Valid Party Vote,0.0,5.0,3.0,0,69.0,0.0
DE2,DE,4.333333333333333,Valid Party Vote,0.0,9.0,7.0,1,33.0,2.0
DEF,DE,8.333333333333334,Valid Party Vote,0.0,7.0,3.0,0,71.0,0.0
DE2,DE,6.0,Valid Party Vote,0.0,6.0,4.0,1,57.0,2.0
DE7,DE,6.666666666666667,Valid Party Vote,0.0,5.0,2.0,0,65.0,2.0
DE7,DE,6.666666666666667,Valid Party Vote,0.0,4.0,5.0,1,62.0,2.0
DE2,DE,6.666666666666667,Ineligible / Not Applicable,,6.0,1.0,0,16.0,2.0
DE4,DE,0.3333333333333333,Valid Party Vote,1.0,0.0,3.0,0,64.0,0.0
DE1,DE,1.0,Valid Party Vote,1.0,2.0,3.0,0,78.0,0.0
DE9,DE,5.666666666666667,Valid Party Vote,0.0,5.0,3.0,1,33.0,2.0
DE7,DE,9.0,Valid Party Vote,0.0,7.0,5.0,1,66.0,2.0
DEA,DE,6.333333333333333,Valid Party Vote,0.0,4.0,7.0,0,35.0,0.0
DED,DE,2.3333333333333335,Don't Know,,4.0,3.0,0,30.0,0.0
DEA,DE,4.333333333333333,Valid Party Vote,0.0,4.0,3.0,0,64.0,0.0
DE9,DE,7.0,Valid Party Vote,0.0,5.0,3.0,0,70.0,2.0
DEA,DE,6.0,Valid Party Vote,0.0,4.0,5.0,0,39.0,0.0
DEF,DE,4.666666666666667,Valid Party Vote,0.0,7.0,6.0,1,31.0,0.0
DE4,DE,6.333333333333333,Valid Party Vote,0.0,4.0,4.0,0,20.0,0.0
DE7,DE,3.3333333333333335,Don't Know,,7.0,6.0,1,57.0,2.0
DE8,DE,7.0,Ineligible / Not Applicable,,8.0,5.0,1,35.0,
DE9,DE,7.0,Valid Party Vote,0.0,6.0,6.0,1,35.0,2.0
DE4,DE,0.0,Valid Party Vote,0.0,5.0,3.0,0,71.0,0.0
DEB,DE,5.0,Valid Party Vote,0.0,7.0,3.0,1,61.0,0.0
DE2,DE,5.333333333333333,Valid Party Vote,0.0,5.0,5.0,0,42.0,2.0
DEA,DE,4.666666666666667,Valid Party Vote,1.0,3.0,3.0,0,30.0,0.0
DEA,DE,6.0,Ineligible / Not Applicable,,6.0,3.0,1,46.0,0.0
DE2,DE,0.6666666666666666,Ineligible / Not Applicable,,2.0,3.0,1,63.0,2.0
DE2,DE,5.333333333333333,Valid Party Vote,0.0,3.0,3.0,1,53.0,2.0
DE1,DE,7.666666666666667,Valid Party Vote,0.0,5.0,5.0,0,22.0,0.0
DE2,DE,10.0,Ineligible / Not Applicable,,8.0,3.0,1,72.0,2.0
DEA,DE,6.333333333333333,Ineligible / Not Applicable,,7.0,2.0,1,16.0,0.0
DEA,DE,6.666666666666667,Valid Party Vote,0.0,7.0,3.0,1,58.0,0.0
DEA,DE,4.333333333333333,Valid Party Vote,0.0,5.0,7.0,0,71.0,0.0
DE2,DE,6.0,Refuse to Say,,7.0,7.0,0,41.0,2.0
DE2,DE,2.6666666666666665,Valid Party Vote,0.0,5.0,5.0,0,52.0,2.0
DEA,DE,9.333333333333334,Valid Party Vote,0.0,7.0,5.0,1,62.0,0.0
DE3,DE,5.333333333333333,Valid Party Vote,0.0,6.0,3.0,1,37.0,2.0
DEA,DE,3.0,Ineligible / Not Applicable,,5.0,2.0,0,50.0,0.0
DE2,DE,4.0,Valid Party Vote,0.0,5.0,7.0,1,45.0,2.0
DEA,DE,8.333333333333334,Valid Party Vote,0.0,8.0,6.0,1,35.0,0.0
DE2,DE,7.0,Valid Party Vote,0.0,8.0,3.0,1,70.0,2.0
DEG,DE,1.0,Valid Party Vote,0.0,1.0,5.0,1,47.0,0.0
DE7,DE,6.666666666666667,Ineligible / Not Applicable,,7.0,3.0,1,23.0,2.0
DEF,DE,4.666666666666667,Valid Party Vote,1.0,5.0,3.0,0,55.0,0.0
DEA,DE,6.666666666666667,Valid Party Vote,0.0,2.0,3.0,0,53.0,0.0
DEA,DE,7.333333333333333,Valid Party Vote,0.0,5.0,5.0,1,68.0,0.0
DEA,DE,6.333333333333333,Valid Party Vote,0.0,6.0,7.0,1,26.0,0.0
DED,DE,4.666666666666667,Valid Party Vote,0.0,5.0,3.0,1,43.0,0.0
DE4,DE,4.0,Refuse to Say,,3.0,3.0,0,72.0,0.0
DEA,DE,6.0,Valid Party Vote,0.0,6.0,3.0,1,55.0,0.0
DE1,DE,6.666666666666667,Valid Party Vote,0.0,6.0,7.0,0,55.0,0.0
DE1,DE,4.333333333333333,Valid Party Vote,0.0,5.0,5.0,0,39.0,0.0
DEA,DE,9.666666666666666,Don't Know,,6.0,6.0,0,30.0,0.0
DE1,DE,6.666666666666667,Valid Party Vote,0.0,7.0,4.0,0,22.0,0.0
DEE,DE,2.6666666666666665,Valid Party Vote,0.0,5.0,5.0,1,72.0,0.0
DE2,DE,5.666666666666667,Valid Party Vote,0.0,2.0,7.0,1,60.0,2.0
DEA,DE,5.0,Valid Party Vote,0.0,8.0,5.0,0,69.0,0.0
DE1,DE,3.3333333333333335,Ineligible / Not Applicable,,4.0,5.0,1,27.0,0.0
DEA,DE,6.333333333333333,Don't Know,,5.0,5.0,0,26.0,0.0
DE2,DE,1.3333333333333333,Valid Party Vote,0.0,1.0,3.0,1,81.0,2.0
DE4,DE,5.666666666666667,Valid Party Vote,0.0,6.0,3.0,0,35.0,0.0
DEA,DE,4.333333333333333,Valid Party Vote,0.0,5.0,5.0,1,43.0,0.0
DE1,DE,0.6666666666666666,Ineligible / Not Applicable,,0.0,5.0,0,52.0,0.0
DE7,DE,5.666666666666667,Valid Party Vote,0.0,5.0,2.0,0,64.0,2.0
DEA,DE,5.0,Valid Party Vote,0.0,4.0,3.0,1,52.0,0.0
DE1,DE,5.333333333333333,Valid Party Vote,0.0,3.0,3.0,0,84.0,0.0
DEA,DE,4.333333333333333,Ineligible / Not Applicable,,5.0,3.0,0,32.0,0.0
DE2,DE,6.0,Refuse to Say,,5.0,3.0,1,58.0,2.0
DEA,DE,8.0,Valid Party Vote,0.0,7.0,3.0,1,64.0,0.0
DEF,DE,6.666666666666667,Valid Party Vote,0.0,5.0,5.0,1,62.0,0.0
DE2,DE,5.0,Valid Party Vote,0.0,5.0,5.0,0,69.0,2.0
DEF,DE,3.6666666666666665,Don't Know,,3.0,3.0,0,58.0,0.0
DEG,DE,5.333333333333333,Valid Party Vote,0.0,3.0,3.0,0,65.0,0.0
DEA,DE,6.333333333333333,Valid Party Vote,0.0,7.0,3.0,1,71.0,0.0
DEA,DE,0.3333333333333333,Refuse to Say,,5.0,3.0,1,38.0,0.0
DE9,DE,6.0,Valid Party Vote,0.0,6.0,6.0,0,64.0,2.0
DEA,DE,3.3333333333333335,Valid Party Vote,0.0,6.0,3.0,1,66.0,0.0
DEE,DE,5.333333333333333,Valid Party Vote,0.0,5.0,3.0,0,51.0,0.0
DEA,DE,5.0,Ineligible / Not Applicable,,4.0,3.0,0,22.0,0.0
DEA,DE,7.666666666666667,Valid Party Vote,0.0,5.0,3.0,1,41.0,0.0
DEA,DE,3.0,Valid Party Vote,0.0,5.0,7.0,1,52.0,0.0
DED,DE,1.0,Ineligible / Not Applicable,,1.0,2.0,1,36.0,0.0
DEF,DE,9.0,Valid Party Vote,0.0,10.0,5.0,0,69.0,0.0
DEF,DE,6.666666666666667,Valid Party Vote,0.0,5.0,5.0,0,60.0,0.0
DEA,DE,7.333333333333333,Valid Party Vote,0.0,7.0,3.0,0,48.0,0.0
DEA,DE,5.0,Valid Party Vote,0.0,8.0,3.0,1,70.0,0.0
DE9,DE,6.666666666666667,Ineligible / Not Applicable,,4.0,5.0,0,36.0,2.0
DEA,DE,8.0,Valid Party Vote,0.0,10.0,7.0,1,59.0,0.0
DEG,DE,6.333333333333333,Valid Party Vote,0.0,9.0,7.0,1,63.0,0.0
DEA,DE,7.666666666666667,Valid Party Vote,0.0,5.0,7.0,0,72.0,0.0
DEA,DE,6.333333333333333,Valid Party Vote,0.0,5.0,7.0,0,36.0,0.0
DE7,DE,4.0,Valid Party Vote,0.0,2.0,3.0,1,57.0,2.0
DEE,DE,8.333333333333334,Valid Party Vote,0.0,7.0,7.0,0,71.0,0.0
DE2,DE,6.333333333333333,Valid Party Vote,0.0,3.0,7.0,0,42.0,2.0
DE1,DE,5.666666666666667,Valid Party Vote,0.0,5.0,3.0,1,34.0,0.0
DE1,DE,7.333333333333333,Ineligible / Not Applicable,,7.0,2.0,1,16.0,0.0
DE1,DE,4.333333333333333,Valid Party Vote,0.0,5.0,7.0,1,64.0,0.0
DE3,DE,5.333333333333333,Ineligible / Not Applicable,,7.0,2.0,0,46.0,2.0
DE9,DE,7.333333333333333,Valid Party Vote,0.0,5.0,5.0,0,64.0,2.0
DE2,DE,6.0,Don't Know,,5.0,6.0,0,38.0,2.0
DE1,DE,7.0,Valid Party Vote,0.0,5.0,7.0,0,47.0,0.0
DEE,DE,3.6666666666666665,Valid Party Vote,0.0,5.0,3.0,0,56.0,0.0
DE2,DE,3.0,Ineligible / Not Applicable,,4.0,3.0,0,72.0,2.0
DE9,DE,7.333333333333333,Valid Party Vote,0.0,8.0,5.0,1,45.0,2.0
DE2,DE,4.0,Refuse to Say,,3.0,3.0,1,60.0,2.0
DEB,DE,2.0,Valid Party Vote,0.0,2.0,3.0,1,62.0,0.0
DE9,DE,1.0,Valid Party Vote,0.0,5.0,5.0,0,60.0,2.0
DEF,DE,8.0,Valid Party Vote,0.0,8.0,5.0,0,29.0,0.0
DEF,DE,5.333333333333333,Valid Party Vote,0.0,4.0,3.0,0,84.0,0.0
DE9,DE,3.3333333333333335,Ineligible / Not Applicable,,5.0,6.0,1,51.0,2.0
DEA,DE,1.0,Ineligible / Not Applicable,,1.0,3.0,0,50.0,0.0
DE2,DE,6.666666666666667,Valid Party Vote,0.0,5.0,7.0,1,35.0,2.0
DE9,DE,6.333333333333333,Ineligible / Not Applicable,,7.0,5.0,0,,2.0
DEE,DE,3.3333333333333335,Refuse to Say,,3.0,3.0,0,67.0,0.0
DE7,DE,7.333333333333333,Valid Party Vote,0.0,7.0,6.0,0,30.0,2.0
DEA,DE,5.333333333333333,Valid Party Vote,0.0,2.0,3.0,1,46.0,0.0
DE7,DE,8.0,Valid Party Vote,0.0,7.0,7.0,0,55.0,2.0
DE2,DE,7.666666666666667,Valid Party Vote,0.0,7.0,5.0,0,23.0,2.0
DEA,DE,5.333333333333333,Don't Know,,6.0,5.0,0,59.0,0.0
DE1,DE,7.666666666666667,Valid Party Vote,0.0,7.0,5.0,0,69.0,0.0
DEA,DE,3.3333333333333335,Ineligible / Not Applicable,,,3.0,1,60.0,0.0
DE7,DE,7.666666666666667,Ineligible / Not Applicable,,4.0,2.0,0,17.0,2.0
DEB,DE,8.0,Valid Party Vote,0.0,6.0,7.0,1,60.0,0.0
DED,DE,6.666666666666667,Valid Party Vote,0.0,7.0,7.0,0,30.0,0.0
DE7,DE,1.3333333333333333,Ineligible / Not Applicable,,3.0,3.0,0,75.0,2.0
DEG,DE,0.6666666666666666,Ineligible / Not Applicable,,1.0,3.0,0,51.0,0.0
DE9,DE,7.666666666666667,Don't Know,,5.0,7.0,0,44.0,2.0
DE1,DE,8.0,Valid Party Vote,0.0,10.0,7.0,0,39.0,0.0
DE1,DE,6.333333333333333,Valid Party Vote,0.0,10.0,6.0,1,31.0,0.0
DE3,DE,6.333333333333333,Valid Party Vote,0.0,3.0,6.0,1,56.0,2.0
DED,DE,3.6666666666666665,Valid Party Vote,0.0,3.0,7.0,0,72.0,0.0
DE1,DE,6.333333333333333,Valid Party Vote,0.0,2.0,3.0,0,61.0,0.0
DE4,DE,4.0,Valid Party Vote,1.0,1.0,3.0,0,54.0,0.0
DEF,DE,5.333333333333333,Valid Party Vote,0.0,10.0,5.0,1,61.0,0.0
DEA,DE,3.6666666666666665,Ineligible / Not Applicable,,6.0,7.0,0,52.0,0.0
DEB,DE,7.0,Valid Party Vote,0.0,5.0,5.0,1,56.0,0.0
DEA,DE,5.666666666666667,Ineligible / Not Applicable,,4.0,5.0,1,40.0,0.0
DEA,DE,3.6666666666666665,Valid Party Vote,0.0,1.0,3.0,0,75.0,0.0
DED,DE,2.3333333333333335,Valid Party Vote,0.0,3.0,1.0,0,80.0,0.0
DEB,DE,9.0,Valid Party Vote,0.0,5.0,7.0,1,37.0,0.0
DEE,DE,6.333333333333333,Valid Party Vote,0.0,0.0,3.0,0,85.0,0.0
DE1,DE,6.333333333333333,Valid Party Vote,0.0,8.0,5.0,1,55.0,0.0
DEE,DE,2.6666666666666665,Valid Party Vote,0.0,1.0,3.0,1,64.0,0.0
DE6,DE,3.3333333333333335,Ineligible / Not Applicable,,5.0,6.0,0,34.0,
DE3,DE,7.0,Ineligible / Not Applicable,,7.0,4.0,1,19.0,2.0
DE9,DE,8.0,Valid Party Vote,0.0,7.0,7.0,1,52.0,2.0
DE1,DE,4.0,Refuse to Say,,3.0,7.0,1,47.0,0.0
DEA,DE,6.666666666666667,Valid Party Vote,0.0,8.0,5.0,0,23.0,0.0
DE7,DE,5.666666666666667,Valid Party Vote,0.0,4.0,5.0,1,47.0,2.0
DE1,DE,8.333333333333334,Valid Party Vote,0.0,9.0,6.0,1,52.0,0.0
DE1,DE,6.0,Don't Know,,7.0,3.0,1,24.0,0.0
DED,DE,0.6666666666666666,Valid Party Vote,0.0,5.0,7.0,1,62.0,0.0
DE2,DE,7.333333333333333,Ineligible / Not Applicable,,8.0,1.0,0,42.0,2.0
DE9,DE,8.0,Valid Party Vote,0.0,9.0,7.0,0,34.0,2.0
DE4,DE,5.666666666666667,Valid Party Vote,0.0,8.0,3.0,0,73.0,0.0
DE9,DE,7.0,Ineligible / Not Applicable,,7.0,2.0,1,16.0,2.0
DE7,DE,9.0,Valid Party Vote,0.0,5.0,7.0,1,29.0,2.0
DEA,DE,5.666666666666667,Valid Party Vote,0.0,9.0,6.0,0,51.0,0.0
DE1,DE,6.0,Valid Party Vote,0.0,5.0,3.0,1,40.0,0.0
DEF,DE,3.5,Ineligible / Not Applicable,,10.0,5.0,0,55.0,0.0
DEE,DE,4.333333333333333,Ineligible / Not Applicable,,6.0,2.0,0,18.0,0.0
DE9,DE,7.333333333333333,Valid Party Vote,0.0,6.0,5.0,0,49.0,2.0
DE7,DE,7.666666666666667,Valid Party Vote,0.0,8.0,6.0,0,24.0,2.0
DEA,DE,5.666666666666667,Don't Know,,9.0,3.0,1,80.0,0.0
DE7,DE,4.666666666666667,Don't Know,,5.0,7.0,1,42.0,2.0
DE1,DE,7.0,Valid Party Vote,0.0,5.0,5.0,1,54.0,0.0
DE9,DE,7.0,Ineligible / Not Applicable,,7.0,2.0,1,37.0,2.0
DE2,DE,9.333333333333334,Ineligible / Not Applicable,,8.0,7.0,0,41.0,2.0
DEA,DE,5.0,Valid Party Vote,0.0,5.0,3.0,0,57.0,0.0
DE1,DE,7.0,Valid Party Vote,0.0,5.0,5.0,0,66.0,0.0
DE9,DE,7.0,Valid Party Vote,0.0,5.0,3.0,0,56.0,2.0
DEA,DE,7.0,Valid Party Vote,0.0,5.0,4.0,1,22.0,0.0
DE1,DE,4.333333333333333,Refuse to Say,,9.0,5.0,1,30.0,0.0
DE1,DE,6.666666666666667,Valid Party Vote,0.0,7.0,3.0,0,66.0,0.0
DE2,DE,6.333333333333333,Refuse to Say,,,5.0,0,58.0,2.0
DE1,DE,6.0,Valid Party Vote,0.0,7.0,7.0,0,46.0,0.0
DEA,DE,4.666666666666667,Valid Party Vote,0.0,5.0,5.0,0,80.0,0.0
DEG,DE,4.666666666666667,Ineligible / Not Applicable,,5.0,3.0,1,30.0,0.0
DE2,DE,6.666666666666667,Valid Party Vote,0.0,6.0,7.0,0,76.0,2.0
DEA,DE,1.3333333333333333,Valid Party Vote,1.0,2.0,3.0,1,34.0,0.0
DEA,DE,5.333333333333333,Valid Party Vote,0.0,5.0,5.0,0,54.0,0.0
DEB,DE,7.666666666666667,Valid Party Vote,0.0,6.0,3.0,0,36.0,0.0
DEA,DE,6.666666666666667,Valid Party Vote,0.0,7.0,6.0,0,66.0,0.0
DE9,DE,7.0,Valid Party Vote,0.0,8.0,3.0,0,38.0,2.0
DE2,DE,6.0,Valid Party Vote,0.0,5.0,5.0,0,60.0,2.0
DE2,DE,2.3333333333333335,Ineligible / Not Applicable,,5.0,6.0,1,28.0,2.0
DE2,DE,4.333333333333333,Valid Party Vote,0.0,5.0,5.0,0,77.0,2.0
DEB,DE,4.333333333333333,Ineligible / Not Applicable,,2.0,3.0,1,30.0,0.0
DEA,DE,0.0,Valid Party Vote,1.0,0.0,2.0,0,66.0,0.0
DEA,DE,7.0,Valid Party Vote,0.0,6.0,3.0,1,43.0,0.0
DE2,DE,6.333333333333333,Ineligible / Not Applicable,,6.0,3.0,1,30.0,2.0
DE2,DE,3.3333333333333335,Valid Party Vote,0.0,6.0,3.0,1,43.0,2.0
DEA,DE,1.6666666666666667,Ineligible / Not Applicable,,7.0,5.0,1,45.0,0.0
DEA,DE,6.666666666666667,Valid Party Vote,0.0,6.0,7.0,0,72.0,0.0
DE1,DE,6.333333333333333,Valid Party Vote,0.0,5.0,6.0,1,67.0,0.0
DEA,DE,5.0,Refuse to Say,,7.0,3.0,1,66.0,0.0
DE1,DE,4.333333333333333,Valid Party Vote,0.0,3.0,3.0,0,59.0,0.0
DEA,DE,5.666666666666667,Valid Party Vote,0.0,5.0,6.0,0,38.0,0.0
DED,DE,3.6666666666666665,Valid Party Vote,0.0,3.0,7.0,0,67.0,0.0
DEG,DE,7.333333333333333,Valid Party Vote,0.0,5.0,3.0,0,27.0,0.0
DEE,DE,7.666666666666667,Valid Party Vote,0.0,6.0,4.0,1,26.0,0.0
DE1,DE,6.333333333333333,Valid Party Vote,0.0,8.0,5.0,1,45.0,0.0
DE2,DE,5.333333333333333,Valid Party Vote,0.0,5.0,5.0,0,49.0,2.0
DE3,DE,4.0,Valid Party Vote,0.0,5.0,5.0,0,62.0,2.0
DEF,DE,2.0,Valid Party Vote,0.0,5.0,3.0,0,81.0,0.0
DEE,DE,3.6666666666666665,Valid Party Vote,0.0,5.0,7.0,1,63.0,0.0
DEG,DE,5.666666666666667,Valid Party Vote,0.0,4.0,5.0,1,82.0,0.0
DE9,DE,7.333333333333333,Ineligible / Not Applicable,,7.0,1.0,0,15.0,2.0
DE1,DE,7.0,Valid Party Vote,0.0,6.0,3.0,1,86.0,0.0
DE2,DE,5.666666666666667,Valid Party Vote,0.0,5.0,7.0,1,47.0,2.0
DE1,DE,6.0,Valid Party Vote,0.0,5.0,5.0,0,37.0,0.0
DE2,DE,5.0,Valid Party Vote,0.0,4.0,3.0,1,51.0,2.0
DE2,DE,2.3333333333333335,Valid Party Vote,0.0,4.0,3.0,1,59.0,2.0
DE4,DE,2.6666666666666665,Don't Know,,3.0,3.0,0,63.0,0.0
DE1,DE,5.333333333333333,Valid Party Vote,0.0,5.0,5.0,0,62.0,0.0
DEE,DE,1.3333333333333333,Valid Party Vote,0.0,2.0,3.0,1,67.0,0.0
DE9,DE,3.3333333333333335,Ineligible / Not Applicable,,10.0,3.0,1,60.0,2.0
DE1,DE,3.3333333333333335,Don't Know,,5.0,7.0,0,33.0,0.0
DE9,DE,4.666666666666667,Valid Party Vote,0.0,8.0,7.0,0,68.0,2.0
DE1,DE,3.6666666666666665,Valid Party Vote,0.0,5.0,3.0,1,46.0,0.0
DE7,DE,3.0,Ineligible / Not Applicable,,5.0,3.0,0,62.0,2.0
DE2,DE,3.6666666666666665,Valid Party Vote,0.0,4.0,4.0,0,24.0,2.0
DE7,DE,5.0,Valid Party Vote,0.0,5.0,3.0,1,56.0,2.0
DEA,DE,6.0,Valid Party Vote,0.0,5.0,2.0,0,47.0,0.0
DEB,DE,0.6666666666666666,Valid Party Vote,0.0,0.0,3.0,1,60.0,0.0
DE8,DE,7.0,Valid Party Vote,0.0,4.0,3.0,1,58.0,
DE9,DE,5.0,Valid Party Vote,0.0,5.0,2.0,1,69.0,2.0
DEA,DE,5.333333333333333,Don't Know,,,4.0,0,21.0,0.0
DEA,DE,9.5,Ineligible / Not Applicable,,4.0,2.0,1,43.0,0.0
DE2,DE,7.0,Valid Party Vote,0.0,6.0,6.0,0,25.0,2.0
DEA,DE,7.333333333333333,Valid Party Vote,0.0,7.0,5.0,1,51.0,0.0
DE2,DE,6.0,Valid Party Vote,0.0,7.0,7.0,1,51.0,2.0
DEA,DE,0.0,Don't Know,,2.0,5.0,0,69.0,0.0
DE2,DE,5.666666666666667,Valid Party Vote,0.0,8.0,4.0,0,21.0,2.0
DE1,DE,3.6666666666666665,Valid Party Vote,0.0,4.0,3.0,1,60.0,0.0
DE2,DE,7.333333333333333,Valid Party Vote,0.0,9.0,7.0,0,67.0,2.0
DE1,DE,6.333333333333333,Valid Party Vote,0.0,9.0,7.0,1,30.0,0.0
DE2,DE,6.333333333333333,Valid Party Vote,0.0,5.0,4.0,1,21.0,2.0
DE7,DE,3.6666666666666665,Don't Know,,5.0,7.0,1,59.0,2.0
DE2,DE,8.0,Ineligible / Not Applicable,,,3.0,1,56.0,2.0
DE8,DE,6.0,Valid Party Vote,0.0,5.0,7.0,0,62.0,
DE7,DE,5.666666666666667,Ineligible / Not Applicable,,5.0,2.0,1,38.0,2.0
DEF,DE,7.0,Ineligible / Not Applicable,,5.0,6.0,1,40.0,0.0
DE9,DE,5.333333333333333,Valid Party Vote,0.0,7.0,7.0,0,51.0,2.0
DEB,DE,7.333333333333333,Ineligible / Not Applicable,,8.0,4.0,0,18.0,0.0
DE9,DE,8.0,Valid Party Vote,0.0,4.0,3.0,0,76.0,2.0
DEA,DE,3.6666666666666665,Valid Party Vote,0.0,6.0,5.0,0,74.0,0.0
DEA,DE,1.3333333333333333,Valid Party Vote,0.0,2.0,3.0,1,61.0,0.0
DEA,DE,8.333333333333334,Valid Party Vote,0.0,6.0,3.0,0,24.0,0.0
DEG,DE,5.0,Ineligible / Not Applicable,,3.0,2.0,1,46.0,0.0
DEA,DE,7.0,Valid Party Vote,0.0,6.0,5.0,1,40.0,0.0
DEB,DE,3.6666666666666665,Valid Party Vote,0.0,8.0,6.0,0,72.0,0.0
DEA,DE,6.0,Valid Party Vote,0.0,8.0,3.0,0,67.0,0.0
DEA,DE,0.3333333333333333,Ineligible / Not Applicable,,5.0,3.0,1,42.0,0.0
DE9,DE,3.0,Valid Party Vote,0.0,1.0,3.0,1,63.0,2.0
DE2,DE,2.3333333333333335,Don't Know,,,3.0,1,31.0,2.0
DEG,DE,0.6666666666666666,Valid Party Vote,1.0,7.0,3.0,0,35.0,0.0
DE2,DE,6.666666666666667,Don't Know,,7.0,7.0,0,33.0,2.0
DE1,DE,4.333333333333333,Valid Party Vote,0.0,3.0,3.0,0,72.0,0.0
DEA,DE,6.0,Valid Party Vote,0.0,5.0,3.0,1,28.0,0.0
DE9,DE,7.0,Valid Party Vote,0.0,4.0,7.0,1,80.0,2.0
DE2,DE,7.666666666666667,Ineligible / Not Applicable,,7.0,4.0,0,19.0,2.0
DE7,DE,0.0,Ineligible / Not Applicable,,8.0,1.0,1,19.0,2.0
DE1,DE,5.0,Valid Party Vote,0.0,5.0,3.0,1,72.0,0.0
DE7,DE,9.0,Valid Party Vote,0.0,10.0,3.0,0,54.0,2.0
DEA,DE,6.0,Valid Party Vote,0.0,5.0,7.0,0,84.0,0.0
DE2,DE,6.333333333333333,Valid Party Vote,0.0,6.0,3.0,1,81.0,2.0
DEA,DE,8.666666666666666,Valid Party Vote,0.0,8.0,7.0,0,43.0,0.0
DE7,DE,8.666666666666666,Valid Party Vote,0.0,8.0,3.0,1,59.0,2.0
DED,DE,8.0,Ineligible / Not Applicable,,5.0,1.0,0,16.0,0.0
DED,DE,0.3333333333333333,Refuse to Say,,4.0,5.0,0,48.0,0.0
DEA,DE,4.0,Valid Party Vote,0.0,5.0,5.0,0,72.0,0.0
DE7,DE,6.0,Valid Party Vote,0.0,6.0,6.0,0,57.0,2.0
DE1,DE,1.0,Valid Party Vote,0.0,1.0,3.0,1,65.0,0.0
DE1,DE,4.333333333333333,Valid Party Vote,0.0,4.0,5.0,1,36.0,0.0
DED,DE,6.333333333333333,Refuse to Say,,10.0,5.0,1,60.0,0.0
DE2,DE,7.0,Ineligible / Not Applicable,,8.0,1.0,0,17.0,2.0
DEA,DE,6.333333333333333,Refuse to Say,,7.0,5.0,1,51.0,0.0
DE7,DE,7.0,Don't Know,,6.0,1.0,1,20.0,2.0
DE2,DE,1.0,Valid Party Vote,0.0,6.0,2.0,1,71.0,2.0
DEC,DE,7.0,Valid Party Vote,0.0,8.0,7.0,0,79.0,
DEA,DE,7.333333333333333,Valid Party Vote,0.0,5.0,5.0,1,33.0,0.0
DEA,DE,3.3333333333333335,Valid Party Vote,0.0,4.0,3.0,1,74.0,0.0
DEA,DE,7.333333333333333,Valid Party Vote,0.0,6.0,4.0,1,75.0,0.0
DEB,DE,3.0,Valid Party Vote,0.0,4.0,5.0,0,62.0,0.0
DE1,DE,6.333333333333333,Valid Party Vote,0.0,8.0,3.0,0,70.0,0.0
DE4,DE,8.0,Valid Party Vote,0.0,5.0,3.0,1,56.0,0.0
DEF,DE,5.666666666666667,Valid Party Vote,0.0,7.0,5.0,0,78.0,0.0
DE3,DE,6.666666666666667,Ineligible / Not Applicable,,6.0,7.0,1,39.0,2.0
DE2,DE,2.6666666666666665,Refuse to Say,,0.0,3.0,0,59.0,2.0
DE6,DE,2.3333333333333335,Valid Party Vote,0.0,5.0,7.0,1,58.0,
DEA,DE,7.666666666666667,Valid Party Vote,0.0,8.0,7.0,0,29.0,0.0
DEA,DE,6.333333333333333,Valid Party Vote,0.0,9.0,7.0,0,58.0,0.0
DEA,DE,4.0,Valid Party Vote,0.0,3.0,3.0,1,73.0,0.0
DEE,DE,2.0,Valid Party Vote,0.0,2.0,3.0,0,76.0,0.0
DE2,DE,5.666666666666667,Refuse to Say,,5.0,6.0,1,27.0,2.0
DE1,DE,6.333333333333333,Ineligible / Not Applicable,,8.0,7.0,1,31.0,0.0
DEB,DE,7.666666666666667,Valid Party Vote,0.0,5.0,5.0,1,59.0,0.0
DE3,DE,7.0,Valid Party Vote,0.0,4.0,3.0,0,47.0,2.0
DEG,DE,0.0,Valid Party Vote,1.0,1.0,3.0,1,65.0,0.0
DE2,DE,4.0,Valid Party Vote,0.0,6.0,3.0,1,58.0,2.0
DEA,DE,6.333333333333333,Valid Party Vote,0.0,5.0,5.0,1,44.0,0.0
DE2,DE,3.6666666666666665,Valid Party Vote,0.0,3.0,3.0,1,63.0,2.0
DE2,DE,4.666666666666667,Valid Party Vote,0.0,4.0,3.0,0,62.0,2.0
DE1,DE,4.0,Don't Know,,1.0,3.0,0,85.0,0.0
DEA,DE,6.333333333333333,Valid Party Vote,0.0,5.0,6.0,0,68.0,0.0
DE2,DE,4.666666666666667,Valid Party Vote,0.0,8.0,3.0,1,47.0,2.0
DE8,DE,6.666666666666667,Valid Party Vote,0.0,8.0,3.0,1,23.0,
DEA,DE,6.666666666666667,Don't Know,,8.0,6.0,1,25.0,0.0
DEB,DE,4.0,Ineligible / Not Applicable,,3.0,5.0,1,24.0,0.0
DE2,DE,1.6666666666666667,Valid Party Vote,0.0,1.0,3.0,1,45.0,2.0
DE2,DE,4.666666666666667,Valid Party Vote,0.0,5.0,6.0,0,52.0,2.0
DE1,DE,3.0,Valid Party Vote,0.0,5.0,3.0,0,72.0,0.0
DE1,DE,3.3333333333333335,Refuse to Say,,7.0,3.0,1,31.0,0.0
DE9,DE,8.0,Ineligible / Not Applicable,,4.0,5.0,1,62.0,2.0
DEB,DE,1.0,Ineligible / Not Applicable,,3.0,2.0,1,51.0,0.0
DEA,DE,8.0,Valid Party Vote,0.0,6.0,7.0,1,45.0,0.0
DE9,DE,6.333333333333333,Refuse to Say,,6.0,7.0,0,82.0,2.0
DEB,DE,6.333333333333333,Valid Party Vote,0.0,5.0,7.0,0,32.0,0.0
DE2,DE,4.666666666666667,Ineligible / Not Applicable,,5.0,3.0,1,38.0,2.0
DED,DE,3.6666666666666665,Refuse to Say,,2.0,3.0,0,46.0,0.0
DE1,DE,2.3333333333333335,Refuse to Say,,2.0,3.0,0,54.0,0.0
DEA,DE,5.666666666666667,Valid Party Vote,0.0,6.0,3.0,0,78.0,0.0
DEE,DE,1.0,Valid Party Vote,0.0,7.0,3.0,0,60.0,0.0
DEA,DE,9.666666666666666,Ineligible / Not Applicable,,5.0,4.0,0,19.0,0.0
DEB,DE,5.333333333333333,Valid Party Vote,0.0,6.0,7.0,1,79.0,0.0
DE7,DE,4.666666666666667,Valid Party Vote,0.0,5.0,3.0,1,21.0,2.0
DE2,DE,1.3333333333333333,Ineligible / Not Applicable,,3.0,3.0,0,52.0,2.0
DEF,DE,4.666666666666667,Valid Party Vote,0.0,4.0,3.0,0,66.0,0.0
DEA,DE,6.666666666666667,Valid Party Vote,0.0,7.0,5.0,1,24.0,0.0
DE3,DE,0.3333333333333333,Ineligible / Not Applicable,,10.0,2.0,1,21.0,2.0
DEA,DE,7.666666666666667,Valid Party Vote,0.0,3.0,5.0,0,69.0,0.0
DE2,DE,1.6666666666666667,Valid Party Vote,1.0,0.0,3.0,0,58.0,2.0
DE9,DE,1.6666666666666667,Ineligible / Not Applicable,,3.0,3.0,0,47.0,2.0
DE2,DE,2.0,Refuse to Say,,2.0,3.0,1,61.0,2.0
DED,DE,3.3333333333333335,Don't Know,,0.0,3.0,1,73.0,0.0
DE1,DE,1.0,Valid Party Vote,0.0,3.0,5.0,0,66.0,0.0
DEA,DE,6.666666666666667,Valid Party Vote,0.0,5.0,3.0,0,21.0,0.0
DEA,DE,7.0,Valid Party Vote,0.0,8.0,3.0,0,43.0,0.0
DE9,DE,5.666666666666667,Valid Party Vote,0.0,6.0,5.0,0,60.0,2.0
DE1,DE,5.666666666666667,Ineligible / Not Applicable,,5.0,3.0,1,26.0,0.0
DEB,DE,2.0,Valid Party Vote,0.0,3.0,3.0,0,34.0,0.0
DEF,DE,2.0,Ineligible / Not Applicable,,5.0,1.0,1,18.0,0.0
DEF,DE,6.0,Valid Party Vote,0.0,5.0,7.0,0,69.0,0.0
DE3,DE,5.666666666666667,Valid Party Vote,0.0,2.0,4.0,1,43.0,2.0
DE1,DE,5.666666666666667,Ineligible / Not Applicable,,5.0,1.0,0,16.0,0.0
DE1,DE,7.666666666666667,Valid Party Vote,0.0,10.0,7.0,0,52.0,0.0
DE4,DE,4.0,Refuse to Say,,1.0,3.0,0,59.0,0.0
DEA,DE,5.333333333333333,Don't Know,,7.0,3.0,1,31.0,0.0
DE9,DE,6.666666666666667,Valid Party Vote,0.0,6.0,7.0,0,45.0,2.0
DE7,DE,9.333333333333334,Valid Party Vote,0.0,8.0,7.0,0,90.0,2.0
DE4,DE,5.666666666666667,Valid Party Vote,0.0,3.0,4.0,0,37.0,0.0
DED,DE,4.0,Refuse to Say,,5.0,5.0,0,53.0,0.0
DE1,DE,3.3333333333333335,Ineligible / Not Applicable,,4.0,3.0,1,35.0,0.0
DE1,DE,1.3333333333333333,Don't Know,,,6.0,1,66.0,0.0
DE1,DE,7.333333333333333,Valid Party Vote,0.0,0.0,5.0,1,56.0,0.0
DE2,DE,8.0,Valid Party Vote,0.0,5.0,5.0,0,61.0,2.0
DEF,DE,7.0,Valid Party Vote,0.0,5.0,3.0,1,52.0,0.0
DEA,DE,4.333333333333333,Valid Party Vote,0.0,5.0,5.0,1,50.0,0.0
DED,DE,0.3333333333333333,Valid Party Vote,0.0,0.0,5.0,0,73.0,0.0
DE3,DE,7.0,Valid Party Vote,0.0,,7.0,1,67.0,2.0
DE9,DE,4.0,Valid Party Vote,0.0,2.0,1.0,0,61.0,2.0
DEA,DE,7.333333333333333,Valid Party Vote,0.0,8.0,5.0,1,50.0,0.0
DED,DE,3.0,Valid Party Vote,0.0,10.0,3.0,0,44.0,0.0
DEB,DE,4.0,Ineligible / Not Applicable,,5.0,,0,54.0,0.0
DE2,DE,8.0,Valid Party Vote,0.0,7.0,7.0,0,38.0,2.0
DEG,DE,8.0,Valid Party Vote,0.0,8.0,7.0,0,55.0,0.0
DE2,DE,1.3333333333333333,Ineligible / Not Applicable,,3.0,3.0,1,36.0,2.0
DE1,DE,7.333333333333333,Valid Party Vote,0.0,8.0,6.0,0,35.0,0.0
DE2,DE,5.0,Ineligible / Not Applicable,,3.0,3.0,0,28.0,2.0
DE1,DE,4.5,Valid Party Vote,0.0,1.0,3.0,1,64.0,0.0
DE9,DE,3.0,Valid Party Vote,0.0,2.0,3.0,0,79.0,2.0
DE1,DE,5.0,Valid Party Vote,0.0,7.0,6.0,0,24.0,0.0
DEB,DE,7.0,Valid Party Vote,0.0,5.0,5.0,0,53.0,0.0
DEA,DE,5.333333333333333,Valid Party Vote,0.0,5.0,5.0,1,45.0,0.0
DED,DE,6.0,Valid Party Vote,0.0,4.0,3.0,1,32.0,0.0
DE2,DE,6.333333333333333,Valid Party Vote,0.0,6.0,4.0,1,20.0,2.0
DE1,DE,7.333333333333333,Valid Party Vote,0.0,5.0,7.0,1,41.0,0.0
DE2,DE,5.666666666666667,Ineligible / Not Applicable,,5.0,2.0,0,18.0,2.0
DE2,DE,6.333333333333333,Ineligible / Not Applicable,,9.0,7.0,1,65.0,2.0
DEA,DE,4.333333333333333,Valid Party Vote,0.0,7.0,3.0,0,26.0,0.0
DE7,DE,2.0,Ineligible / Not Applicable,,3.0,5.0,0,77.0,2.0
DE8,DE,4.0,Valid Party Vote,0.0,7.0,5.0,1,37.0,
DEA,DE,5.666666666666667,Valid Party Vote,0.0,7.0,5.0,0,41.0,0.0
DEA,DE,1.3333333333333333,Ineligible / Not Applicable,,2.0,3.0,0,44.0,0.0
DEB,DE,0.0,Ineligible / Not Applicable,,10.0,2.0,1,21.0,0.0
DE4,DE,6.0,Valid Party Vote,0.0,2.0,3.0,0,65.0,0.0
DEC,DE,7.0,Valid Party Vote,0.0,6.0,3.0,0,26.0,
DE2,DE,5.666666666666667,Ineligible / Not Applicable,,5.0,3.0,0,31.0,2.0
DEE,DE,5.0,Don't Know,,6.0,5.0,0,65.0,0.0
DE9,DE,8.333333333333334,Valid Party Vote,0.0,4.0,5.0,0,59.0,2.0
DEA,DE,5.333333333333333,Ineligible / Not Applicable,,0.0,3.0,1,60.0,0.0
DE1,DE,1.6666666666666667,Valid Party Vote,0.0,1.0,6.0,1,66.0,0.0
DE9,DE,8.0,Valid Party Vote,0.0,6.0,5.0,0,59.0,2.0
DE9,DE,5.333333333333333,Valid Party Vote,0.0,6.0,3.0,1,52.0,2.0
DE8,DE,3.3333333333333335,Valid Party Vote,1.0,1.0,3.0,1,37.0,
DEC,DE,0.6666666666666666,Ineligible / Not Applicable,,0.0,3.0,1,53.0,
DEA,DE,3.3333333333333335,Valid Party Vote,0.0,5.0,5.0,0,20.0,0.0
DE1,DE,4.666666666666667,Valid Party Vote,0.0,7.0,3.0,0,44.0,0.0
DEA,DE,2.3333333333333335,Valid Party Vote,0.0,3.0,3.0,0,69.0,0.0
DEA,DE,5.333333333333333,Valid Party Vote,0.0,,3.0,1,84.0,0.0
DEA,DE,6.333333333333333,Valid Party Vote,0.0,4.0,3.0,0,66.0,0.0
DE1,DE,3.0,Don't Know,,0.0,5.0,1,35.0,0.0
DE1,DE,2.0,Ineligible / Not Applicable,,4.0,,0,55.0,0.0
DEB,DE,2.6666666666666665,Valid Party Vote,0.0,0.0,3.0,0,56.0,0.0
DE2,DE,0.0,Ineligible / Not Applicable,,5.0,3.0,0,66.0,2.0
DE1,DE,5.0,Valid Party Vote,0.0,3.0,6.0,0,58.0,0.0
DEA,DE,6.333333333333333,Valid Party Vote,0.0,10.0,5.0,1,60.0,0.0
DEA,DE,4.666666666666667,Ineligible / Not Applicable,,2.0,5.0,0,22.0,0.0
DE1,DE,3.3333333333333335,Don't Know,,8.0,6.0,1,32.0,0.0
DEB,DE,7.666666666666667,Valid Party Vote,0.0,8.0,5.0,0,54.0,0.0
DEA,DE,5.0,Ineligible / Not Applicable,,5.0,4.0,1,24.0,0.0
DE1,DE,9.333333333333334,Valid Party Vote,0.0,6.0,5.0,1,83.0,0.0
DEE,DE,6.333333333333333,Refuse to Say,,1.0,3.0,0,30.0,0.0
DEC,DE,6.666666666666667,Valid Party Vote,0.0,6.0,5.0,0,67.0,
DE2,DE,5.666666666666667,Valid Party Vote,0.0,2.0,3.0,0,56.0,2.0
DEB,DE,4.666666666666667,Ineligible / Not Applicable,,5.0,4.0,0,25.0,0.0
DE9,DE,5.333333333333333,Valid Party Vote,0.0,4.0,3.0,1,72.0,2.0
DE2,DE,3.6666666666666665,Valid Party Vote,0.0,5.0,3.0,1,70.0,2.0
DEF,DE,3.3333333333333335,Valid Party Vote,0.0,10.0,7.0,0,41.0,0.0
DE7,DE,4.666666666666667,Valid Party Vote,0.0,5.0,6.0,1,25.0,2.0
DEB,DE,3.6666666666666665,Valid Party Vote,0.0,6.0,5.0,1,46.0,0.0
DE2,DE,6.666666666666667,Valid Party Vote,0.0,6.0,5.0,1,26.0,2.0
DE2,DE,7.0,Valid Party Vote,0.0,7.0,5.0,0,33.0,2.0
DE2,DE,2.6666666666666665,Valid Party Vote,0.0,4.0,3.0,0,55.0,2.0
DE1,DE,5.0,Valid Party Vote,0.0,7.0,7.0,1,68.0,0.0
DED,DE,4.333333333333333,Valid Party Vote,0.0,5.0,7.0,0,56.0,0.0
DEA,DE,8.333333333333334,Ineligible / Not Applicable,,7.0,1.0,0,39.0,0.0
DE2,DE,3.0,Valid Party Vote,0.0,5.0,3.0,1,55.0,2.0
DEA,DE,7.0,Valid Party Vote,0.0,8.0,5.0,0,78.0,0.0
DEF,DE,6.0,Valid Party Vote,0.0,5.0,7.0,1,53.0,0.0
DEF,DE,8.0,Refuse to Say,,8.0,3.0,1,65.0,0.0
DEA,DE,4.666666666666667,Ineligible / Not Applicable,,2.0,3.0,0,46.0,0.0
DE4,DE,2.0,Valid Party Vote,1.0,3.0,3.0,0,58.0,0.0
DE1,DE,5.0,Valid Party Vote,1.0,2.0,7.0,1,59.0,0.0
DEA,DE,7.666666666666667,Ineligible / Not Applicable,,7.0,6.0,0,45.0,0.0
DE6,DE,4.666666666666667,Ineligible / Not Applicable,,5.0,2.0,1,66.0,
DE7,DE,5.666666666666667,Valid Party Vote,0.0,5.0,3.0,0,39.0,2.0
DE7,DE,5.666666666666667,Valid Party Vote,0.0,5.0,3.0,1,26.0,2.0
DE1,DE,6.333333333333333,Valid Party Vote,0.0,7.0,5.0,0,73.0,0.0
DE2,DE,9.333333333333334,Ineligible / Not Applicable,,10.0,1.0,0,16.0,2.0
DE9,DE,7.0,Ineligible / Not Applicable,,5.0,2.0,0,16.0,2.0
DEA,DE,5.333333333333333,Valid Party Vote,0.0,5.0,3.0,1,72.0,0.0
DE1,DE,4.0,Valid Party Vote,0.0,3.0,3.0,0,61.0,0.0
DE3,DE,6.333333333333333,Ineligible / Not Applicable,,,7.0,1,41.0,2.0
DE1,DE,7.333333333333333,Valid Party Vote,0.0,7.0,7.0,0,36.0,0.0
DEA,DE,9.333333333333334,Refuse to Say,,9.0,6.0,1,59.0,0.0
DEA,DE,5.0,Valid Party Vote,0.0,4.0,5.0,0,58.0,0.0
DEC,DE,6.333333333333333,Refuse to Say,,7.0,3.0,1,22.0,
DEA,DE,4.0,Valid Party Vote,0.0,5.0,5.0,1,51.0,0.0
DEA,DE,8.333333333333334,Valid Party Vote,0.0,7.0,7.0,1,71.0,0.0
DEA,DE,5.333333333333333,Refuse to Say,,,5.0,0,63.0,0.0
DE3,DE,7.333333333333333,Ineligible / Not Applicable,,8.0,6.0,1,30.0,2.0
DEA,DE,4.0,Valid Party Vote,0.0,5.0,5.0,0,55.0,0.0
DEE,DE,4.0,Valid Party Vote,0.0,4.0,3.0,1,51.0,0.0
DE2,DE,8.0,Valid Party Vote,0.0,8.0,4.0,0,20.0,2.0
DEA,DE,7.0,Don't Know,,6.0,5.0,1,47.0,0.0
DE7,DE,2.3333333333333335,Don't Know,,5.0,3.0,0,33.0,2.0
DE2,DE,3.3333333333333335,Valid Party Vote,0.0,0.0,3.0,1,41.0,2.0
DE4,DE,6.666666666666667,Valid Party Vote,0.0,6.0,5.0,0,32.0,0.0
DE2,DE,6.0,Valid Party Vote,0.0,6.0,6.0,0,79.0,2.0
DEE,DE,3.6666666666666665,Don't Know,,3.0,7.0,1,72.0,0.0
DEG,DE,9.0,Valid Party Vote,0.0,7.0,7.0,0,41.0,0.0
DEF,DE,1.0,Valid Party Vote,0.0,2.0,3.0,1,74.0,0.0
DE1,DE,3.0,Ineligible / Not Applicable,,5.0,2.0,0,19.0,0.0
DEA,DE,1.6666666666666667,Valid Party Vote,0.0,3.0,3.0,1,54.0,0.0
DE2,DE,6.0,Ineligible / Not Applicable,,6.0,6.0,0,31.0,2.0
DED,DE,6.333333333333333,Valid Party Vote,0.0,6.0,5.0,0,35.0,0.0
DE3,DE,2.5,Valid Party Vote,0.0,5.0,3.0,1,90.0,2.0
DE3,DE,6.666666666666667,Ineligible / Not Applicable,,8.0,5.0,1,25.0,2.0
DEA,DE,6.333333333333333,Valid Party Vote,0.0,5.0,3.0,0,23.0,0.0
DEA,DE,8.0,Ineligible / Not Applicable,,8.0,4.0,0,15.0,0.0
DEA,DE,7.333333333333333,Valid Party Vote,0.0,7.0,3.0,1,83.0,0.0
DEA,DE,8.0,Valid Party Vote,0.0,4.0,7.0,0,49.0,0.0
DE9,DE,3.0,Valid Party Vote,0.0,3.0,3.0,0,68.0,2.0
DEA,DE,8.0,Valid Party Vote,0.0,5.0,7.0,1,34.0,0.0
DE2,DE,7.666666666666667,Refuse to Say,,7.0,6.0,0,58.0,2.0
DE9,DE,4.0,Refuse to Say,,4.0,3.0,1,48.0,2.0
DE1,DE,6.333333333333333,Valid Party Vote,0.0,3.0,3.0,0,61.0,0.0
DE9,DE,9.0,Don't Know,,7.0,,1,,2.0
DEA,DE,6.0,Valid Party Vote,0.0,5.0,3.0,0,83.0,0.0
DEE,DE,2.3333333333333335,Don't Know,,2.0,5.0,1,38.0,0.0
DE6,DE,7.666666666666667,Ineligible / Not Applicable,,8.0,5.0,0,53.0,
DE2,DE,6.0,Valid Party Vote,0.0,9.0,3.0,1,58.0,2.0
DE9,DE,9.333333333333334,Valid Party Vote,0.0,5.0,7.0,0,68.0,2.0
DEA,DE,6.0,Valid Party Vote,0.0,3.0,3.0,0,39.0,0.0
DEA,DE,2.3333333333333335,Valid Party Vote,0.0,5.0,5.0,0,71.0,0.0
DE1,DE,7.0,Valid Party Vote,0.0,7.0,7.0,0,78.0,0.0
DE2,DE,3.3333333333333335,Valid Party Vote,0.0,1.0,3.0,0,75.0,2.0
ES6,ES,8.0,Valid Party Vote,0.0,8.0,6.0,0,64.0,1.0
ES6,ES,6.0,Valid Party Vote,0.0,7.0,2.0,1,53.0,1.0
ES6,ES,2.3333333333333335,Valid Party Vote,1.0,7.0,1.0,0,43.0,1.0
ES6,ES,0.6666666666666666,Valid Party Vote,0.0,4.0,2.0,0,32.0,1.0
ES1,ES,4.666666666666667,Valid Party Vote,0.0,6.0,2.0,0,72.0,1.0
ES5,ES,6.0,Ineligible / Not Applicable,,8.0,2.0,0,61.0,1.0
ES4,ES,1.0,Valid Party Vote,0.0,9.0,4.0,1,22.0,1.0
ES6,ES,2.6666666666666665,Valid Party Vote,0.0,8.0,2.0,0,60.0,1.0
ES6,ES,6.0,Valid Party Vote,0.0,8.0,6.0,1,28.0,1.0
ES6,ES,5.333333333333333,Valid Party Vote,0.0,3.0,1.0,1,84.0,1.0
ES1,ES,5.666666666666667,Valid Party Vote,0.0,3.0,3.0,0,43.0,1.0
ES1,ES,4.333333333333333,Valid Party Vote,0.0,4.0,4.0,1,71.0,1.0
ES6,ES,6.0,Ineligible / Not Applicable,,6.0,2.0,1,25.0,1.0
ES2,ES,4.0,Valid Party Vote,0.0,7.0,1.0,1,69.0,1.0
ES5,ES,3.0,Valid Party Vote,0.0,2.0,6.0,0,40.0,1.0
ES4,ES,3.3333333333333335,Valid Party Vote,0.0,8.0,4.0,0,63.0,1.0
ES1,ES,2.3333333333333335,Don't Know,,2.0,1.0,1,74.0,1.0
ES4,ES,5.0,Valid Party Vote,0.0,5.0,2.0,0,25.0,1.0
ES7,ES,1.3333333333333333,Ineligible / Not Applicable,,6.0,2.0,0,18.0,1.0
ES5,ES,5.0,Ineligible / Not Applicable,,8.0,5.0,1,39.0,1.0
ES6,ES,0.6666666666666666,Ineligible / Not Applicable,,1.0,5.0,1,69.0,1.0
ES5,ES,2.3333333333333335,Ineligible / Not Applicable,,5.0,5.0,0,48.0,1.0
ES7,ES,6.0,Valid Party Vote,0.0,7.0,4.0,0,24.0,1.0
ES5,ES,5.333333333333333,Valid Party Vote,0.0,4.0,2.0,0,71.0,1.0
ES4,ES,3.3333333333333335,Ineligible / Not Applicable,,3.0,2.0,0,59.0,1.0
ES5,ES,4.0,Ineligible / Not Applicable,,7.0,2.0,0,46.0,1.0
ES6,ES,5.0,Valid Party Vote,0.0,6.0,5.0,0,27.0,1.0
ES1,ES,6.0,Valid Party Vote,0.0,10.0,7.0,1,58.0,1.0
ES4,ES,4.0,Valid Party Vote,0.0,5.0,5.0,0,37.0,1.0
ES5,ES,0.6666666666666666,Ineligible / Not Applicable,,10.0,2.0,0,63.0,1.0
ES6,ES,0.0,Valid Party Vote,1.0,3.0,6.0,1,57.0,1.0
ES4,ES,5.333333333333333,Valid Party Vote,0.0,8.0,6.0,1,76.0,1.0
ES5,ES,5.666666666666667,Ineligible / Not Applicable,,7.0,3.0,1,20.0,1.0
ES7,ES,1.6666666666666667,Don't Know,,8.0,1.0,0,55.0,1.0
ES5,ES,3.3333333333333335,Ineligible / Not Applicable,,3.0,2.0,0,18.0,1.0
ES3,ES,2.6666666666666665,Ineligible / Not Applicable,,7.0,1.0,1,33.0,1.0
ES4,ES,2.3333333333333335,Ineligible / Not Applicable,,7.0,3.0,0,23.0,1.0
ES6,ES,6.0,Ineligible / Not Applicable,,3.0,2.0,0,27.0,1.0
ES5,ES,5.666666666666667,Ineligible / Not Applicable,,6.0,2.0,0,18.0,1.0
ES5,ES,1.6666666666666667,Ineligible / Not Applicable,,4.0,1.0,1,81.0,1.0
ES4,ES,0.6666666666666666,Ineligible / Not Applicable,,7.0,2.0,0,33.0,1.0
ES3,ES,7.0,Valid Party Vote,0.0,7.0,7.0,1,27.0,1.0
ES6,ES,1.6666666666666667,Ineligible / Not Applicable,,5.0,2.0,1,65.0,1.0
ES2,ES,0.6666666666666666,Don't Know,,0.0,5.0,1,63.0,1.0
ES6,ES,3.0,Valid Party Vote,0.0,7.0,5.0,0,27.0,1.0
ES2,ES,6.0,Ineligible / Not Applicable,,5.0,4.0,1,19.0,1.0
ES4,ES,7.5,Ineligible / Not Applicable,,0.0,1.0,1,86.0,1.0
ES4,ES,4.333333333333333,Ineligible / Not Applicable,,4.0,1.0,1,69.0,1.0
ES5,ES,4.666666666666667,Valid Party Vote,0.0,4.0,7.0,1,42.0,1.0
ES3,ES,6.666666666666667,Valid Party Vote,0.0,8.0,3.0,1,20.0,1.0
ES2,ES,5.333333333333333,Ineligible / Not Applicable,,7.0,7.0,1,37.0,1.0
ES2,ES,7.333333333333333,Valid Party Vote,0.0,10.0,3.0,0,64.0,1.0
ES1,ES,8.0,Ineligible / Not Applicable,,5.0,3.0,0,71.0,1.0
ES2,ES,9.0,Ineligible / Not Applicable,,10.0,5.0,0,35.0,1.0
ES4,ES,5.666666666666667,Valid Party Vote,0.0,5.0,5.0,0,31.0,1.0
ES5,ES,3.0,Valid Party Vote,0.0,8.0,7.0,1,33.0,1.0
ES3,ES,3.3333333333333335,Valid Party Vote,1.0,4.0,2.0,0,22.0,1.0
ES6,ES,2.6666666666666665,Ineligible / Not Applicable,,10.0,1.0,0,43.0,1.0
ES6,ES,4.0,Refuse to Say,,7.0,2.0,1,64.0,1.0
ES6,ES,4.666666666666667,Refuse to Say,,6.0,1.0,1,60.0,1.0
ES3,ES,2.6666666666666665,Ineligible / Not Applicable,,,5.0,0,30.0,1.0
ES4,ES,1.0,Ineligible / Not Applicable,,8.0,2.0,0,30.0,1.0
ES3,ES,5.0,Valid Party Vote,0.0,10.0,6.0,1,57.0,1.0
ES4,ES,1.6666666666666667,Valid Party Vote,1.0,6.0,2.0,0,39.0,1.0
ES3,ES,2.6666666666666665,Valid Party Vote,0.0,5.0,1.0,0,70.0,1.0
ES4,ES,2.3333333333333335,Valid Party Vote,0.0,4.0,2.0,0,53.0,1.0
ES6,ES,5.0,Valid Party Vote,0.0,5.0,3.0,1,45.0,1.0
ES6,ES,3.3333333333333335,Valid Party Vote,0.0,7.0,5.0,0,41.0,1.0
ES5,ES,4.0,Refuse to Say,,8.0,7.0,0,31.0,1.0
ES5,ES,5.666666666666667,Valid Party Vote,0.0,3.0,7.0,1,50.0,1.0
ES5,ES,3.6666666666666665,Valid Party Vote,0.0,4.0,1.0,1,84.0,1.0
ES6,ES,2.0,Valid Party Vote,1.0,0.0,1.0,0,43.0,1.0
ES4,ES,3.6666666666666665,Refuse to Say,,4.0,7.0,1,68.0,1.0
ES2,ES,5.666666666666667,Valid Party Vote,0.0,9.0,2.0,1,47.0,1.0
ES6,ES,5.0,Ineligible / Not Applicable,,3.0,2.0,0,66.0,1.0
ES1,ES,4.0,Valid Party Vote,0.0,5.0,6.0,0,67.0,1.0
ES4,ES,5.666666666666667,Refuse to Say,,7.0,7.0,1,42.0,1.0
ES5,ES,4.333333333333333,Valid Party Vote,0.0,3.0,4.0,1,22.0,1.0
ES3,ES,5.0,Valid Party Vote,0.0,9.0,7.0,1,34.0,1.0
ES6,ES,4.0,Valid Party Vote,0.0,8.0,6.0,1,47.0,1.0
ES5,ES,6.666666666666667,Valid Party Vote,0.0,5.0,3.0,0,19.0,1.0
ES3,ES,3.6666666666666665,Ineligible / Not Applicable,,7.0,7.0,1,25.0,1.0
ES2,ES,5.0,Valid Party Vote,0.0,7.0,5.0,0,25.0,1.0
ES6,ES,6.333333333333333,Refuse to Say,,10.0,2.0,1,67.0,1.0
ES4,ES,5.333333333333333,Valid Party Vote,0.0,5.0,3.0,0,74.0,1.0
ES6,ES,4.333333333333333,Valid Party Vote,0.0,5.0,7.0,0,42.0,1.0
ES4,ES,4.666666666666667,Valid Party Vote,1.0,5.0,3.0,1,54.0,1.0
ES4,ES,5.0,Valid Party Vote,0.0,5.0,6.0,1,31.0,1.0
ES3,ES,4.333333333333333,Valid Party Vote,0.0,9.0,6.0,0,62.0,1.0
ES4,ES,1.3333333333333333,Valid Party Vote,0.0,3.0,1.0,0,73.0,1.0
ES4,ES,5.666666666666667,Blank Ballot,0.0,3.0,2.0,0,26.0,1.0
ES5,ES,2.0,Valid Party Vote,0.0,6.0,6.0,0,88.0,1.0
ES5,ES,3.3333333333333335,Valid Party Vote,0.0,8.0,7.0,0,58.0,1.0
ES3,ES,2.3333333333333335,Ineligible / Not Applicable,,8.0,5.0,1,38.0,1.0
ES5,ES,5.0,Ineligible / Not Applicable,,7.0,2.0,1,27.0,1.0
ES3,ES,6.0,Valid Party Vote,0.0,7.0,2.0,1,45.0,1.0
ES4,ES,2.3333333333333335,Valid Party Vote,1.0,5.0,2.0,1,44.0,1.0
ES1,ES,6.333333333333333,Valid Party Vote,0.0,5.0,2.0,1,79.0,1.0
ES5,ES,6.666666666666667,Valid Party Vote,0.0,5.0,7.0,1,36.0,1.0
ES7,ES,1.0,Valid Party Vote,0.0,7.0,5.0,1,60.0,1.0
ES3,ES,7.0,Ineligible / Not Applicable,,9.0,3.0,0,18.0,1.0
ES5,ES,5.666666666666667,Valid Party Vote,0.0,,7.0,1,43.0,1.0
ES5,ES,1.6666666666666667,Valid Party Vote,1.0,0.0,3.0,0,41.0,1.0
ES5,ES,6.0,Valid Party Vote,0.0,10.0,2.0,1,35.0,1.0
ES6,ES,3.6666666666666665,Valid Party Vote,0.0,5.0,7.0,0,54.0,1.0
ES3,ES,0.0,Ineligible / Not Applicable,,4.0,1.0,0,43.0,1.0
ES5,ES,4.0,Ineligible / Not Applicable,,4.0,1.0,0,74.0,1.0
ES4,ES,3.0,Refuse to Say,,5.0,1.0,1,75.0,1.0
ES2,ES,8.333333333333334,Valid Party Vote,0.0,9.0,2.0,0,61.0,1.0
ES6,ES,5.0,Ineligible / Not Applicable,,9.0,1.0,0,19.0,1.0
ES5,ES,6.0,Valid Party Vote,1.0,5.0,6.0,1,43.0,1.0
ES3,ES,2.0,Invalid Ballot,0.0,,2.0,1,57.0,1.0
ES5,ES,5.333333333333333,Ineligible / Not Applicable,,4.0,2.0,1,18.0,1.0
ES3,ES,1.6666666666666667,Invalid Ballot,0.0,5.0,4.0,0,52.0,1.0
ES5,ES,3.0,Valid Party Vote,0.0,5.0,7.0,1,56.0,1.0
ES2,ES,4.666666666666667,Valid Party Vote,0.0,8.0,3.0,0,47.0,1.0
ES5,ES,5.0,Ineligible / Not Applicable,,6.0,2.0,0,16.0,1.0
ES1,ES,9.333333333333334,Ineligible / Not Applicable,,8.0,5.0,1,38.0,1.0
ES6,ES,5.0,Valid Party Vote,0.0,7.0,1.0,1,77.0,1.0
ES5,ES,7.0,Valid Party Vote,0.0,7.0,1.0,0,74.0,1.0
ES7,ES,5.333333333333333,Valid Party Vote,0.0,9.0,4.0,1,22.0,1.0
ES5,ES,3.0,Refuse to Say,,7.0,2.0,0,50.0,1.0
ES7,ES,0.0,Ineligible / Not Applicable,,,,0,64.0,1.0
ES4,ES,2.3333333333333335,Valid Party Vote,0.0,4.0,1.0,1,56.0,1.0
ES1,ES,3.0,Ineligible / Not Applicable,,4.0,1.0,0,25.0,1.0
ES7,ES,2.3333333333333335,Ineligible / Not Applicable,,0.0,1.0,0,90.0,1.0
ES5,ES,4.666666666666667,Valid Party Vote,0.0,5.0,7.0,0,57.0,1.0
ES6,ES,6.333333333333333,Valid Party Vote,0.0,8.0,2.0,0,61.0,1.0
ES2,ES,0.0,Valid Party Vote,0.0,8.0,5.0,1,23.0,1.0
ES5,ES,0.0,Valid Party Vote,0.0,5.0,2.0,0,62.0,1.0
ES5,ES,5.0,Valid Party Vote,1.0,6.0,1.0,1,69.0,1.0
ES6,ES,2.0,Ineligible / Not Applicable,,5.0,3.0,1,40.0,1.0
ES3,ES,2.6666666666666665,Ineligible / Not Applicable,,8.0,3.0,0,22.0,1.0
ES5,ES,5.666666666666667,Valid Party Vote,0.0,5.0,1.0,0,74.0,1.0
ES6,ES,1.3333333333333333,Valid Party Vote,0.0,5.0,2.0,1,57.0,1.0
ES3,ES,4.666666666666667,Valid Party Vote,0.0,5.0,2.0,0,21.0,1.0
ES6,ES,7.333333333333333,Valid Party Vote,0.0,7.0,4.0,0,68.0,1.0
ES3,ES,4.0,Ineligible / Not Applicable,,8.0,6.0,0,40.0,1.0
ES5,ES,4.333333333333333,Valid Party Vote,0.0,5.0,7.0,1,36.0,1.0
ES5,ES,4.333333333333333,Valid Party Vote,0.0,6.0,3.0,0,50.0,1.0
ES6,ES,6.333333333333333,Valid Party Vote,0.0,7.0,4.0,1,23.0,1.0
ES3,ES,5.0,Valid Party Vote,0.0,7.0,4.0,0,26.0,1.0
ES1,ES,6.0,Valid Party Vote,0.0,5.0,3.0,0,29.0,1.0
ES1,ES,0.0,Valid Party Vote,0.0,7.0,2.0,0,67.0,1.0
ES4,ES,3.3333333333333335,Ineligible / Not Applicable,,9.0,6.0,0,50.0,1.0
ES4,ES,3.0,Valid Party Vote,0.0,5.0,1.0,0,74.0,1.0
ES4,ES,6.333333333333333,Valid Party Vote,0.0,7.0,3.0,1,29.0,1.0
ES5,ES,0.0,Ineligible / Not Applicable,,7.0,2.0,1,22.0,1.0
ES2,ES,4.666666666666667,Valid Party Vote,0.0,8.0,4.0,0,66.0,1.0
ES5,ES,6.0,Valid Party Vote,0.0,8.0,2.0,0,40.0,1.0
ES4,ES,3.6666666666666665,Refuse to Say,,4.0,6.0,1,48.0,1.0
ES6,ES,4.0,Refuse to Say,,9.0,2.0,1,72.0,1.0
ES3,ES,7.666666666666667,Ineligible / Not Applicable,,10.0,3.0,1,32.0,1.0
ES6,ES,4.0,Ineligible / Not Applicable,,6.0,7.0,1,46.0,1.0
ES5,ES,2.6666666666666665,Refuse to Say,,5.0,3.0,1,75.0,1.0
ES5,ES,5.0,Valid Party Vote,0.0,7.0,2.0,0,42.0,1.0
ES6,ES,6.666666666666667,Ineligible / Not Applicable,,9.0,3.0,0,21.0,1.0
ES5,ES,4.333333333333333,Refuse to Say,,4.0,3.0,1,71.0,1.0
ES1,ES,4.666666666666667,Valid Party Vote,0.0,6.0,5.0,0,74.0,1.0
ES1,ES,4.666666666666667,Valid Party Vote,0.0,5.0,6.0,1,27.0,1.0
ES2,ES,8.666666666666666,Valid Party Vote,0.0,7.0,6.0,1,61.0,1.0
ES1,ES,3.3333333333333335,Ineligible / Not Applicable,,5.0,1.0,0,67.0,1.0
ES3,ES,0.0,Ineligible / Not Applicable,,8.0,6.0,1,47.0,1.0
ES6,ES,1.6666666666666667,Valid Party Vote,0.0,2.0,1.0,1,29.0,1.0
ES3,ES,3.3333333333333335,Valid Party Vote,0.0,3.0,7.0,1,35.0,1.0
ES2,ES,5.333333333333333,Valid Party Vote,0.0,7.0,6.0,1,51.0,1.0
ES2,ES,5.0,Refuse to Say,,6.0,6.0,0,72.0,1.0
ES5,ES,4.666666666666667,Valid Party Vote,0.0,5.0,3.0,0,56.0,1.0
ES6,ES,2.0,Ineligible / Not Applicable,,6.0,2.0,1,60.0,1.0
ES3,ES,3.0,Refuse to Say,,7.0,7.0,0,55.0,1.0
ES4,ES,6.0,Ineligible / Not Applicable,,6.0,7.0,1,48.0,1.0
ES6,ES,3.0,Refuse to Say,,3.0,1.0,1,77.0,1.0
ES3,ES,3.6666666666666665,Refuse to Say,,6.0,4.0,1,69.0,1.0
ES3,ES,0.0,Ineligible / Not Applicable,,2.0,2.0,0,20.0,1.0
ES4,ES,4.333333333333333,Valid Party Vote,0.0,8.0,7.0,0,25.0,1.0
DE4,DE,8.666666666666666,Valid Party Vote,0.0,3.0,7.0,1,82.0,0.0
DEB,DE,5.0,Valid Party Vote,0.0,5.0,5.0,1,44.0,0.0
DE2,DE,7.333333333333333,Valid Party Vote,0.0,8.0,7.0,0,29.0,2.0
DE2,DE,6.666666666666667,Don't Know,,5.0,5.0,0,53.0,2.0
DE7,DE,6.666666666666667,Valid Party Vote,0.0,5.0,6.0,0,40.0,2.0
DE2,DE,1.0,Refuse to Say,,7.0,5.0,1,67.0,2.0
DE1,DE,4.0,Valid Party Vote,0.0,5.0,7.0,1,63.0,0.0
DE6,DE,5.333333333333333,Valid Party Vote,0.0,8.0,6.0,1,37.0,
DE7,DE,3.0,Valid Party Vote,0.0,4.0,5.0,1,41.0,2.0
DE7,DE,5.0,Valid Party Vote,0.0,5.0,3.0,0,50.0,2.0
DEA,DE,4.0,Valid Party Vote,0.0,1.0,3.0,1,32.0,0.0
DEA,DE,7.0,Valid Party Vote,0.0,5.0,5.0,0,35.0,0.0
DE2,DE,6.0,Valid Party Vote,0.0,5.0,3.0,1,42.0,2.0
DE1,DE,8.333333333333334,Valid Party Vote,0.0,8.0,7.0,0,56.0,0.0
DED,DE,7.0,Valid Party Vote,0.0,5.0,3.0,1,73.0,0.0
DEA,DE,7.666666666666667,Valid Party Vote,0.0,7.0,7.0,0,53.0,0.0
DEG,DE,5.0,Valid Party Vote,0.0,5.0,3.0,0,53.0,0.0
DE2,DE,3.6666666666666665,Valid Party Vote,0.0,3.0,3.0,0,55.0,2.0
DEA,DE,5.333333333333333,Ineligible / Not Applicable,,5.0,5.0,1,45.0,0.0
DEA,DE,7.666666666666667,Valid Party Vote,0.0,5.0,3.0,1,49.0,0.0
DEF,DE,8.666666666666666,Refuse to Say,,8.0,7.0,0,43.0,0.0
DED,DE,3.0,Refuse to Say,,2.0,3.0,1,35.0,0.0
DEA,DE,7.666666666666667,Valid Party Vote,0.0,7.0,5.0,1,49.0,0.0
DE4,DE,4.666666666666667,Valid Party Vote,0.0,8.0,6.0,0,36.0,0.0
DE7,DE,6.0,Ineligible / Not Applicable,,4.0,3.0,0,33.0,2.0
DEA,DE,5.666666666666667,Valid Party Vote,0.0,5.0,3.0,0,74.0,0.0
DEF,DE,4.0,Don't Know,,3.0,3.0,1,40.0,0.0
DE2,DE,4.666666666666667,Valid Party Vote,0.0,1.0,5.0,1,70.0,2.0
DEB,DE,7.666666666666667,Valid Party Vote,0.0,8.0,5.0,0,82.0,0.0
DE2,DE,7.333333333333333,Valid Party Vote,0.0,5.0,7.0,1,29.0,2.0
DE1,DE,5.333333333333333,Ineligible / Not Applicable,,6.0,2.0,1,16.0,0.0
DE2,DE,5.666666666666667,Ineligible / Not Applicable,,5.0,2.0,1,59.0,2.0
DEA,DE,5.0,Valid Party Vote,0.0,8.0,4.0,0,26.0,0.0
DE1,DE,6.0,Valid Party Vote,0.0,6.0,3.0,0,76.0,0.0
DE9,DE,5.0,Valid Party Vote,0.0,5.0,4.0,1,22.0,2.0
DEA,DE,6.0,Valid Party Vote,0.0,9.0,6.0,1,60.0,0.0
DEA,DE,3.3333333333333335,Valid Party Vote,0.0,5.0,5.0,0,25.0,0.0
DE2,DE,2.6666666666666665,Valid Party Vote,1.0,2.0,3.0,1,67.0,2.0
DED,DE,6.0,Valid Party Vote,0.0,7.0,5.0,0,42.0,0.0
DE3,DE,4.666666666666667,Valid Party Vote,0.0,9.0,6.0,0,41.0,2.0
DEA,DE,8.0,Refuse to Say,,6.0,2.0,0,38.0,0.0
DE7,DE,7.0,Refuse to Say,,5.0,6.0,0,32.0,2.0
DE2,DE,6.0,Valid Party Vote,0.0,5.0,3.0,1,58.0,2.0
DE1,DE,8.666666666666666,Valid Party Vote,0.0,9.0,5.0,1,53.0,0.0
DE3,DE,4.666666666666667,Refuse to Say,,6.0,7.0,1,31.0,2.0
DEF,DE,1.6666666666666667,Ineligible / Not Applicable,,9.0,5.0,0,62.0,0.0
DE2,DE,4.666666666666667,Don't Know,,6.0,3.0,1,57.0,2.0
DE7,DE,7.0,Valid Party Vote,0.0,4.0,5.0,0,60.0,2.0
DE1,DE,5.666666666666667,Valid Party Vote,0.0,6.0,7.0,1,32.0,0.0
DEA,DE,7.666666666666667,Ineligible / Not Applicable,,7.0,6.0,0,63.0,0.0
DE2,DE,5.0,Ineligible / Not Applicable,,2.0,5.0,1,29.0,2.0
DED,DE,5.0,Ineligible / Not Applicable,,9.0,3.0,0,46.0,0.0
DEA,DE,5.333333333333333,Valid Party Vote,0.0,5.0,7.0,1,68.0,0.0
DE2,DE,1.6666666666666667,Valid Party Vote,0.0,5.0,3.0,0,55.0,2.0
DEF,DE,5.666666666666667,Ineligible / Not Applicable,,9.0,3.0,1,84.0,0.0
DE2,DE,5.666666666666667,Valid Party Vote,0.0,5.0,7.0,1,81.0,2.0
DE4,DE,3.6666666666666665,Valid Party Vote,0.0,3.0,5.0,0,31.0,0.0
DE7,DE,5.333333333333333,Don't Know,,5.0,4.0,0,27.0,2.0
DE1,DE,5.333333333333333,Ineligible / Not Applicable,,5.0,3.0,0,62.0,0.0
DEA,DE,5.0,Valid Party Vote,0.0,3.0,3.0,0,90.0,0.0
DE2,DE,4.0,Valid Party Vote,0.0,5.0,6.0,1,24.0,2.0
DEA,DE,4.333333333333333,Valid Party Vote,0.0,6.0,3.0,0,73.0,0.0
DE7,DE,5.0,Ineligible / Not Applicable,,5.0,2.0,0,45.0,2.0
DED,DE,7.333333333333333,Ineligible / Not Applicable,,6.0,2.0,1,15.0,0.0
DE9,DE,5.666666666666667,Valid Party Vote,0.0,5.0,5.0,0,30.0,2.0
DE2,DE,3.0,Valid Party Vote,0.0,3.0,3.0,0,70.0,2.0
DEB,DE,9.333333333333334,Ineligible / Not Applicable,,8.0,2.0,1,46.0,0.0
DE2,DE,6.0,Valid Party Vote,0.0,7.0,5.0,1,58.0,2.0
DEA,DE,3.0,Valid Party Vote,0.0,5.0,3.0,1,69.0,0.0
DEB,DE,6.0,Refuse to Say,,10.0,4.0,0,,0.0
DEA,DE,3.0,Ineligible / Not Applicable,,3.0,3.0,0,63.0,0.0
DE1,DE,2.3333333333333335,Valid Party Vote,0.0,1.0,3.0,0,37.0,0.0
DEA,DE,1.6666666666666667,Valid Party Vote,0.0,7.0,2.0,1,62.0,0.0
DE6,DE,4.666666666666667,Valid Party Vote,0.0,5.0,5.0,1,69.0,
DEB,DE,7.666666666666667,Valid Party Vote,0.0,5.0,7.0,0,33.0,0.0
DEB,DE,2.6666666666666665,Ineligible / Not Applicable,,8.0,3.0,1,,0.0
DEA,DE,5.333333333333333,Valid Party Vote,0.0,5.0,3.0,0,60.0,0.0
DED,DE,5.333333333333333,Ineligible / Not Applicable,,5.0,3.0,1,86.0,0.0
DEB,DE,8.333333333333334,Valid Party Vote,0.0,9.0,3.0,0,70.0,0.0
DE4,DE,4.0,Valid Party Vote,0.0,5.0,5.0,1,68.0,0.0
DED,DE,7.333333333333333,Ineligible / Not Applicable,,5.0,2.0,1,18.0,0.0
DE1,DE,5.666666666666667,Ineligible / Not Applicable,,3.0,3.0,1,22.0,0.0
DE1,DE,7.0,Valid Party Vote,0.0,7.0,4.0,1,22.0,0.0
DEA,DE,6.0,Ineligible / Not Applicable,,8.0,4.0,1,19.0,0.0
DE2,DE,8.333333333333334,Don't Know,,9.0,4.0,1,20.0,2.0
DEB,DE,7.0,Valid Party Vote,0.0,7.0,7.0,1,40.0,0.0
DEA,DE,5.666666666666667,Ineligible / Not Applicable,,6.0,1.0,1,15.0,0.0
DE6,DE,8.333333333333334,Valid Party Vote,0.0,10.0,7.0,0,41.0,
DEG,DE,1.3333333333333333,Ineligible / Not Applicable,,4.0,3.0,1,59.0,0.0
DE7,DE,8.0,Ineligible / Not Applicable,,5.0,2.0,0,30.0,2.0
DEE,DE,2.3333333333333335,Valid Party Vote,0.0,4.0,3.0,0,53.0,0.0
DE7,DE,6.0,Ineligible / Not Applicable,,7.0,2.0,1,22.0,2.0
DE3,DE,2.6666666666666665,Don't Know,,5.0,3.0,1,48.0,2.0
DEA,DE,6.333333333333333,Valid Party Vote,0.0,5.0,7.0,1,80.0,0.0
DE1,DE,4.666666666666667,Valid Party Vote,1.0,0.0,3.0,0,66.0,0.0
DEG,DE,1.0,Ineligible / Not Applicable,,0.0,3.0,0,69.0,0.0
DED,DE,7.333333333333333,Ineligible / Not Applicable,,8.0,2.0,0,19.0,0.0
DE9,DE,3.0,Valid Party Vote,0.0,4.0,3.0,0,29.0,2.0
DEA,DE,5.333333333333333,Valid Party Vote,0.0,9.0,5.0,1,29.0,0.0
DE2,DE,5.666666666666667,Valid Party Vote,0.0,6.0,3.0,1,73.0,2.0
DE1,DE,7.333333333333333,Valid Party Vote,0.0,7.0,3.0,1,62.0,0.0
DEA,DE,7.333333333333333,Don't Know,,5.0,4.0,1,19.0,0.0
DE1,DE,6.333333333333333,Ineligible / Not Applicable,,5.0,5.0,0,42.0,0.0
DEB,DE,6.666666666666667,Valid Party Vote,0.0,7.0,3.0,1,54.0,0.0
DE2,DE,7.333333333333333,Valid Party Vote,0.0,8.0,7.0,0,58.0,2.0
DE1,DE,5.333333333333333,Valid Party Vote,0.0,4.0,3.0,0,74.0,0.0
DE9,DE,5.0,Ineligible / Not Applicable,,9.0,7.0,0,38.0,2.0
DE2,DE,3.6666666666666665,Valid Party Vote,0.0,3.0,3.0,0,38.0,2.0
DEA,DE,3.3333333333333335,Refuse to Say,,5.0,3.0,0,82.0,0.0
DE9,DE,4.666666666666667,Ineligible / Not Applicable,,5.0,5.0,0,27.0,2.0
DE2,DE,3.0,Ineligible / Not Applicable,,3.0,2.0,1,48.0,2.0
DE9,DE,7.0,Valid Party Vote,0.0,5.0,5.0,1,23.0,2.0
DEA,DE,5.666666666666667,Valid Party Vote,0.0,5.0,7.0,1,78.0,0.0
DED,DE,2.3333333333333335,Valid Party Vote,0.0,2.0,5.0,1,41.0,0.0
DEA,DE,2.0,Valid Party Vote,0.0,5.0,5.0,0,29.0,0.0
DED,DE,5.333333333333333,Valid Party Vote,0.0,3.0,7.0,0,69.0,0.0
DE1,DE,1.6666666666666667,Ineligible / Not Applicable,,2.0,2.0,0,17.0,0.0
DEF,DE,2.0,Valid Party Vote,0.0,3.0,3.0,1,46.0,0.0
DED,DE,4.666666666666667,Valid Party Vote,0.0,8.0,7.0,1,56.0,0.0
DE7,DE,5.0,Ineligible / Not Applicable,,4.0,2.0,1,19.0,2.0
DE4,DE,0.6666666666666666,Valid Party Vote,0.0,0.0,3.0,0,70.0,0.0
DE2,DE,3.6666666666666665,Ineligible / Not Applicable,,2.0,3.0,0,28.0,2.0
DEB,DE,6.0,Ineligible / Not Applicable,,6.0,7.0,1,46.0,0.0
DEA,DE,8.0,Valid Party Vote,0.0,6.0,3.0,1,67.0,0.0
DE2,DE,6.333333333333333,Refuse to Say,,5.0,3.0,1,51.0,2.0
DE7,DE,5.0,Don't Know,,3.0,3.0,0,23.0,2.0
DEA,DE,2.3333333333333335,Ineligible / Not Applicable,,7.0,3.0,1,63.0,0.0
DE1,DE,7.666666666666667,Valid Party Vote,0.0,5.0,7.0,1,60.0,0.0
DE1,DE,7.333333333333333,Ineligible / Not Applicable,,6.0,6.0,1,29.0,0.0
DE2,DE,6.333333333333333,Valid Party Vote,0.0,7.0,5.0,0,24.0,2.0
DE2,DE,6.333333333333333,Refuse to Say,,4.0,5.0,1,56.0,2.0
DEG,DE,8.0,Ineligible / Not Applicable,,7.0,7.0,1,34.0,0.0
DE2,DE,5.666666666666667,Valid Party Vote,0.0,4.0,2.0,1,75.0,2.0
DEA,DE,2.6666666666666665,Valid Party Vote,1.0,5.0,3.0,0,27.0,0.0
DE2,DE,8.333333333333334,Valid Party Vote,0.0,7.0,3.0,1,61.0,2.0
DED,DE,4.666666666666667,Valid Party Vote,0.0,8.0,2.0,1,89.0,0.0
DE2,DE,8.666666666666666,Valid Party Vote,0.0,9.0,7.0,1,47.0,2.0
DEA,DE,8.333333333333334,Valid Party Vote,0.0,8.0,4.0,0,20.0,0.0
DE1,DE,2.3333333333333335,Valid Party Vote,0.0,5.0,7.0,0,36.0,0.0
DE2,DE,3.3333333333333335,Valid Party Vote,0.0,6.0,6.0,0,38.0,2.0
DE2,DE,4.0,Valid Party Vote,0.0,5.0,6.0,1,37.0,2.0
DEA,DE,1.3333333333333333,Valid Party Vote,0.0,0.0,5.0,0,29.0,0.0
DE9,DE,5.333333333333333,Valid Party Vote,0.0,3.0,3.0,0,55.0,2.0
DEG,DE,4.0,Don't Know,,3.0,5.0,1,54.0,0.0
DE1,DE,4.666666666666667,Valid Party Vote,0.0,4.0,5.0,0,59.0,0.0
DE2,DE,4.0,Valid Party Vote,0.0,2.0,3.0,0,63.0,2.0
DE1,DE,7.333333333333333,Valid Party Vote,0.0,4.0,3.0,1,70.0,0.0
DEA,DE,3.3333333333333335,Refuse to Say,,4.0,5.0,1,41.0,0.0
DEF,DE,4.0,Valid Party Vote,0.0,5.0,3.0,0,75.0,0.0
DEA,DE,5.0,Valid Party Vote,0.0,8.0,5.0,1,56.0,0.0
DE2,DE,7.666666666666667,Valid Party Vote,0.0,5.0,7.0,0,64.0,2.0
DEA,DE,0.6666666666666666,Refuse to Say,,2.0,3.0,0,85.0,0.0
DE1,DE,9.0,Valid Party Vote,0.0,5.0,5.0,0,62.0,0.0
DE1,DE,3.6666666666666665,Ineligible / Not Applicable,,4.0,3.0,0,72.0,0.0
DE2,DE,6.666666666666667,Valid Party Vote,0.0,5.0,3.0,0,59.0,2.0
DEA,DE,4.333333333333333,Valid Party Vote,0.0,4.0,5.0,0,64.0,0.0
DE4,DE,5.333333333333333,Valid Party Vote,0.0,8.0,6.0,0,76.0,0.0
DEC,DE,8.666666666666666,Ineligible / Not Applicable,,7.0,4.0,0,44.0,
DEA,DE,2.0,Ineligible / Not Applicable,,,7.0,1,48.0,0.0
DEA,DE,8.333333333333334,Valid Party Vote,0.0,6.0,3.0,1,60.0,0.0
DEA,DE,6.333333333333333,Valid Party Vote,0.0,7.0,2.0,0,76.0,0.0
DE2,DE,7.333333333333333,Valid Party Vote,0.0,10.0,5.0,0,38.0,2.0
DE6,DE,8.333333333333334,Ineligible / Not Applicable,,8.0,6.0,1,30.0,
DEA,DE,5.333333333333333,Ineligible / Not Applicable,,6.0,4.0,1,18.0,0.0
DE6,DE,6.333333333333333,Valid Party Vote,0.0,7.0,6.0,0,37.0,
DEF,DE,4.0,Valid Party Vote,0.0,2.0,6.0,1,47.0,0.0
DE2,DE,5.666666666666667,Valid Party Vote,0.0,5.0,3.0,0,22.0,2.0
DEA,DE,4.666666666666667,Valid Party Vote,0.0,4.0,3.0,1,71.0,0.0
DE7,DE,7.0,Valid Party Vote,0.0,8.0,3.0,0,64.0,2.0
DE6,DE,4.333333333333333,Valid Party Vote,0.0,7.0,7.0,1,44.0,
DEB,DE,4.666666666666667,Valid Party Vote,0.0,4.0,3.0,1,74.0,0.0
DE9,DE,6.0,Valid Party Vote,0.0,3.0,5.0,0,58.0,2.0
DEA,DE,4.666666666666667,Valid Party Vote,0.0,5.0,5.0,1,28.0,0.0
DE3,DE,4.0,Ineligible / Not Applicable,,5.0,3.0,1,47.0,2.0
DE9,DE,6.666666666666667,Valid Party Vote,0.0,6.0,5.0,0,40.0,2.0
DEA,DE,4.333333333333333,Valid Party Vote,0.0,5.0,7.0,0,41.0,0.0
DE1,DE,8.0,Valid Party Vote,0.0,10.0,6.0,1,39.0,0.0
DEA,DE,7.0,Valid Party Vote,0.0,8.0,5.0,0,53.0,0.0
DE7,DE,4.666666666666667,Ineligible / Not Applicable,,3.0,3.0,1,63.0,2.0
DE1,DE,1.6666666666666667,Don't Know,,2.0,3.0,0,29.0,0.0
DEF,DE,6.666666666666667,Valid Party Vote,0.0,8.0,5.0,1,46.0,0.0
DEA,DE,8.0,Don't Know,,8.0,3.0,1,47.0,0.0
DEA,DE,7.666666666666667,Valid Party Vote,0.0,2.0,2.0,1,30.0,0.0
DEA,DE,0.5,Valid Party Vote,1.0,0.0,3.0,0,75.0,0.0
DEA,DE,5.0,Ineligible / Not Applicable,,8.0,2.0,0,15.0,0.0
DEE,DE,6.666666666666667,Valid Party Vote,0.0,4.0,3.0,0,54.0,0.0
DEE,DE,4.0,Refuse to Say,,8.0,5.0,1,82.0,0.0
DEG,DE,6.0,Valid Party Vote,0.0,,5.0,1,78.0,0.0
DEE,DE,8.0,Valid Party Vote,0.0,5.0,5.0,0,67.0,0.0
DE2,DE,8.0,Valid Party Vote,0.0,6.0,6.0,0,33.0,2.0
DEA,DE,7.333333333333333,Valid Party Vote,0.0,5.0,3.0,1,61.0,0.0
DE2,DE,8.0,Valid Party Vote,0.0,8.0,7.0,1,48.0,2.0
DE4,DE,2.6666666666666665,Valid Party Vote,1.0,3.0,5.0,0,41.0,0.0
DE8,DE,0.0,Valid Party Vote,1.0,0.0,5.0,1,74.0,
DE9,DE,5.333333333333333,Valid Party Vote,0.0,5.0,7.0,0,37.0,2.0
DEA,DE,3.6666666666666665,Ineligible / Not Applicable,,8.0,2.0,0,15.0,0.0
DE2,DE,3.3333333333333335,Don't Know,,3.0,3.0,0,80.0,2.0
DEA,DE,7.666666666666667,Valid Party Vote,0.0,7.0,6.0,1,26.0,0.0
DE4,DE,5.333333333333333,Ineligible / Not Applicable,,3.0,4.0,1,20.0,0.0
DEG,DE,4.666666666666667,Ineligible / Not Applicable,,3.0,2.0,1,44.0,0.0
DE2,DE,7.0,Valid Party Vote,0.0,5.0,5.0,1,51.0,2.0
DEA,DE,7.666666666666667,Valid Party Vote,0.0,10.0,4.0,0,22.0,0.0
DE2,DE,4.333333333333333,Valid Party Vote,0.0,2.0,,0,81.0,2.0
DE1,DE,8.666666666666666,Ineligible / Not Applicable,,10.0,3.0,1,44.0,0.0
DE6,DE,7.333333333333333,Valid Party Vote,0.0,10.0,4.0,0,28.0,
DEA,DE,7.333333333333333,Valid Party Vote,0.0,3.0,3.0,1,56.0,0.0
DE1,DE,4.666666666666667,Valid Party Vote,0.0,5.0,5.0,1,31.0,0.0
DEF,DE,7.0,Valid Party Vote,0.0,5.0,5.0,1,56.0,0.0
DEF,DE,6.0,Valid Party Vote,0.0,6.0,6.0,0,81.0,0.0
DE3,DE,7.0,Don't Know,,5.0,6.0,1,29.0,2.0
DEG,DE,5.666666666666667,Valid Party Vote,0.0,4.0,5.0,0,84.0,0.0
DED,DE,2.0,Ineligible / Not Applicable,,5.0,5.0,0,87.0,0.0
DE7,DE,5.0,Don't Know,,,7.0,0,29.0,2.0
DE1,DE,6.0,Ineligible / Not Applicable,,2.0,1.0,0,39.0,0.0
DE3,DE,2.6666666666666665,Valid Party Vote,0.0,5.0,5.0,1,52.0,2.0
DE9,DE,6.666666666666667,Valid Party Vote,0.0,8.0,6.0,0,29.0,2.0
DED,DE,3.6666666666666665,Ineligible / Not Applicable,,2.0,3.0,1,52.0,0.0
DEF,DE,8.333333333333334,Valid Party Vote,0.0,6.0,7.0,0,84.0,0.0
DE9,DE,6.666666666666667,Valid Party Vote,0.0,3.0,5.0,0,60.0,2.0
DE2,DE,7.333333333333333,Valid Party Vote,0.0,10.0,3.0,1,65.0,2.0
DED,DE,4.0,Valid Party Vote,0.0,4.0,3.0,0,50.0,0.0
DE7,DE,0.0,Valid Party Vote,0.0,0.0,3.0,1,54.0,2.0
DEA,DE,2.6666666666666665,Valid Party Vote,1.0,4.0,3.0,1,41.0,0.0
DE1,DE,5.333333333333333,Valid Party Vote,0.0,5.0,,1,73.0,0.0
DE7,DE,3.6666666666666665,Valid Party Vote,0.0,9.0,6.0,0,68.0,2.0
DED,DE,4.333333333333333,Valid Party Vote,0.0,8.0,5.0,1,74.0,0.0
DEG,DE,3.0,Refuse to Say,,3.0,4.0,0,21.0,0.0
DE2,DE,1.3333333333333333,Don't Know,,4.0,2.0,1,55.0,2.0
DE1,DE,7.0,Refuse to Say,,5.0,6.0,0,39.0,0.0
DE7,DE,6.333333333333333,Valid Party Vote,0.0,4.0,3.0,0,78.0,2.0
DE2,DE,7.333333333333333,Valid Party Vote,0.0,5.0,3.0,1,68.0,2.0
DE1,DE,3.0,Ineligible / Not Applicable,,2.0,2.0,1,19.0,0.0
DE2,DE,7.333333333333333,Valid Party Vote,0.0,8.0,7.0,0,39.0,2.0
DE4,DE,5.666666666666667,Valid Party Vote,0.0,8.0,5.0,1,25.0,0.0
DE4,DE,3.0,Valid Party Vote,0.0,5.0,3.0,1,60.0,0.0
DEA,DE,6.333333333333333,Valid Party Vote,0.0,7.0,4.0,1,21.0,0.0
DE2,DE,5.666666666666667,Valid Party Vote,0.0,6.0,7.0,1,32.0,2.0
DEA,DE,9.333333333333334,Valid Party Vote,0.0,5.0,7.0,1,69.0,0.0
DEE,DE,6.666666666666667,Valid Party Vote,0.0,5.0,3.0,1,84.0,0.0
DEF,DE,7.0,Valid Party Vote,0.0,6.0,3.0,0,60.0,0.0
DEE,DE,6.0,Valid Party Vote,0.0,7.0,3.0,1,57.0,0.0
DE2,DE,4.666666666666667,Ineligible / Not Applicable,,5.0,4.0,1,19.0,2.0
DE7,DE,6.0,Valid Party Vote,0.0,7.0,6.0,1,43.0,2.0
DEA,DE,5.666666666666667,Valid Party Vote,0.0,3.0,3.0,1,43.0,0.0
DE1,DE,4.666666666666667,Valid Party Vote,0.0,5.0,3.0,0,68.0,0.0
DED,DE,9.333333333333334,Valid Party Vote,0.0,9.0,7.0,1,54.0,0.0
DEA,DE,5.0,Valid Party Vote,0.0,9.0,6.0,1,26.0,0.0
DEA,DE,5.333333333333333,Valid Party Vote,0.0,6.0,3.0,1,61.0,0.0
DE1,DE,3.6666666666666665,Ineligible / Not Applicable,,6.0,3.0,1,35.0,0.0
DEG,DE,6.5,Refuse to Say,,5.0,7.0,1,67.0,0.0
DE2,DE,5.333333333333333,Valid Party Vote,0.0,5.0,3.0,1,88.0,2.0
DEA,DE,3.0,Ineligible / Not Applicable,,2.0,5.0,1,42.0,0.0
DEG,DE,4.333333333333333,Ineligible / Not Applicable,,7.0,2.0,0,16.0,0.0
DEA,DE,2.6666666666666665,Valid Party Vote,0.0,7.0,7.0,1,39.0,0.0
DE2,DE,2.0,Refuse to Say,,2.0,5.0,0,52.0,2.0
DE9,DE,7.333333333333333,Valid Party Vote,0.0,8.0,3.0,1,78.0,2.0
DE2,DE,3.0,Valid Party Vote,0.0,5.0,7.0,0,87.0,2.0
DE7,DE,9.333333333333334,Valid Party Vote,0.0,5.0,5.0,1,90.0,2.0
DE2,DE,5.666666666666667,Valid Party Vote,0.0,5.0,5.0,1,75.0,2.0
DE1,DE,7.666666666666667,Valid Party Vote,0.0,6.0,7.0,0,48.0,0.0
DE9,DE,3.6666666666666665,Valid Party Vote,0.0,4.0,5.0,0,76.0,2.0
DE1,DE,2.3333333333333335,Valid Party Vote,1.0,2.0,5.0,0,64.0,0.0
DE7,DE,1.6666666666666667,Valid Party Vote,0.0,1.0,5.0,1,36.0,2.0
DE3,DE,4.666666666666667,Valid Party Vote,0.0,3.0,3.0,1,49.0,2.0
DEF,DE,6.333333333333333,Refuse to Say,,8.0,5.0,0,59.0,0.0
DE1,DE,1.6666666666666667,Ineligible / Not Applicable,,5.0,3.0,0,45.0,0.0
DE1,DE,5.333333333333333,Valid Party Vote,0.0,3.0,7.0,0,73.0,0.0
DE1,DE,8.333333333333334,Ineligible / Not Applicable,,5.0,2.0,1,19.0,0.0
DE9,DE,4.666666666666667,Ineligible / Not Applicable,,0.0,5.0,0,59.0,2.0
DE7,DE,5.333333333333333,Valid Party Vote,0.0,7.0,6.0,1,29.0,2.0
DE2,DE,6.0,Valid Party Vote,0.0,7.0,3.0,0,63.0,2.0
DE2,DE,6.333333333333333,Ineligible / Not Applicable,,7.0,2.0,1,16.0,2.0
DEA,DE,7.333333333333333,Valid Party Vote,0.0,8.0,5.0,0,67.0,0.0
DEA,DE,7.666666666666667,Valid Party Vote,0.0,6.0,3.0,1,51.0,0.0
DEA,DE,8.0,Valid Party Vote,0.0,8.0,6.0,0,66.0,0.0
DEB,DE,1.3333333333333333,Ineligible / Not Applicable,,,3.0,1,73.0,0.0
DEA,DE,2.6666666666666665,Ineligible / Not Applicable,,9.0,3.0,0,43.0,0.0
DE9,DE,6.666666666666667,Valid Party Vote,0.0,6.0,5.0,1,67.0,2.0
DEB,DE,6.333333333333333,Ineligible / Not Applicable,,5.0,2.0,1,17.0,0.0
DE2,DE,3.3333333333333335,Valid Party Vote,0.0,3.0,5.0,0,66.0,2.0
DEF,DE,6.666666666666667,Valid Party Vote,0.0,6.0,3.0,1,38.0,0.0
DE7,DE,9.0,Valid Party Vote,0.0,,6.0,0,60.0,2.0
DE2,DE,6.0,Valid Party Vote,0.0,4.0,5.0,0,60.0,2.0
DEA,DE,3.0,Valid Party Vote,0.0,5.0,2.0,0,53.0,0.0
DE9,DE,7.666666666666667,Valid Party Vote,0.0,7.0,3.0,0,70.0,2.0
DEF,DE,5.666666666666667,Valid Party Vote,0.0,8.0,7.0,1,42.0,0.0
DEA,DE,2.3333333333333335,Valid Party Vote,0.0,5.0,3.0,0,66.0,0.0
DE3,DE,6.0,Valid Party Vote,0.0,10.0,6.0,0,23.0,2.0
DE4,DE,5.666666666666667,Valid Party Vote,0.0,7.0,3.0,1,59.0,0.0
DEC,DE,9.0,Ineligible / Not Applicable,,9.0,6.0,1,39.0,
DE9,DE,6.0,Don't Know,,5.0,5.0,1,48.0,2.0
DE4,DE,3.3333333333333335,Valid Party Vote,0.0,5.0,3.0,0,50.0,0.0
DE1,DE,3.3333333333333335,Valid Party Vote,0.0,5.0,5.0,1,54.0,0.0
DED,DE,1.0,Valid Party Vote,0.0,6.0,5.0,1,49.0,0.0
DEA,DE,4.333333333333333,Valid Party Vote,0.0,5.0,3.0,0,24.0,0.0
DED,DE,2.0,Valid Party Vote,0.0,7.0,2.0,1,21.0,0.0
DE6,DE,4.0,Valid Party Vote,0.0,4.0,7.0,1,29.0,
DEA,DE,2.6666666666666665,Valid Party Vote,1.0,1.0,3.0,1,58.0,0.0
DEA,DE,8.0,Valid Party Vote,0.0,8.0,6.0,1,40.0,0.0
DE1,DE,7.333333333333333,Ineligible / Not Applicable,,4.0,3.0,1,51.0,0.0
ES2,ES,3.0,Valid Party Vote,0.0,7.0,2.0,1,45.0,1.0
ES3,ES,1.6666666666666667,Ineligible / Not Applicable,,5.0,2.0,0,42.0,1.0
ES5,ES,7.666666666666667,Ineligible / Not Applicable,,10.0,4.0,1,38.0,1.0
ES5,ES,6.0,Valid Party Vote,0.0,7.0,4.0,0,58.0,1.0
ES1,ES,4.5,Valid Party Vote,0.0,5.0,1.0,1,80.0,1.0
ES5,ES,7.333333333333333,Valid Party Vote,0.0,7.0,7.0,0,34.0,1.0
ES2,ES,4.666666666666667,Don't Know,,10.0,1.0,1,80.0,1.0
ES5,ES,4.333333333333333,Ineligible / Not Applicable,,10.0,3.0,1,44.0,1.0
ES2,ES,7.0,Ineligible / Not Applicable,,5.0,2.0,1,32.0,1.0
ES3,ES,5.0,Valid Party Vote,0.0,8.0,7.0,0,24.0,1.0
ES6,ES,4.333333333333333,Refuse to Say,,2.0,1.0,1,81.0,1.0
ES4,ES,2.3333333333333335,Valid Party Vote,0.0,7.0,1.0,1,80.0,1.0
ES5,ES,3.3333333333333335,Valid Party Vote,0.0,4.0,5.0,0,63.0,1.0
ES5,ES,1.3333333333333333,Valid Party Vote,0.0,6.0,1.0,0,67.0,1.0
ES6,ES,6.0,Ineligible / Not Applicable,,10.0,4.0,1,39.0,1.0
ES3,ES,7.0,Valid Party Vote,1.0,7.0,5.0,1,55.0,1.0
ES2,ES,5.333333333333333,Valid Party Vote,0.0,7.0,7.0,1,29.0,1.0
ES6,ES,3.3333333333333335,Blank Ballot,0.0,5.0,1.0,1,55.0,1.0
ES3,ES,6.333333333333333,Valid Party Vote,0.0,9.0,5.0,1,56.0,1.0
ES6,ES,7.0,Ineligible / Not Applicable,,5.0,3.0,0,26.0,1.0
ES5,ES,5.333333333333333,Valid Party Vote,0.0,3.0,4.0,0,80.0,1.0
ES2,ES,3.0,Valid Party Vote,1.0,8.0,5.0,0,63.0,1.0
ES1,ES,3.0,Valid Party Vote,0.0,5.0,6.0,1,50.0,1.0
ES5,ES,2.6666666666666665,Valid Party Vote,0.0,8.0,1.0,0,76.0,1.0
ES3,ES,7.0,Valid Party Vote,0.0,9.0,6.0,1,75.0,1.0
ES3,ES,2.6666666666666665,Valid Party Vote,1.0,6.0,7.0,1,66.0,1.0
ES5,ES,5.666666666666667,Ineligible / Not Applicable,,9.0,2.0,1,53.0,1.0
ES4,ES,4.0,Valid Party Vote,0.0,5.0,5.0,0,80.0,1.0
ES1,ES,6.333333333333333,Valid Party Vote,0.0,5.0,1.0,0,84.0,1.0
ES5,ES,1.6666666666666667,Valid Party Vote,0.0,5.0,3.0,1,67.0,1.0
ES1,ES,5.666666666666667,Valid Party Vote,0.0,8.0,3.0,1,41.0,1.0
ES5,ES,5.0,Valid Party Vote,0.0,5.0,7.0,0,64.0,1.0
ES3,ES,7.0,Valid Party Vote,0.0,7.0,3.0,1,24.0,1.0
ES1,ES,4.666666666666667,Valid Party Vote,0.0,5.0,2.0,0,69.0,1.0
ES3,ES,1.6666666666666667,Valid Party Vote,0.0,8.0,6.0,0,79.0,1.0
ES6,ES,0.0,Ineligible / Not Applicable,,5.0,1.0,1,46.0,1.0
ES1,ES,4.333333333333333,Refuse to Say,,4.0,2.0,1,53.0,1.0
ES6,ES,8.0,Ineligible / Not Applicable,,8.0,1.0,0,18.0,1.0
ES5,ES,7.666666666666667,Valid Party Vote,0.0,5.0,3.0,0,63.0,1.0
ES3,ES,3.0,Valid Party Vote,0.0,5.0,3.0,1,61.0,1.0
ES5,ES,1.3333333333333333,Ineligible / Not Applicable,,5.0,7.0,1,45.0,1.0
ES2,ES,9.0,Valid Party Vote,0.0,10.0,2.0,1,67.0,1.0
ES6,ES,4.0,Valid Party Vote,0.0,10.0,3.0,1,58.0,1.0
ES3,ES,7.0,Ineligible / Not Applicable,,7.0,7.0,1,25.0,1.0
ES3,ES,0.0,Refuse to Say,,7.0,5.0,0,39.0,1.0
ES5,ES,5.333333333333333,Valid Party Vote,0.0,5.0,6.0,1,82.0,1.0
ES6,ES,2.0,Valid Party Vote,0.0,6.0,1.0,0,67.0,1.0
ES5,ES,0.6666666666666666,Valid Party Vote,0.0,3.0,1.0,1,72.0,1.0
ES5,ES,6.333333333333333,Ineligible / Not Applicable,,7.0,2.0,0,18.0,1.0
ES4,ES,0.0,Refuse to Say,,,2.0,1,56.0,1.0
ES5,ES,1.6666666666666667,Ineligible / Not Applicable,,6.0,3.0,0,21.0,1.0
ES5,ES,7.0,Refuse to Say,,5.0,5.0,0,61.0,1.0
ES4,ES,6.666666666666667,Valid Party Vote,0.0,5.0,2.0,1,69.0,1.0
ES3,ES,3.3333333333333335,Valid Party Vote,1.0,4.0,3.0,0,25.0,1.0
ES6,ES,4.0,Ineligible / Not Applicable,,5.0,2.0,1,17.0,1.0
ES6,ES,4.333333333333333,Valid Party Vote,0.0,8.0,7.0,1,58.0,1.0
ES2,ES,0.6666666666666666,Valid Party Vote,0.0,5.0,5.0,1,38.0,1.0
ES6,ES,3.6666666666666665,Valid Party Vote,0.0,6.0,5.0,1,63.0,1.0
ES3,ES,5.666666666666667,Ineligible / Not Applicable,,5.0,2.0,1,37.0,1.0
ES5,ES,3.3333333333333335,Refuse to Say,,8.0,1.0,0,80.0,1.0
ES5,ES,4.333333333333333,Valid Party Vote,0.0,8.0,7.0,0,66.0,1.0
ES2,ES,1.0,Valid Party Vote,0.0,2.0,5.0,0,23.0,1.0
ES4,ES,8.333333333333334,Valid Party Vote,0.0,10.0,7.0,1,59.0,1.0
ES2,ES,1.0,Valid Party Vote,0.0,8.0,4.0,1,60.0,1.0
ES5,ES,4.666666666666667,Valid Party Vote,0.0,7.0,7.0,1,40.0,1.0
ES3,ES,7.333333333333333,Ineligible / Not Applicable,,8.0,4.0,0,39.0,1.0
ES5,ES,6.666666666666667,Ineligible / Not Applicable,,3.0,1.0,1,69.0,1.0
ES6,ES,4.666666666666667,Ineligible / Not Applicable,,5.0,2.0,1,19.0,1.0
ES7,ES,4.333333333333333,Valid Party Vote,0.0,5.0,1.0,1,64.0,1.0
ES1,ES,0.0,Valid Party Vote,1.0,3.0,2.0,0,80.0,1.0
ES5,ES,4.666666666666667,Valid Party Vote,0.0,5.0,1.0,0,71.0,1.0
ES4,ES,4.0,Valid Party Vote,0.0,5.0,1.0,1,84.0,1.0
ES5,ES,5.0,Valid Party Vote,0.0,7.0,6.0,1,66.0,1.0
ES2,ES,6.0,Valid Party Vote,0.0,7.0,6.0,0,59.0,1.0
ES6,ES,2.6666666666666665,Ineligible / Not Applicable,,6.0,4.0,0,22.0,1.0
ES6,ES,6.666666666666667,Valid Party Vote,0.0,,7.0,1,34.0,1.0
ES6,ES,2.6666666666666665,Ineligible / Not Applicable,,3.0,1.0,0,61.0,1.0
ES5,ES,5.333333333333333,Valid Party Vote,0.0,7.0,2.0,1,59.0,1.0
ES3,ES,5.0,Valid Party Vote,0.0,7.0,7.0,1,51.0,1.0
ES7,ES,6.333333333333333,Valid Party Vote,0.0,3.0,1.0,1,73.0,1.0
ES5,ES,7.0,Ineligible / Not Applicable,,5.0,2.0,1,18.0,1.0
ES3,ES,2.6666666666666665,Valid Party Vote,0.0,10.0,6.0,0,45.0,1.0
ES2,ES,4.333333333333333,Valid Party Vote,0.0,9.0,7.0,1,56.0,1.0
ES3,ES,4.666666666666667,Refuse to Say,,9.0,7.0,0,75.0,1.0
ES6,ES,7.333333333333333,Ineligible / Not Applicable,,6.0,1.0,0,34.0,1.0
ES1,ES,2.0,Valid Party Vote,0.0,6.0,2.0,0,54.0,1.0
ES3,ES,4.666666666666667,Valid Party Vote,1.0,6.0,7.0,1,59.0,1.0
ES5,ES,1.3333333333333333,Valid Party Vote,1.0,3.0,2.0,0,47.0,1.0
ES3,ES,7.333333333333333,Refuse to Say,,7.0,2.0,1,54.0,1.0
ES6,ES,3.6666666666666665,Valid Party Vote,0.0,4.0,1.0,0,61.0,1.0
ES4,ES,4.333333333333333,Valid Party Vote,0.0,9.0,5.0,1,50.0,1.0
ES3,ES,4.0,Refuse to Say,,6.0,3.0,1,59.0,1.0
ES5,ES,1.6666666666666667,Valid Party Vote,0.0,5.0,2.0,0,58.0,1.0
ES2,ES,1.3333333333333333,Valid Party Vote,0.0,6.0,3.0,1,66.0,1.0
ES4,ES,2.0,Valid Party Vote,1.0,7.0,2.0,0,44.0,1.0
ES5,ES,5.0,Ineligible / Not Applicable,,8.0,2.0,0,34.0,1.0
ES5,ES,1.3333333333333333,Valid Party Vote,0.0,3.0,2.0,0,49.0,1.0
ES2,ES,7.333333333333333,Valid Party Vote,0.0,7.0,7.0,0,48.0,1.0
ES2,ES,3.3333333333333335,Valid Party Vote,0.0,9.0,6.0,0,47.0,1.0
ES6,ES,4.666666666666667,Valid Party Vote,0.0,8.0,3.0,0,34.0,1.0
ES1,ES,4.666666666666667,Blank Ballot,0.0,5.0,7.0,0,68.0,1.0
ES5,ES,4.333333333333333,Valid Party Vote,0.0,6.0,4.0,1,46.0,1.0
ES5,ES,4.0,Ineligible / Not Applicable,,6.0,2.0,1,73.0,1.0
ES6,ES,4.0,Valid Party Vote,0.0,8.0,7.0,0,54.0,1.0
ES6,ES,7.333333333333333,Ineligible / Not Applicable,,3.0,2.0,0,31.0,1.0
ES3,ES,0.3333333333333333,Valid Party Vote,0.0,3.0,2.0,1,57.0,1.0
ES4,ES,7.0,Ineligible / Not Applicable,,5.0,2.0,1,45.0,1.0
ES7,ES,3.3333333333333335,Valid Party Vote,0.0,8.0,6.0,1,37.0,1.0
ES3,ES,2.3333333333333335,Valid Party Vote,0.0,5.0,6.0,1,32.0,1.0
ES2,ES,2.3333333333333335,Valid Party Vote,1.0,6.0,5.0,1,31.0,1.0
ES5,ES,5.0,Ineligible / Not Applicable,,5.0,7.0,1,45.0,1.0
ES4,ES,0.6666666666666666,Ineligible / Not Applicable,,3.0,4.0,0,20.0,1.0
ES5,ES,1.6666666666666667,Valid Party Vote,0.0,8.0,7.0,1,49.0,1.0
ES4,ES,2.0,Valid Party Vote,0.0,8.0,5.0,1,41.0,1.0
ES6,ES,5.0,Ineligible / Not Applicable,,,2.0,0,38.0,1.0
ES1,ES,5.333333333333333,Ineligible / Not Applicable,,7.0,2.0,1,18.0,1.0
ES6,ES,5.0,Ineligible / Not Applicable,,9.0,6.0,1,57.0,1.0
ES4,ES,3.0,Valid Party Vote,0.0,5.0,2.0,1,58.0,1.0
ES2,ES,6.333333333333333,Valid Party Vote,0.0,8.0,6.0,1,75.0,1.0
ES5,ES,5.666666666666667,Valid Party Vote,0.0,4.0,5.0,1,50.0,1.0
ES3,ES,5.666666666666667,Ineligible / Not Applicable,,8.0,7.0,1,30.0,1.0
ES2,ES,5.0,Valid Party Vote,0.0,9.0,2.0,0,64.0,1.0
ES2,ES,2.0,Valid Party Vote,0.0,2.0,5.0,0,59.0,1.0
ES5,ES,2.6666666666666665,Blank Ballot,0.0,5.0,7.0,0,87.0,1.0
ES2,ES,6.666666666666667,Valid Party Vote,0.0,5.0,6.0,1,66.0,1.0
ES2,ES,4.333333333333333,Valid Party Vote,0.0,5.0,1.0,1,68.0,1.0
ES6,ES,5.0,Valid Party Vote,0.0,8.0,7.0,1,26.0,1.0
ES6,ES,5.0,Valid Party Vote,0.0,0.0,1.0,1,77.0,1.0
ES5,ES,5.0,Valid Party Vote,0.0,8.0,3.0,0,53.0,1.0
ES1,ES,5.333333333333333,Valid Party Vote,0.0,5.0,5.0,1,44.0,1.0
ES6,ES,1.6666666666666667,Valid Party Vote,0.0,5.0,1.0,0,69.0,1.0
ES6,ES,4.333333333333333,Valid Party Vote,1.0,5.0,2.0,0,80.0,1.0
ES3,ES,3.6666666666666665,Ineligible / Not Applicable,,6.0,5.0,1,62.0,1.0
ES6,ES,4.333333333333333,Valid Party Vote,0.0,7.0,2.0,1,69.0,1.0
ES6,ES,4.333333333333333,Valid Party Vote,0.0,4.0,7.0,1,53.0,1.0
ES2,ES,0.0,Ineligible / Not Applicable,,5.0,5.0,0,48.0,1.0
ES4,ES,3.6666666666666665,Valid Party Vote,0.0,5.0,2.0,0,60.0,1.0
ES4,ES,7.0,Refuse to Say,,6.0,2.0,0,60.0,1.0
ES4,ES,5.0,Ineligible / Not Applicable,,7.0,1.0,0,76.0,1.0
ES3,ES,5.666666666666667,Valid Party Vote,0.0,10.0,7.0,0,53.0,1.0
ES5,ES,0.0,Valid Party Vote,0.0,5.0,2.0,0,73.0,1.0
ES3,ES,2.6666666666666665,Ineligible / Not Applicable,,7.0,5.0,1,34.0,1.0
ES5,ES,3.6666666666666665,Valid Party Vote,0.0,5.0,2.0,1,67.0,1.0
ES5,ES,0.6666666666666666,Ineligible / Not Applicable,,5.0,5.0,1,50.0,1.0
ES6,ES,3.0,Ineligible / Not Applicable,,5.0,4.0,1,66.0,1.0
ES5,ES,2.0,Ineligible / Not Applicable,,9.0,5.0,1,56.0,1.0
ES4,ES,4.666666666666667,Ineligible / Not Applicable,,5.0,2.0,0,42.0,1.0
ES1,ES,0.0,Ineligible / Not Applicable,,0.0,2.0,1,78.0,1.0
ES5,ES,2.3333333333333335,Ineligible / Not Applicable,,1.0,1.0,1,41.0,1.0
ES7,ES,1.3333333333333333,Refuse to Say,,4.0,2.0,1,90.0,1.0
DEA,DE,3.0,Valid Party Vote,0.0,5.0,3.0,1,41.0,0.0
DE1,DE,5.333333333333333,Valid Party Vote,0.0,5.0,6.0,1,23.0,0.0
DE2,DE,2.6666666666666665,Valid Party Vote,0.0,5.0,3.0,1,57.0,2.0
DEA,DE,9.333333333333334,Valid Party Vote,0.0,8.0,3.0,1,58.0,0.0
DE2,DE,6.333333333333333,Valid Party Vote,0.0,6.0,3.0,1,89.0,2.0
DE2,DE,6.333333333333333,Valid Party Vote,0.0,5.0,3.0,0,22.0,2.0
ES5,ES,2.3333333333333335,Ineligible / Not Applicable,,5.0,6.0,1,61.0,1.0
ES5,ES,4.666666666666667,Valid Party Vote,0.0,8.0,7.0,1,76.0,1.0
ES6,ES,5.0,Valid Party Vote,0.0,7.0,3.0,1,57.0,1.0
ES3,ES,5.0,Ineligible / Not Applicable,,5.0,1.0,0,18.0,1.0
ES5,ES,6.333333333333333,Refuse to Say,,5.0,3.0,0,52.0,1.0
ES3,ES,6.666666666666667,Valid Party Vote,0.0,5.0,3.0,0,65.0,1.0
ES2,ES,1.6666666666666667,Valid Party Vote,0.0,2.0,2.0,0,44.0,1.0
ES1,ES,3.6666666666666665,Valid Party Vote,0.0,1.0,1.0,1,81.0,1.0
ES5,ES,4.333333333333333,Valid Party Vote,0.0,6.0,1.0,1,77.0,1.0
ES7,ES,0.0,Valid Party Vote,0.0,2.0,3.0,0,42.0,1.0
ES4,ES,6.666666666666667,Valid Party Vote,0.0,7.0,3.0,0,61.0,1.0
ES5,ES,2.6666666666666665,Valid Party Vote,0.0,6.0,5.0,0,30.0,1.0
ES5,ES,2.0,Valid Party Vote,0.0,1.0,2.0,1,55.0,1.0
ES4,ES,4.333333333333333,Valid Party Vote,1.0,7.0,3.0,0,51.0,1.0
ES4,ES,6.0,Ineligible / Not Applicable,,9.0,1.0,0,46.0,1.0
ES2,ES,3.6666666666666665,Refuse to Say,,8.0,5.0,0,49.0,1.0
ES2,ES,5.0,Valid Party Vote,0.0,7.0,4.0,1,21.0,1.0
ES3,ES,5.333333333333333,Ineligible / Not Applicable,,7.0,4.0,0,20.0,1.0
ES3,ES,6.666666666666667,Ineligible / Not Applicable,,8.0,3.0,1,55.0,1.0
ES6,ES,3.3333333333333335,Valid Party Vote,0.0,0.0,1.0,1,68.0,1.0
ES4,ES,4.0,Valid Party Vote,0.0,6.0,5.0,0,46.0,1.0
ES1,ES,3.0,Valid Party Vote,0.0,7.0,1.0,0,64.0,1.0
ES4,ES,5.0,Refuse to Say,,2.0,2.0,1,55.0,1.0
ES2,ES,2.3333333333333335,Ineligible / Not Applicable,,7.0,2.0,0,18.0,1.0
ES5,ES,4.333333333333333,Valid Party Vote,0.0,10.0,7.0,1,49.0,1.0
ES3,ES,7.0,Ineligible / Not Applicable,,7.0,1.0,1,59.0,1.0
ES4,ES,0.6666666666666666,Ineligible / Not Applicable,,5.0,7.0,1,90.0,1.0
ES5,ES,1.3333333333333333,Valid Party Vote,0.0,1.0,3.0,1,47.0,1.0
ES3,ES,7.666666666666667,Ineligible / Not Applicable,,7.0,7.0,1,48.0,1.0
ES4,ES,1.6666666666666667,Valid Party Vote,0.0,9.0,5.0,0,31.0,1.0
ES4,ES,3.0,Valid Party Vote,0.0,5.0,7.0,1,35.0,1.0
ES5,ES,1.0,Valid Party Vote,0.0,5.0,2.0,0,51.0,1.0
ES4,ES,5.0,Valid Party Vote,0.0,6.0,3.0,1,31.0,1.0
ES5,ES,1.3333333333333333,Valid Party Vote,1.0,0.0,2.0,0,51.0,1.0
ES3,ES,4.333333333333333,Blank Ballot,0.0,5.0,2.0,1,56.0,1.0
ES6,ES,3.0,Valid Party Vote,0.0,3.0,1.0,1,84.0,1.0
ES2,ES,5.0,Refuse to Say,,6.0,1.0,1,81.0,1.0
ES3,ES,1.0,Refuse to Say,,5.0,3.0,0,74.0,1.0
ES3,ES,5.666666666666667,Ineligible / Not Applicable,,9.0,3.0,1,19.0,1.0
ES6,ES,3.0,Ineligible / Not Applicable,,2.0,2.0,1,19.0,1.0
ES6,ES,4.0,Ineligible / Not Applicable,,2.0,1.0,0,77.0,1.0
ES6,ES,5.666666666666667,Valid Party Vote,0.0,5.0,1.0,1,76.0,1.0
ES5,ES,1.0,Valid Party Vote,0.0,6.0,5.0,1,53.0,1.0
ES5,ES,1.3333333333333333,Valid Party Vote,0.0,7.0,6.0,1,55.0,1.0
ES1,ES,4.666666666666667,Ineligible / Not Applicable,,3.0,2.0,1,61.0,1.0
ES4,ES,5.666666666666667,Valid Party Vote,0.0,7.0,1.0,0,82.0,1.0
ES4,ES,1.3333333333333333,Valid Party Vote,0.0,1.0,2.0,1,29.0,1.0
ES6,ES,4.666666666666667,Valid Party Vote,0.0,9.0,5.0,0,29.0,1.0
ES2,ES,0.0,Valid Party Vote,0.0,3.0,3.0,1,43.0,1.0
ES2,ES,3.0,Valid Party Vote,0.0,5.0,7.0,0,51.0,1.0
ES2,ES,3.3333333333333335,Valid Party Vote,0.0,6.0,6.0,1,68.0,1.0
ES5,ES,5.333333333333333,Ineligible / Not Applicable,,5.0,4.0,1,37.0,1.0
ES6,ES,3.6666666666666665,Valid Party Vote,0.0,10.0,1.0,1,36.0,1.0
ES6,ES,6.333333333333333,Ineligible / Not Applicable,,6.0,3.0,0,19.0,1.0
ES6,ES,2.3333333333333335,Valid Party Vote,0.0,7.0,2.0,0,38.0,1.0
ES4,ES,6.666666666666667,Valid Party Vote,0.0,8.0,1.0,1,72.0,1.0
ES4,ES,8.0,Refuse to Say,,5.0,1.0,1,70.0,1.0
ES2,ES,5.0,Ineligible / Not Applicable,,6.0,7.0,1,47.0,1.0
ES3,ES,2.6666666666666665,Ineligible / Not Applicable,,5.0,7.0,1,32.0,1.0
ES4,ES,3.0,Valid Party Vote,1.0,3.0,4.0,0,24.0,1.0
ES3,ES,4.0,Valid Party Vote,0.0,,7.0,1,74.0,1.0
ES5,ES,2.3333333333333335,Ineligible / Not Applicable,,6.0,3.0,1,63.0,1.0
ES7,ES,4.0,Ineligible / Not Applicable,,5.0,1.0,1,16.0,1.0
ES5,ES,3.0,Valid Party Vote,0.0,8.0,7.0,0,42.0,1.0
ES7,ES,0.0,Refuse to Say,,0.0,7.0,0,52.0,1.0
ES3,ES,4.666666666666667,Valid Party Vote,0.0,8.0,2.0,0,65.0,1.0
ES2,ES,6.333333333333333,Ineligible / Not Applicable,,10.0,1.0,1,34.0,1.0
ES6,ES,2.6666666666666665,Valid Party Vote,0.0,0.0,7.0,1,59.0,1.0
ES1,ES,3.0,Valid Party Vote,0.0,,5.0,1,57.0,1.0
ES3,ES,5.333333333333333,Valid Party Vote,0.0,7.0,7.0,1,38.0,1.0
ES7,ES,4.333333333333333,Valid Party Vote,0.0,9.0,2.0,1,60.0,1.0
ES4,ES,1.0,Valid Party Vote,0.0,7.0,6.0,0,44.0,1.0
ES2,ES,0.0,Valid Party Vote,0.0,8.0,6.0,1,58.0,1.0
ES6,ES,7.333333333333333,Ineligible / Not Applicable,,7.0,1.0,1,44.0,1.0
ES4,ES,4.333333333333333,Refuse to Say,,5.0,1.0,1,56.0,1.0
ES4,ES,6.666666666666667,Ineligible / Not Applicable,,5.0,1.0,1,18.0,1.0
ES6,ES,4.0,Valid Party Vote,0.0,4.0,1.0,1,74.0,1.0
ES5,ES,4.0,Valid Party Vote,0.0,7.0,4.0,0,45.0,1.0
ES6,ES,2.6666666666666665,Valid Party Vote,0.0,2.0,7.0,1,47.0,1.0
ES5,ES,6.333333333333333,Blank Ballot,0.0,6.0,4.0,1,30.0,1.0
ES3,ES,6.666666666666667,Valid Party Vote,0.0,6.0,1.0,1,71.0,1.0
ES1,ES,4.666666666666667,Ineligible / Not Applicable,,7.0,5.0,0,68.0,1.0
ES1,ES,4.0,Ineligible / Not Applicable,,5.0,1.0,1,84.0,1.0
ES4,ES,3.6666666666666665,Valid Party Vote,0.0,5.0,1.0,1,74.0,1.0
ES6,ES,1.6666666666666667,Ineligible / Not Applicable,,2.0,2.0,1,35.0,1.0
ES2,ES,6.666666666666667,Refuse to Say,,8.0,6.0,0,48.0,1.0
ES4,ES,2.0,Valid Party Vote,0.0,,1.0,0,83.0,1.0
ES5,ES,3.0,Ineligible / Not Applicable,,6.0,7.0,1,37.0,1.0
ES5,ES,4.0,Ineligible / Not Applicable,,7.0,5.0,1,54.0,1.0
ES5,ES,1.6666666666666667,Valid Party Vote,0.0,8.0,2.0,0,62.0,1.0
ES6,ES,2.6666666666666665,Ineligible / Not Applicable,,2.0,2.0,1,45.0,1.0
ES3,ES,4.0,Invalid Ballot,0.0,6.0,7.0,0,30.0,1.0
ES2,ES,5.0,Valid Party Vote,0.0,8.0,6.0,1,67.0,1.0
ES4,ES,7.666666666666667,Valid Party Vote,0.0,8.0,2.0,0,39.0,1.0
ES2,ES,3.0,Valid Party Vote,0.0,9.0,7.0,1,31.0,1.0
ES3,ES,4.0,Valid Party Vote,0.0,7.0,6.0,1,34.0,1.0
ES6,ES,6.333333333333333,Refuse to Say,,8.0,7.0,1,37.0,1.0
ES7,ES,2.6666666666666665,Valid Party Vote,0.0,5.0,1.0,0,60.0,1.0
ES3,ES,4.0,Ineligible / Not Applicable,,9.0,2.0,0,33.0,1.0
ES7,ES,1.0,Ineligible / Not Applicable,,2.0,1.0,0,65.0,1.0
ES2,ES,0.0,Ineligible / Not Applicable,,8.0,1.0,0,40.0,1.0
ES2,ES,3.6666666666666665,Refuse to Say,,7.0,5.0,1,47.0,1.0
ES2,ES,4.0,Valid Party Vote,1.0,8.0,3.0,1,37.0,1.0
ES7,ES,7.666666666666667,Valid Party Vote,0.0,2.0,,1,86.0,1.0
ES5,ES,4.333333333333333,Ineligible / Not Applicable,,7.0,7.0,1,61.0,1.0
ES5,ES,0.0,Ineligible / Not Applicable,,0.0,1.0,1,,1.0
ES1,ES,2.3333333333333335,Blank Ballot,0.0,5.0,2.0,0,55.0,1.0
ES5,ES,5.666666666666667,Valid Party Vote,0.0,7.0,6.0,1,34.0,1.0
ES1,ES,1.6666666666666667,Valid Party Vote,0.0,5.0,2.0,1,54.0,1.0
ES3,ES,1.6666666666666667,Valid Party Vote,0.0,6.0,5.0,0,26.0,1.0
ES2,ES,3.0,Ineligible / Not Applicable,,8.0,1.0,1,34.0,1.0
ES1,ES,2.5,Ineligible / Not Applicable,,5.0,1.0,1,87.0,1.0
ES6,ES,6.0,Ineligible / Not Applicable,,4.0,5.0,0,72.0,1.0
ES7,ES,1.0,Valid Party Vote,0.0,1.0,2.0,1,44.0,1.0
ES2,ES,4.666666666666667,Valid Party Vote,0.0,8.0,2.0,0,64.0,1.0
ES6,ES,5.666666666666667,Valid Party Vote,0.0,7.0,1.0,1,84.0,1.0
ES4,ES,7.666666666666667,Ineligible / Not Applicable,,5.0,2.0,0,47.0,1.0
ES2,ES,4.333333333333333,Valid Party Vote,0.0,8.0,7.0,0,29.0,1.0
ES6,ES,5.333333333333333,Valid Party Vote,0.0,5.0,4.0,0,80.0,1.0
ES2,ES,6.333333333333333,Valid Party Vote,0.0,9.0,7.0,0,49.0,1.0
ES1,ES,4.333333333333333,Valid Party Vote,0.0,9.0,3.0,1,68.0,1.0
ES3,ES,5.666666666666667,Valid Party Vote,0.0,9.0,7.0,1,47.0,1.0
ES3,ES,3.6666666666666665,Valid Party Vote,0.0,3.0,2.0,1,44.0,1.0
ES5,ES,4.666666666666667,Ineligible / Not Applicable,,8.0,2.0,1,61.0,1.0
ES1,ES,3.0,Valid Party Vote,0.0,0.0,2.0,0,21.0,1.0
ES3,ES,2.3333333333333335,Valid Party Vote,0.0,2.0,3.0,1,68.0,1.0
ES6,ES,4.0,Valid Party Vote,0.0,4.0,2.0,0,41.0,1.0
ES2,ES,8.333333333333334,Ineligible / Not Applicable,,8.0,1.0,1,43.0,1.0
ES3,ES,3.0,Refuse to Say,,5.0,7.0,1,56.0,1.0
ES5,ES,4.333333333333333,Valid Party Vote,0.0,1.0,1.0,0,51.0,1.0
ES4,ES,5.0,Valid Party Vote,0.0,5.0,3.0,0,38.0,1.0
ES1,ES,0.6666666666666666,Valid Party Vote,0.0,7.0,2.0,1,60.0,1.0
ES4,ES,5.333333333333333,Ineligible / Not Applicable,,5.0,2.0,0,45.0,1.0
ES2,ES,5.666666666666667,Ineligible / Not Applicable,,4.0,2.0,0,17.0,1.0
ES2,ES,6.0,Valid Party Vote,0.0,7.0,3.0,0,20.0,1.0
ES1,ES,4.0,Valid Party Vote,0.0,8.0,7.0,1,30.0,1.0
ES3,ES,5.666666666666667,Valid Party Vote,0.0,8.0,2.0,1,65.0,1.0
ES4,ES,0.3333333333333333,Valid Party Vote,1.0,0.0,1.0,0,53.0,1.0
ES7,ES,5.666666666666667,Valid Party Vote,0.0,10.0,4.0,0,56.0,1.0
ES5,ES,6.666666666666667,Ineligible / Not Applicable,,7.0,2.0,1,22.0,1.0
ES6,ES,4.0,Refuse to Say,,10.0,2.0,0,56.0,1.0
ES5,ES,4.0,Refuse to Say,,10.0,7.0,0,69.0,1.0
ES1,ES,1.3333333333333333,Valid Party Vote,0.0,7.0,2.0,1,41.0,1.0
ES3,ES,2.0,Valid Party Vote,0.0,8.0,1.0,1,90.0,1.0
ES1,ES,4.0,Valid Party Vote,0.0,4.0,1.0,0,70.0,1.0
ES4,ES,0.6666666666666666,Refuse to Say,,2.0,7.0,1,39.0,1.0
ES5,ES,2.0,Ineligible / Not Applicable,,7.0,2.0,0,18.0,1.0
ES6,ES,6.333333333333333,Valid Party Vote,1.0,5.0,1.0,1,72.0,1.0
ES2,ES,2.3333333333333335,Valid Party Vote,0.0,7.0,6.0,0,31.0,1.0
ES3,ES,0.0,Valid Party Vote,0.0,5.0,3.0,0,38.0,1.0
ES1,ES,6.333333333333333,Valid Party Vote,0.0,5.0,4.0,1,80.0,1.0
ES6,ES,4.666666666666667,Refuse to Say,,6.0,1.0,1,68.0,1.0
ES2,ES,4.333333333333333,Valid Party Vote,0.0,5.0,5.0,1,67.0,1.0
ES6,ES,3.6666666666666665,Invalid Ballot,0.0,5.0,4.0,1,19.0,1.0
ES4,ES,3.6666666666666665,Refuse to Say,,5.0,2.0,0,35.0,1.0
ES5,ES,6.5,Ineligible / Not Applicable,,5.0,1.0,1,21.0,1.0
ES5,ES,0.6666666666666666,Valid Party Vote,0.0,5.0,7.0,0,71.0,1.0
ES5,ES,7.666666666666667,Valid Party Vote,0.0,3.0,6.0,1,36.0,1.0
ES6,ES,6.333333333333333,Refuse to Say,,7.0,5.0,0,64.0,1.0
ES6,ES,5.666666666666667,Ineligible / Not Applicable,,7.0,6.0,1,54.0,1.0
ES5,ES,3.3333333333333335,Valid Party Vote,0.0,6.0,7.0,1,45.0,1.0
ES6,ES,6.666666666666667,Blank Ballot,0.0,9.0,7.0,1,51.0,1.0
ES2,ES,6.0,Ineligible / Not Applicable,,7.0,6.0,1,52.0,1.0
ES3,ES,3.6666666666666665,Refuse to Say,,8.0,6.0,0,74.0,1.0
ES2,ES,3.5,Valid Party Vote,0.0,6.0,1.0,1,79.0,1.0
ES1,ES,0.0,Valid Party Vote,0.0,5.0,1.0,0,70.0,1.0
ES2,ES,4.666666666666667,Valid Party Vote,0.0,5.0,2.0,1,42.0,1.0
ES3,ES,3.3333333333333335,Valid Party Vote,1.0,3.0,1.0,0,23.0,1.0
ES6,ES,4.0,Ineligible / Not Applicable,,3.0,2.0,1,59.0,1.0
ES4,ES,7.666666666666667,Ineligible / Not Applicable,,8.0,3.0,1,38.0,1.0
ES5,ES,7.666666666666667,Ineligible / Not Applicable,,6.0,2.0,1,17.0,1.0
ES6,ES,3.0,Ineligible / Not Applicable,,3.0,1.0,1,63.0,1.0
ES3,ES,1.6666666666666667,Refuse to Say,,3.0,2.0,0,57.0,1.0
ES1,ES,5.0,Invalid Ballot,0.0,5.0,3.0,1,22.0,1.0
ES5,ES,6.333333333333333,Valid Party Vote,0.0,9.0,3.0,0,44.0,1.0
ES5,ES,6.333333333333333,Valid Party Vote,0.0,5.0,5.0,0,24.0,1.0
ES1,ES,2.3333333333333335,Valid Party Vote,0.0,8.0,7.0,1,49.0,1.0
ES5,ES,1.6666666666666667,Valid Party Vote,0.0,5.0,3.0,1,38.0,1.0
ES6,ES,2.0,Refuse to Say,,1.0,1.0,1,47.0,1.0
ES5,ES,5.0,Refuse to Say,,5.0,2.0,0,39.0,1.0
ES6,ES,2.6666666666666665,Ineligible / Not Applicable,,4.0,2.0,1,28.0,1.0
ES2,ES,2.3333333333333335,Ineligible / Not Applicable,,5.0,1.0,0,32.0,1.0
ES2,ES,2.0,Valid Party Vote,0.0,8.0,4.0,1,43.0,1.0
ES5,ES,4.0,Ineligible / Not Applicable,,3.0,1.0,1,80.0,1.0
ES3,ES,4.333333333333333,Valid Party Vote,0.0,10.0,6.0,1,70.0,1.0
ES2,ES,6.0,Valid Party Vote,0.0,2.0,1.0,1,42.0,1.0
ES5,ES,1.0,Valid Party Vote,0.0,5.0,2.0,0,61.0,1.0
ES6,ES,3.3333333333333335,Valid Party Vote,0.0,4.0,1.0,1,59.0,1.0
ES1,ES,6.333333333333333,Valid Party Vote,0.0,9.0,7.0,1,24.0,1.0
ES2,ES,3.0,Valid Party Vote,0.0,10.0,1.0,0,72.0,1.0
ES6,ES,4.0,Valid Party Vote,0.0,8.0,2.0,0,60.0,1.0
ES2,ES,5.333333333333333,Valid Party Vote,0.0,7.0,5.0,1,24.0,1.0
ES6,ES,7.0,Valid Party Vote,0.0,6.0,1.0,1,80.0,1.0
ES5,ES,0.6666666666666666,Valid Party Vote,0.0,4.0,7.0,0,64.0,1.0
ES5,ES,4.0,Valid Party Vote,0.0,2.0,1.0,0,74.0,1.0
ES3,ES,5.0,Valid Party Vote,0.0,6.0,2.0,1,19.0,1.0
ES3,ES,7.333333333333333,Valid Party Vote,0.0,3.0,2.0,1,88.0,1.0
ES5,ES,6.333333333333333,Blank Ballot,0.0,5.0,3.0,0,23.0,1.0
ES4,ES,6.0,Ineligible / Not Applicable,,7.0,2.0,1,42.0,1.0
ES7,ES,5.0,Ineligible / Not Applicable,,5.0,2.0,1,16.0,1.0
ES2,ES,6.0,Ineligible / Not Applicable,,4.0,2.0,1,16.0,1.0
ES2,ES,4.333333333333333,Valid Party Vote,0.0,8.0,5.0,0,72.0,1.0
ES1,ES,5.666666666666667,Ineligible / Not Applicable,,4.0,2.0,0,51.0,1.0
ES5,ES,7.666666666666667,Ineligible / Not Applicable,,8.0,3.0,1,56.0,1.0
ES6,ES,6.333333333333333,Valid Party Vote,0.0,6.0,7.0,1,35.0,1.0
ES3,ES,4.333333333333333,Refuse to Say,,5.0,2.0,1,66.0,1.0
ES2,ES,2.0,Refuse to Say,,8.0,3.0,0,62.0,1.0
ES3,ES,4.0,Valid Party Vote,0.0,7.0,6.0,1,51.0,1.0
ES7,ES,4.666666666666667,Valid Party Vote,0.0,4.0,1.0,1,66.0,1.0
ES6,ES,5.0,Valid Party Vote,0.0,8.0,6.0,1,45.0,1.0
ES5,ES,3.0,Ineligible / Not Applicable,,5.0,5.0,1,46.0,1.0
ES6,ES,6.333333333333333,Valid Party Vote,0.0,5.0,4.0,1,25.0,1.0
ES1,ES,4.0,Ineligible / Not Applicable,,5.0,2.0,0,20.0,1.0
ES6,ES,5.333333333333333,Ineligible / Not Applicable,,5.0,2.0,1,18.0,1.0
ES7,ES,8.333333333333334,Ineligible / Not Applicable,,5.0,6.0,1,29.0,1.0
ES5,ES,7.0,Valid Party Vote,0.0,6.0,1.0,1,82.0,1.0
ES2,ES,6.666666666666667,Valid Party Vote,0.0,7.0,7.0,1,64.0,1.0
ES5,ES,6.666666666666667,Ineligible / Not Applicable,,8.0,2.0,1,18.0,1.0
ES4,ES,5.666666666666667,Valid Party Vote,0.0,3.0,2.0,0,29.0,1.0
ES6,ES,2.6666666666666665,Invalid Ballot,0.0,3.0,3.0,1,45.0,1.0
ES6,ES,0.6666666666666666,Valid Party Vote,0.0,3.0,2.0,0,57.0,1.0
ES6,ES,4.333333333333333,Valid Party Vote,0.0,4.0,7.0,0,33.0,1.0
ES2,ES,1.6666666666666667,Valid Party Vote,0.0,2.0,2.0,1,53.0,1.0
ES2,ES,2.6666666666666665,Valid Party Vote,0.0,8.0,2.0,0,59.0,1.0
ES5,ES,3.3333333333333335,Valid Party Vote,0.0,2.0,2.0,1,54.0,1.0
ES4,ES,2.3333333333333335,Valid Party Vote,0.0,5.0,1.0,0,69.0,1.0
ES1,ES,0.3333333333333333,Ineligible / Not Applicable,,5.0,2.0,0,46.0,1.0
ES4,ES,3.0,Valid Party Vote,0.0,6.0,2.0,0,48.0,1.0
ES5,ES,4.0,Ineligible / Not Applicable,,3.0,7.0,0,76.0,1.0
ES4,ES,5.666666666666667,Valid Party Vote,0.0,9.0,6.0,1,63.0,1.0
ES2,ES,5.333333333333333,Valid Party Vote,1.0,6.0,4.0,0,68.0,1.0
ES3,ES,4.666666666666667,Valid Party Vote,0.0,6.0,7.0,1,65.0,1.0
ES2,ES,8.0,Ineligible / Not Applicable,,1.0,1.0,1,70.0,1.0
ES3,ES,6.666666666666667,Valid Party Vote,0.0,7.0,6.0,1,65.0,1.0
ES5,ES,1.6666666666666667,Valid Party Vote,0.0,10.0,6.0,1,25.0,1.0
ES4,ES,1.0,Valid Party Vote,0.0,3.0,1.0,1,83.0,1.0
ES1,ES,7.0,Valid Party Vote,0.0,8.0,7.0,0,51.0,1.0
ES1,ES,5.333333333333333,Valid Party Vote,0.0,5.0,7.0,0,59.0,1.0
ES5,ES,4.0,Valid Party Vote,0.0,4.0,2.0,1,67.0,1.0
ES5,ES,3.6666666666666665,Valid Party Vote,0.0,8.0,6.0,0,81.0,1.0
ES5,ES,4.333333333333333,Valid Party Vote,0.0,5.0,5.0,1,23.0,1.0
ES7,ES,5.666666666666667,Valid Party Vote,0.0,4.0,6.0,1,47.0,1.0
ES2,ES,6.0,Valid Party Vote,0.0,10.0,5.0,1,60.0,1.0
ES6,ES,6.666666666666667,Valid Party Vote,0.0,10.0,1.0,0,82.0,1.0
ES3,ES,0.3333333333333333,Valid Party Vote,1.0,0.0,6.0,0,27.0,1.0
ES5,ES,3.3333333333333335,Ineligible / Not Applicable,,5.0,3.0,1,37.0,1.0
ES6,ES,1.0,Valid Party Vote,0.0,,1.0,1,69.0,1.0
ES5,ES,6.333333333333333,Valid Party Vote,0.0,8.0,6.0,0,33.0,1.0
ES5,ES,3.3333333333333335,Valid Party Vote,1.0,2.0,2.0,0,48.0,1.0
ES5,ES,0.6666666666666666,Ineligible / Not Applicable,,10.0,2.0,0,20.0,1.0
ES1,ES,0.6666666666666666,Refuse to Say,,10.0,2.0,0,60.0,1.0
ES3,ES,4.333333333333333,Valid Party Vote,0.0,8.0,2.0,0,51.0,1.0
ES4,ES,1.6666666666666667,Valid Party Vote,0.0,5.0,2.0,1,59.0,1.0
ES5,ES,3.0,Blank Ballot,0.0,5.0,7.0,0,33.0,1.0
ES1,ES,1.3333333333333333,Ineligible / Not Applicable,,10.0,2.0,0,31.0,1.0
ES2,ES,5.0,Don't Know,,3.0,1.0,1,83.0,1.0
ES4,ES,8.0,Valid Party Vote,0.0,9.0,7.0,1,58.0,1.0
ES5,ES,0.0,Valid Party Vote,0.0,0.0,5.0,0,46.0,1.0
ES6,ES,1.0,Refuse to Say,,5.0,7.0,0,39.0,1.0
ES2,ES,8.0,Valid Party Vote,0.0,5.0,2.0,0,46.0,1.0
ES7,ES,5.0,Ineligible / Not Applicable,,5.0,4.0,0,23.0,1.0
ES5,ES,5.333333333333333,Valid Party Vote,0.0,8.0,4.0,0,46.0,1.0
ES2,ES,0.0,Ineligible / Not Applicable,,7.0,1.0,1,86.0,1.0
ES3,ES,1.3333333333333333,Refuse to Say,,10.0,7.0,1,48.0,1.0
ES4,ES,4.0,Valid Party Vote,0.0,8.0,1.0,0,88.0,1.0
ES4,ES,1.6666666666666667,Ineligible / Not Applicable,,3.0,1.0,1,62.0,1.0
ES1,ES,0.0,Valid Party Vote,0.0,6.0,2.0,1,47.0,1.0
ES6,ES,2.3333333333333335,Valid Party Vote,0.0,6.0,7.0,0,62.0,1.0
ES5,ES,1.6666666666666667,Valid Party Vote,0.0,5.0,1.0,0,76.0,1.0
ES1,ES,0.0,Refuse to Say,,5.0,5.0,1,42.0,1.0
ES5,ES,1.3333333333333333,Refuse to Say,,5.0,4.0,0,40.0,1.0
ES2,ES,4.666666666666667,Ineligible / Not Applicable,,7.0,5.0,1,46.0,1.0
ES4,ES,3.3333333333333335,Ineligible / Not Applicable,,5.0,6.0,0,37.0,1.0
ES4,ES,3.3333333333333335,Ineligible / Not Applicable,,8.0,2.0,1,48.0,1.0
ES5,ES,3.3333333333333335,Valid Party Vote,0.0,8.0,6.0,0,39.0,1.0
ES1,ES,3.0,Refuse to Say,,5.0,1.0,1,64.0,1.0
ES6,ES,6.0,Valid Party Vote,0.0,10.0,2.0,0,47.0,1.0
ES5,ES,4.333333333333333,Valid Party Vote,0.0,5.0,3.0,1,44.0,1.0
ES4,ES,5.666666666666667,Valid Party Vote,0.0,5.0,2.0,0,68.0,1.0
ES3,ES,4.666666666666667,Valid Party Vote,0.0,4.0,1.0,0,80.0,1.0
ES6,ES,5.0,Valid Party Vote,0.0,5.0,7.0,1,25.0,1.0
ES4,ES,3.0,Valid Party Vote,0.0,5.0,1.0,1,69.0,1.0
ES5,ES,6.0,Valid Party Vote,1.0,6.0,1.0,1,58.0,1.0
ES6,ES,2.6666666666666665,Ineligible / Not Applicable,,5.0,6.0,0,23.0,1.0
ES3,ES,5.0,Refuse to Say,,6.0,2.0,1,63.0,1.0
ES5,ES,2.3333333333333335,Refuse to Say,,5.0,5.0,1,55.0,1.0
ES5,ES,4.333333333333333,Valid Party Vote,0.0,5.0,1.0,0,78.0,1.0
ES2,ES,2.3333333333333335,Valid Party Vote,0.0,6.0,3.0,1,44.0,1.0
ES5,ES,2.0,Ineligible / Not Applicable,,5.0,7.0,0,31.0,1.0
ES4,ES,3.6666666666666665,Refuse to Say,,,1.0,1,67.0,1.0
ES6,ES,3.6666666666666665,Valid Party Vote,0.0,5.0,5.0,0,50.0,1.0
ES3,ES,4.0,Refuse to Say,,7.0,7.0,0,36.0,1.0
ES3,ES,7.333333333333333,Valid Party Vote,0.0,5.0,3.0,1,20.0,1.0
ES3,ES,4.333333333333333,Valid Party Vote,0.0,5.0,7.0,0,53.0,1.0
ES4,ES,6.0,Valid Party Vote,0.0,5.0,5.0,0,29.0,1.0
ES3,ES,4.333333333333333,Ineligible / Not Applicable,,4.0,2.0,1,18.0,1.0
ES3,ES,6.333333333333333,Valid Party Vote,0.0,9.0,7.0,1,61.0,1.0
ES1,ES,4.666666666666667,Valid Party Vote,0.0,5.0,2.0,1,54.0,1.0
ES5,ES,5.0,Ineligible / Not Applicable,,5.0,2.0,0,33.0,1.0
ES3,ES,0.6666666666666666,Valid Party Vote,1.0,5.0,5.0,0,35.0,1.0
ES3,ES,3.3333333333333335,Valid Party Vote,0.0,4.0,2.0,1,76.0,1.0
ES2,ES,3.3333333333333335,Ineligible / Not Applicable,,5.0,5.0,1,56.0,1.0
ES3,ES,1.3333333333333333,Invalid Ballot,0.0,5.0,7.0,1,47.0,1.0
ES6,ES,3.0,Refuse to Say,,6.0,7.0,1,25.0,1.0
ES2,ES,3.6666666666666665,Valid Party Vote,0.0,4.0,1.0,0,90.0,1.0
ES6,ES,0.0,Refuse to Say,,0.0,5.0,0,36.0,1.0
ES7,ES,3.0,Valid Party Vote,0.0,3.0,7.0,1,73.0,1.0
ES6,ES,4.333333333333333,Valid Party Vote,0.0,7.0,2.0,1,47.0,1.0
ES2,ES,6.666666666666667,Ineligible / Not Applicable,,9.0,5.0,0,44.0,1.0
ES4,ES,5.666666666666667,Valid Party Vote,0.0,10.0,3.0,0,70.0,1.0
ES6,ES,1.6666666666666667,Valid Party Vote,0.0,8.0,5.0,1,60.0,1.0
ES5,ES,7.333333333333333,Ineligible / Not Applicable,,8.0,2.0,0,16.0,1.0
ES4,ES,2.0,Ineligible / Not Applicable,,0.0,2.0,0,43.0,1.0
ES5,ES,6.0,Ineligible / Not Applicable,,7.0,2.0,0,75.0,1.0
ES1,ES,4.333333333333333,Valid Party Vote,0.0,5.0,1.0,1,73.0,1.0
ES2,ES,5.333333333333333,Ineligible / Not Applicable,,5.0,2.0,0,51.0,1.0
ES6,ES,2.0,Ineligible / Not Applicable,,5.0,7.0,1,59.0,1.0
ES3,ES,6.0,Valid Party Vote,0.0,6.0,7.0,1,24.0,1.0
ES5,ES,3.6666666666666665,Don't Know,,3.0,5.0,0,50.0,1.0
ES4,ES,5.666666666666667,Ineligible / Not Applicable,,10.0,2.0,0,16.0,1.0
ES5,ES,0.0,Ineligible / Not Applicable,,10.0,2.0,0,28.0,1.0
ES1,ES,1.3333333333333333,Ineligible / Not Applicable,,7.0,7.0,0,24.0,1.0
ES5,ES,5.666666666666667,Valid Party Vote,0.0,8.0,1.0,1,72.0,1.0
ES6,ES,1.3333333333333333,Valid Party Vote,0.0,4.0,2.0,1,65.0,1.0
ES5,ES,2.3333333333333335,Ineligible / Not Applicable,,2.0,2.0,1,41.0,1.0
ES3,ES,5.666666666666667,Valid Party Vote,0.0,7.0,5.0,1,25.0,1.0
ES7,ES,5.0,Valid Party Vote,0.0,5.0,1.0,0,86.0,1.0
ES7,ES,4.333333333333333,Valid Party Vote,0.0,3.0,1.0,0,58.0,1.0
ES6,ES,1.6666666666666667,Ineligible / Not Applicable,,0.0,1.0,1,57.0,1.0
ES6,ES,5.333333333333333,Valid Party Vote,0.0,6.0,2.0,0,54.0,1.0
ES5,ES,2.6666666666666665,Ineligible / Not Applicable,,5.0,5.0,1,23.0,1.0
ES5,ES,1.6666666666666667,Valid Party Vote,0.0,6.0,7.0,0,69.0,1.0
ES1,ES,2.6666666666666665,Refuse to Say,,5.0,3.0,0,24.0,1.0
ES4,ES,5.666666666666667,Valid Party Vote,0.0,9.0,2.0,1,49.0,1.0
ES5,ES,2.3333333333333335,Valid Party Vote,0.0,6.0,7.0,0,76.0,1.0
ES2,ES,5.0,Ineligible / Not Applicable,,5.0,3.0,0,39.0,1.0
ES6,ES,4.333333333333333,Valid Party Vote,0.0,6.0,1.0,1,69.0,1.0
ES2,ES,4.333333333333333,Valid Party Vote,0.0,7.0,5.0,0,59.0,1.0
ES3,ES,2.6666666666666665,Valid Party Vote,0.0,6.0,6.0,1,45.0,1.0
ES5,ES,5.0,Valid Party Vote,0.0,8.0,3.0,0,87.0,1.0
ES5,ES,1.0,Blank Ballot,0.0,5.0,2.0,0,51.0,1.0
ES6,ES,6.0,Ineligible / Not Applicable,,9.0,1.0,0,53.0,1.0
ES1,ES,5.0,Don't Know,,5.0,2.0,0,54.0,1.0
ES1,ES,3.0,Valid Party Vote,0.0,6.0,5.0,1,33.0,1.0
ES5,ES,3.0,Ineligible / Not Applicable,,5.0,2.0,1,21.0,1.0
ES5,ES,3.3333333333333335,Blank Ballot,0.0,7.0,4.0,0,86.0,1.0
ES5,ES,4.0,Ineligible / Not Applicable,,7.0,5.0,0,28.0,1.0
ES5,ES,5.0,Ineligible / Not Applicable,,7.0,1.0,0,16.0,1.0
ES6,ES,5.0,Valid Party Vote,0.0,6.0,2.0,0,43.0,1.0
ES5,ES,2.0,Valid Party Vote,0.0,5.0,4.0,1,61.0,1.0
ES2,ES,4.333333333333333,Valid Party Vote,0.0,3.0,7.0,0,58.0,1.0
ES4,ES,3.3333333333333335,Valid Party Vote,0.0,7.0,2.0,0,62.0,1.0
ES4,ES,3.6666666666666665,Refuse to Say,,5.0,2.0,0,66.0,1.0
ES3,ES,6.333333333333333,Refuse to Say,,,2.0,1,48.0,1.0
ES5,ES,5.333333333333333,Valid Party Vote,0.0,10.0,5.0,1,43.0,1.0
ES3,ES,5.333333333333333,Valid Party Vote,0.0,,5.0,0,35.0,1.0
ES1,ES,3.0,Valid Party Vote,0.0,5.0,5.0,1,46.0,1.0
ES1,ES,2.0,Refuse to Say,,7.0,5.0,0,57.0,1.0
ES6,ES,5.0,Valid Party Vote,0.0,10.0,6.0,1,44.0,1.0
ES4,ES,4.333333333333333,Valid Party Vote,0.0,1.0,2.0,1,71.0,1.0
ES6,ES,6.666666666666667,Refuse to Say,,6.0,4.0,0,64.0,1.0
ES6,ES,6.0,Valid Party Vote,0.0,4.0,1.0,0,79.0,1.0
ES6,ES,3.0,Ineligible / Not Applicable,,7.0,4.0,0,19.0,1.0
ES6,ES,1.6666666666666667,Ineligible / Not Applicable,,3.0,1.0,1,74.0,1.0
ES3,ES,2.6666666666666665,Valid Party Vote,0.0,5.0,7.0,0,54.0,1.0
ES3,ES,4.333333333333333,Valid Party Vote,0.0,5.0,6.0,0,33.0,1.0
ES1,ES,0.0,Refuse to Say,,0.0,1.0,1,74.0,1.0
ES5,ES,4.0,Valid Party Vote,0.0,5.0,7.0,1,68.0,1.0
ES6,ES,4.333333333333333,Valid Party Vote,0.0,6.0,3.0,1,28.0,1.0
ES5,ES,3.3333333333333335,Valid Party Vote,0.0,5.0,4.0,0,47.0,1.0
ES4,ES,0.0,Ineligible / Not Applicable,,9.0,2.0,1,17.0,1.0
ES3,ES,3.3333333333333335,Valid Party Vote,0.0,6.0,6.0,0,38.0,1.0
ES5,ES,5.0,Valid Party Vote,0.0,5.0,3.0,1,21.0,1.0
ES6,ES,2.6666666666666665,Ineligible / Not Applicable,,6.0,1.0,0,78.0,1.0
ES5,ES,5.666666666666667,Ineligible / Not Applicable,,6.0,1.0,0,22.0,1.0
ES2,ES,4.0,Valid Party Vote,0.0,6.0,1.0,1,56.0,1.0
ES6,ES,4.666666666666667,Valid Party Vote,0.0,9.0,6.0,0,43.0,1.0
ES7,ES,3.3333333333333335,Valid Party Vote,1.0,0.0,4.0,1,19.0,1.0
ES1,ES,1.0,Valid Party Vote,0.0,2.0,1.0,0,73.0,1.0
ES1,ES,8.333333333333334,Ineligible / Not Applicable,,6.0,7.0,1,51.0,1.0
ES2,ES,6.666666666666667,Ineligible / Not Applicable,,5.0,3.0,1,50.0,1.0
ES3,ES,7.0,Ineligible / Not Applicable,,9.0,2.0,1,41.0,1.0
ES1,ES,2.3333333333333335,Blank Ballot,0.0,3.0,6.0,0,77.0,1.0
ES6,ES,5.0,Valid Party Vote,1.0,3.0,3.0,1,58.0,1.0
ES3,ES,4.0,Ineligible / Not Applicable,,8.0,7.0,1,32.0,1.0
ES2,ES,9.333333333333334,Ineligible / Not Applicable,,10.0,3.0,1,43.0,1.0
ES4,ES,4.333333333333333,Valid Party Vote,0.0,2.0,5.0,0,49.0,1.0
ES5,ES,1.0,Don't Know,,3.0,2.0,1,59.0,1.0
ES2,ES,4.666666666666667,Ineligible / Not Applicable,,8.0,3.0,1,63.0,1.0
ES6,ES,2.0,Valid Party Vote,0.0,7.0,1.0,1,46.0,1.0
ES5,ES,2.6666666666666665,Valid Party Vote,0.0,3.0,5.0,0,31.0,1.0
ES4,ES,7.0,Valid Party Vote,0.0,2.0,1.0,0,70.0,1.0
ES2,ES,5.0,Valid Party Vote,0.0,7.0,7.0,1,54.0,1.0
ES1,ES,4.0,Ineligible / Not Applicable,,5.0,7.0,0,28.0,1.0
ES5,ES,5.666666666666667,Ineligible / Not Applicable,,7.0,3.0,0,58.0,1.0
ES4,ES,5.333333333333333,Valid Party Vote,0.0,5.0,1.0,0,77.0,1.0
ES2,ES,3.3333333333333335,Ineligible / Not Applicable,,10.0,6.0,0,49.0,1.0
ES2,ES,8.0,Ineligible / Not Applicable,,9.0,2.0,1,18.0,1.0
ES4,ES,1.3333333333333333,Ineligible / Not Applicable,,7.0,1.0,1,16.0,1.0
ES2,ES,4.666666666666667,Ineligible / Not Applicable,,5.0,7.0,0,35.0,1.0
ES6,ES,3.3333333333333335,Refuse to Say,,6.0,2.0,0,80.0,1.0
ES2,ES,4.0,Blank Ballot,0.0,5.0,2.0,1,59.0,1.0
ES7,ES,8.0,Valid Party Vote,0.0,8.0,3.0,1,60.0,1.0
ES6,ES,7.0,Ineligible / Not Applicable,,7.0,2.0,1,20.0,1.0
ES3,ES,4.666666666666667,Valid Party Vote,1.0,8.0,7.0,0,60.0,1.0
ES5,ES,1.3333333333333333,Refuse to Say,,9.0,2.0,0,51.0,1.0
ES6,ES,3.6666666666666665,Ineligible / Not Applicable,,5.0,5.0,0,31.0,1.0
ES5,ES,1.0,Valid Party Vote,0.0,6.0,7.0,1,68.0,1.0
ES6,ES,6.0,Ineligible / Not Applicable,,7.0,1.0,1,66.0,1.0
ES2,ES,0.0,Refuse to Say,,10.0,6.0,1,35.0,1.0
ES3,ES,1.0,Ineligible / Not Applicable,,9.0,6.0,0,74.0,1.0
ES7,ES,7.666666666666667,Valid Party Vote,0.0,6.0,5.0,1,76.0,1.0
ES3,ES,6.0,Ineligible / Not Applicable,,6.0,1.0,0,86.0,1.0
ES7,ES,5.333333333333333,Valid Party Vote,0.0,8.0,4.0,0,59.0,1.0
ES6,ES,4.666666666666667,Ineligible / Not Applicable,,7.0,1.0,1,17.0,1.0
ES2,ES,2.0,Valid Party Vote,0.0,9.0,7.0,1,36.0,1.0
ES5,ES,4.0,Ineligible / Not Applicable,,5.0,7.0,1,28.0,1.0
ES6,ES,4.0,Ineligible / Not Applicable,,5.0,2.0,0,40.0,1.0
ES6,ES,3.0,Valid Party Vote,0.0,3.0,5.0,0,74.0,1.0
ES3,ES,3.0,Ineligible / Not Applicable,,8.0,2.0,1,37.0,1.0
ES6,ES,0.0,Ineligible / Not Applicable,,3.0,1.0,1,46.0,1.0
ES6,ES,5.666666666666667,Valid Party Vote,0.0,5.0,3.0,1,21.0,1.0
ES1,ES,3.3333333333333335,Valid Party Vote,0.0,2.0,5.0,0,28.0,1.0
ES6,ES,1.0,Valid Party Vote,1.0,7.0,2.0,1,50.0,1.0
ES4,ES,5.0,Ineligible / Not Applicable,,8.0,2.0,1,31.0,1.0
ES3,ES,5.333333333333333,Refuse to Say,,6.0,2.0,0,63.0,1.0
ES5,ES,7.333333333333333,Valid Party Vote,0.0,8.0,7.0,1,40.0,1.0
ES4,ES,3.6666666666666665,Valid Party Vote,0.0,,7.0,0,42.0,1.0
ES5,ES,3.3333333333333335,Refuse to Say,,5.0,5.0,1,56.0,1.0
ES6,ES,2.3333333333333335,Valid Party Vote,0.0,3.0,2.0,1,56.0,1.0
ES6,ES,1.3333333333333333,Valid Party Vote,0.0,8.0,6.0,1,45.0,1.0
ES7,ES,6.333333333333333,Valid Party Vote,0.0,2.0,1.0,1,76.0,1.0
ES6,ES,1.6666666666666667,Invalid Ballot,0.0,5.0,2.0,0,59.0,1.0
ES5,ES,8.333333333333334,Valid Party Vote,0.0,8.0,4.0,0,77.0,1.0
ES5,ES,2.3333333333333335,Ineligible / Not Applicable,,,7.0,1,36.0,1.0
ES1,ES,2.0,Ineligible / Not Applicable,,0.0,1.0,1,32.0,1.0
ES7,ES,0.0,Ineligible / Not Applicable,,10.0,1.0,1,63.0,1.0
ES1,ES,5.666666666666667,Valid Party Vote,0.0,10.0,2.0,0,53.0,1.0
ES6,ES,5.666666666666667,Refuse to Say,,5.0,6.0,1,40.0,1.0
ES5,ES,3.6666666666666665,Ineligible / Not Applicable,,0.0,1.0,1,28.0,1.0
ES7,ES,5.0,Refuse to Say,,1.0,2.0,0,61.0,1.0
ES5,ES,1.3333333333333333,Ineligible / Not Applicable,,10.0,2.0,1,,1.0
ES5,ES,4.0,Valid Party Vote,0.0,5.0,1.0,1,73.0,1.0
ES5,ES,2.3333333333333335,Ineligible / Not Applicable,,3.0,2.0,0,57.0,1.0
ES5,ES,4.0,Ineligible / Not Applicable,,7.0,4.0,0,22.0,1.0
ES3,ES,5.666666666666667,Valid Party Vote,0.0,7.0,7.0,1,39.0,1.0
ES5,ES,3.0,Valid Party Vote,0.0,5.0,7.0,1,79.0,1.0
ES1,ES,5.666666666666667,Ineligible / Not Applicable,,9.0,2.0,1,16.0,1.0
ES4,ES,3.6666666666666665,Valid Party Vote,0.0,7.0,2.0,0,56.0,1.0
ES4,ES,6.666666666666667,Valid Party Vote,0.0,7.0,2.0,0,66.0,1.0
ES3,ES,4.666666666666667,Valid Party Vote,0.0,7.0,3.0,0,59.0,1.0
ES6,ES,,Don't Know,,,1.0,1,73.0,1.0
ES4,ES,5.0,Valid Party Vote,1.0,4.0,1.0,0,22.0,1.0
ES6,ES,3.3333333333333335,Valid Party Vote,0.0,10.0,1.0,1,53.0,1.0
ES4,ES,1.0,Valid Party Vote,0.0,1.0,4.0,1,61.0,1.0
ES3,ES,5.666666666666667,Valid Party Vote,0.0,8.0,7.0,1,54.0,1.0
ES1,ES,0.6666666666666666,Valid Party Vote,0.0,5.0,2.0,1,39.0,1.0
ES6,ES,4.333333333333333,Valid Party Vote,0.0,5.0,3.0,0,56.0,1.0
ES6,ES,3.3333333333333335,Valid Party Vote,0.0,5.0,1.0,1,58.0,1.0
ES1,ES,3.6666666666666665,Valid Party Vote,0.0,5.0,5.0,1,64.0,1.0
ES6,ES,5.666666666666667,Ineligible / Not Applicable,,6.0,3.0,1,38.0,1.0
ES6,ES,4.0,Valid Party Vote,0.0,8.0,2.0,1,42.0,1.0
ES3,ES,3.6666666666666665,Valid Party Vote,0.0,6.0,3.0,1,66.0,1.0
ES6,ES,8.0,Valid Party Vote,0.0,8.0,4.0,0,20.0,1.0
ES1,ES,6.666666666666667,Valid Party Vote,0.0,7.0,2.0,1,59.0,1.0
ES1,ES,2.6666666666666665,Valid Party Vote,1.0,,5.0,0,29.0,1.0
ES3,ES,4.333333333333333,Valid Party Vote,0.0,7.0,2.0,1,20.0,1.0
ES5,ES,4.666666666666667,Refuse to Say,,5.0,2.0,1,,1.0
ES1,ES,0.0,Refuse to Say,,5.0,2.0,0,64.0,1.0
ES5,ES,8.0,Valid Party Vote,0.0,4.0,6.0,0,54.0,1.0
ES4,ES,3.3333333333333335,Valid Party Vote,0.0,8.0,2.0,0,50.0,1.0
ES5,ES,5.666666666666667,Ineligible / Not Applicable,,5.0,4.0,0,42.0,1.0
ES5,ES,4.666666666666667,Valid Party Vote,0.0,6.0,3.0,0,26.0,1.0
ES4,ES,6.666666666666667,Valid Party Vote,0.0,5.0,4.0,1,20.0,1.0
ES1,ES,4.666666666666667,Refuse to Say,,5.0,7.0,1,60.0,1.0
ES4,ES,0.0,Ineligible / Not Applicable,,1.0,1.0,1,49.0,1.0
ES5,ES,5.0,Refuse to Say,,7.0,7.0,0,32.0,1.0
ES6,ES,3.3333333333333335,Valid Party Vote,0.0,5.0,1.0,0,72.0,1.0
ES3,ES,1.6666666666666667,Valid Party Vote,0.0,5.0,3.0,0,30.0,1.0
ES5,ES,2.0,Blank Ballot,0.0,5.0,2.0,0,70.0,1.0
ES2,ES,5.666666666666667,Ineligible / Not Applicable,,6.0,1.0,0,53.0,1.0
ES4,ES,4.666666666666667,Valid Party Vote,0.0,8.0,7.0,0,36.0,1.0
ES4,ES,5.0,Valid Party Vote,0.0,5.0,1.0,0,84.0,1.0
ES1,ES,3.0,Ineligible / Not Applicable,,9.0,1.0,0,79.0,1.0
ES1,ES,6.0,Valid Party Vote,0.0,8.0,5.0,1,41.0,1.0
ES3,ES,5.0,Valid Party Vote,0.0,8.0,7.0,1,28.0,1.0
ES5,ES,8.0,Valid Party Vote,0.0,6.0,2.0,1,59.0,1.0
ES4,ES,4.666666666666667,Ineligible / Not Applicable,,3.0,1.0,1,71.0,1.0
ES1,ES,5.0,Valid Party Vote,0.0,6.0,5.0,1,41.0,1.0
ES6,ES,0.0,Ineligible / Not Applicable,,5.0,1.0,0,,1.0
ES5,ES,4.333333333333333,Refuse to Say,,5.0,2.0,0,61.0,1.0
ES5,ES,3.0,Ineligible / Not Applicable,,5.0,6.0,1,24.0,1.0
ES6,ES,5.333333333333333,Valid Party Vote,0.0,7.0,7.0,1,47.0,1.0
ES2,ES,,Refuse to Say,,,1.0,1,88.0,1.0
ES6,ES,2.3333333333333335,Refuse to Say,,5.0,6.0,1,71.0,1.0
ES3,ES,5.333333333333333,Refuse to Say,,8.0,6.0,1,54.0,1.0
ES2,ES,2.6666666666666665,Refuse to Say,,3.0,1.0,1,80.0,1.0
ES4,ES,5.333333333333333,Valid Party Vote,0.0,7.0,5.0,1,75.0,1.0
ES5,ES,5.333333333333333,Ineligible / Not Applicable,,5.0,5.0,1,90.0,1.0
ES5,ES,4.333333333333333,Invalid Ballot,0.0,7.0,2.0,0,50.0,1.0
ES6,ES,2.3333333333333335,Ineligible / Not Applicable,,5.0,2.0,0,47.0,1.0
ES5,ES,1.0,Valid Party Vote,1.0,8.0,2.0,0,55.0,1.0
ES6,ES,4.666666666666667,Ineligible / Not Applicable,,8.0,7.0,1,40.0,1.0
ES4,ES,2.6666666666666665,Valid Party Vote,0.0,3.0,2.0,1,35.0,1.0
ES4,ES,5.0,Ineligible / Not Applicable,,10.0,2.0,1,28.0,1.0
ES5,ES,4.666666666666667,Ineligible / Not Applicable,,5.0,4.0,1,19.0,1.0
ES5,ES,7.0,Ineligible / Not Applicable,,,6.0,1,54.0,1.0
ES6,ES,4.666666666666667,Valid Party Vote,0.0,6.0,3.0,0,38.0,1.0
ES2,ES,1.6666666666666667,Ineligible / Not Applicable,,9.0,5.0,0,76.0,1.0
ES7,ES,2.0,Ineligible / Not Applicable,,2.0,7.0,0,75.0,1.0
ES5,ES,6.333333333333333,Refuse to Say,,5.0,3.0,0,79.0,1.0
ES1,ES,6.0,Ineligible / Not Applicable,,9.0,1.0,1,90.0,1.0
ES6,ES,4.333333333333333,Valid Party Vote,0.0,6.0,2.0,1,55.0,1.0
ES2,ES,2.3333333333333335,Refuse to Say,,1.0,1.0,0,72.0,1.0
ES3,ES,5.0,Valid Party Vote,0.0,4.0,2.0,1,73.0,1.0
ES5,ES,3.0,Ineligible / Not Applicable,,2.0,3.0,0,34.0,1.0
ES6,ES,3.6666666666666665,Valid Party Vote,1.0,5.0,1.0,0,49.0,1.0
ES7,ES,4.0,Valid Party Vote,0.0,8.0,4.0,0,46.0,1.0
ES6,ES,2.3333333333333335,Ineligible / Not Applicable,,7.0,6.0,1,56.0,1.0
ES5,ES,1.6666666666666667,Ineligible / Not Applicable,,4.0,2.0,0,61.0,1.0
ES3,ES,7.333333333333333,Valid Party Vote,0.0,7.0,7.0,0,63.0,1.0
ES5,ES,4.333333333333333,Don't Know,,7.0,6.0,1,43.0,1.0
ES3,ES,6.666666666666667,Valid Party Vote,0.0,7.0,7.0,1,63.0,1.0
ES1,ES,4.666666666666667,Valid Party Vote,0.0,3.0,2.0,0,54.0,1.0
ES6,ES,2.3333333333333335,Valid Party Vote,0.0,2.0,2.0,1,46.0,1.0
ES2,ES,7.0,Valid Party Vote,0.0,6.0,6.0,1,54.0,1.0
ES7,ES,6.333333333333333,Valid Party Vote,0.0,10.0,4.0,1,49.0,1.0
ES5,ES,4.0,Refuse to Say,,8.0,7.0,0,64.0,1.0
ES4,ES,2.6666666666666665,Valid Party Vote,0.0,10.0,5.0,0,44.0,1.0
ES3,ES,4.333333333333333,Valid Party Vote,0.0,7.0,2.0,1,67.0,1.0
ES6,ES,3.0,Valid Party Vote,1.0,7.0,5.0,1,54.0,1.0
ES3,ES,0.3333333333333333,Ineligible / Not Applicable,,7.0,7.0,1,31.0,1.0
ES6,ES,5.666666666666667,Ineligible / Not Applicable,,5.0,2.0,1,24.0,1.0
ES5,ES,5.0,Valid Party Vote,0.0,7.0,7.0,1,30.0,1.0
ES3,ES,3.3333333333333335,Valid Party Vote,0.0,7.0,6.0,0,32.0,1.0
ES7,ES,3.0,Valid Party Vote,0.0,1.0,2.0,0,58.0,1.0
ES5,ES,2.0,Valid Party Vote,0.0,7.0,6.0,0,54.0,1.0
ES5,ES,2.3333333333333335,Valid Party Vote,0.0,5.0,2.0,1,51.0,1.0
ES5,ES,2.3333333333333335,Valid Party Vote,0.0,6.0,6.0,0,21.0,1.0
ES4,ES,5.0,Ineligible / Not Applicable,,9.0,1.0,1,39.0,1.0
ES4,ES,5.666666666666667,Refuse to Say,,4.0,3.0,1,59.0,1.0
ES5,ES,6.666666666666667,Valid Party Vote,0.0,9.0,6.0,1,54.0,1.0
ES3,ES,2.6666666666666665,Valid Party Vote,0.0,7.0,7.0,0,54.0,1.0
ES5,ES,6.666666666666667,Valid Party Vote,0.0,7.0,3.0,0,78.0,1.0
ES7,ES,6.0,Valid Party Vote,0.0,5.0,3.0,1,53.0,1.0
ES2,ES,6.0,Valid Party Vote,0.0,7.0,1.0,1,56.0,1.0
ES1,ES,4.0,Invalid Ballot,0.0,8.0,3.0,1,22.0,1.0
ES4,ES,2.6666666666666665,Valid Party Vote,0.0,9.0,4.0,0,31.0,1.0
ES6,ES,5.333333333333333,Valid Party Vote,0.0,6.0,2.0,1,41.0,1.0
ES6,ES,4.666666666666667,Don't Know,,7.0,2.0,1,56.0,1.0
ES3,ES,5.666666666666667,Valid Party Vote,0.0,4.0,6.0,1,39.0,1.0
ES4,ES,6.0,Valid Party Vote,1.0,5.0,5.0,1,41.0,1.0
ES6,ES,3.3333333333333335,Ineligible / Not Applicable,,7.0,2.0,0,18.0,1.0
ES5,ES,4.0,Valid Party Vote,0.0,5.0,1.0,0,70.0,1.0
ES2,ES,8.333333333333334,Valid Party Vote,0.0,6.0,2.0,0,75.0,1.0
ES4,ES,0.3333333333333333,Blank Ballot,0.0,5.0,1.0,0,51.0,1.0
ES4,ES,5.0,Valid Party Vote,0.0,9.0,5.0,0,63.0,1.0
ES6,ES,5.0,Valid Party Vote,0.0,8.0,1.0,1,86.0,1.0
ES5,ES,5.333333333333333,Ineligible / Not Applicable,,6.0,6.0,0,65.0,1.0
ES4,ES,3.0,Valid Party Vote,0.0,7.0,2.0,1,44.0,1.0
ES6,ES,1.0,Ineligible / Not Applicable,,4.0,2.0,1,60.0,1.0
ES2,ES,,Valid Party Vote,0.0,5.0,1.0,0,86.0,1.0
ES1,ES,3.6666666666666665,Blank Ballot,0.0,6.0,2.0,1,64.0,1.0
ES2,ES,5.666666666666667,Refuse to Say,,7.0,6.0,1,65.0,1.0
ES5,ES,5.0,Refuse to Say,,5.0,1.0,0,84.0,1.0
ES7,ES,6.0,Valid Party Vote,0.0,5.0,5.0,0,63.0,1.0
ES4,ES,4.0,Valid Party Vote,0.0,7.0,7.0,1,64.0,1.0
ES6,ES,7.0,Ineligible / Not Applicable,,10.0,1.0,1,37.0,1.0
ES5,ES,2.5,Valid Party Vote,0.0,1.0,1.0,1,71.0,1.0
ES4,ES,6.333333333333333,Valid Party Vote,0.0,4.0,2.0,0,19.0,1.0
ES3,ES,6.0,Valid Party Vote,0.0,5.0,4.0,0,24.0,1.0
ES2,ES,4.666666666666667,Valid Party Vote,0.0,8.0,7.0,0,50.0,1.0
ES1,ES,4.666666666666667,Valid Party Vote,0.0,9.0,5.0,1,62.0,1.0
ES5,ES,4.666666666666667,Ineligible / Not Applicable,,4.0,2.0,0,17.0,1.0
ES4,ES,7.666666666666667,Ineligible / Not Applicable,,10.0,7.0,0,60.0,1.0
ES5,ES,1.3333333333333333,Valid Party Vote,1.0,6.0,2.0,0,82.0,1.0
ES6,ES,4.666666666666667,Ineligible / Not Applicable,,6.0,7.0,1,26.0,1.0
ES5,ES,6.666666666666667,Refuse to Say,,2.0,2.0,0,70.0,1.0
ES3,ES,8.0,Ineligible / Not Applicable,,5.0,7.0,1,40.0,1.0
ES2,ES,5.333333333333333,Refuse to Say,,5.0,7.0,1,61.0,1.0
ES5,ES,3.3333333333333335,Refuse to Say,,4.0,2.0,1,37.0,1.0
ES3,ES,6.333333333333333,Refuse to Say,,9.0,7.0,1,61.0,1.0
ES2,ES,0.0,Refuse to Say,,7.0,1.0,1,71.0,1.0
ES5,ES,8.0,Ineligible / Not Applicable,,5.0,3.0,0,82.0,1.0
ES4,ES,2.6666666666666665,Refuse to Say,,6.0,1.0,1,70.0,1.0
ES3,ES,3.0,Valid Party Vote,0.0,8.0,6.0,0,83.0,1.0
ES1,ES,5.666666666666667,Ineligible / Not Applicable,,9.0,5.0,1,27.0,1.0
ES6,ES,3.6666666666666665,Valid Party Vote,0.0,7.0,1.0,1,73.0,1.0
ES6,ES,5.333333333333333,Valid Party Vote,1.0,1.0,2.0,0,44.0,1.0
ES4,ES,4.0,Valid Party Vote,0.0,6.0,2.0,1,56.0,1.0
ES2,ES,5.333333333333333,Valid Party Vote,0.0,8.0,7.0,1,32.0,1.0
ES4,ES,3.6666666666666665,Ineligible / Not Applicable,,8.0,5.0,1,35.0,1.0
ES3,ES,5.333333333333333,Ineligible / Not Applicable,,8.0,3.0,0,56.0,1.0
ES3,ES,1.3333333333333333,Refuse to Say,,0.0,2.0,1,58.0,1.0
ES6,ES,5.333333333333333,Valid Party Vote,0.0,8.0,2.0,0,65.0,1.0
ES5,ES,3.6666666666666665,Valid Party Vote,0.0,3.0,1.0,1,59.0,1.0
ES5,ES,2.3333333333333335,Valid Party Vote,0.0,8.0,2.0,0,63.0,1.0
ES3,ES,5.0,Ineligible / Not Applicable,,7.0,5.0,1,19.0,1.0
ES5,ES,4.666666666666667,Ineligible / Not Applicable,,8.0,4.0,1,44.0,1.0
ES5,ES,3.3333333333333335,Valid Party Vote,0.0,2.0,1.0,0,64.0,1.0
ES5,ES,1.6666666666666667,Ineligible / Not Applicable,,10.0,7.0,0,30.0,1.0
ES2,ES,5.0,Valid Party Vote,0.0,8.0,7.0,0,39.0,1.0
ES1,ES,3.3333333333333335,Refuse to Say,,8.0,1.0,0,78.0,1.0
ES4,ES,2.6666666666666665,Refuse to Say,,3.0,5.0,1,42.0,1.0
ES2,ES,7.333333333333333,Ineligible / Not Applicable,,5.0,2.0,0,25.0,1.0
ES1,ES,4.0,Valid Party Vote,0.0,7.0,2.0,1,47.0,1.0
ES6,ES,6.0,Valid Party Vote,0.0,5.0,4.0,0,58.0,1.0
ES2,ES,3.6666666666666665,Ineligible / Not Applicable,,5.0,7.0,1,26.0,1.0
ES7,ES,5.666666666666667,Valid Party Vote,0.0,10.0,1.0,0,41.0,1.0
ES5,ES,2.0,Valid Party Vote,1.0,2.0,2.0,0,49.0,1.0
ES5,ES,5.333333333333333,Valid Party Vote,0.0,3.0,5.0,0,64.0,1.0
ES2,ES,0.0,Valid Party Vote,0.0,5.0,6.0,1,43.0,1.0
ES6,ES,1.6666666666666667,Valid Party Vote,0.0,5.0,2.0,0,60.0,1.0
ES1,ES,4.0,Valid Party Vote,0.0,8.0,4.0,1,58.0,1.0
ES2,ES,2.6666666666666665,Valid Party Vote,0.0,7.0,2.0,0,76.0,1.0
ES6,ES,3.6666666666666665,Ineligible / Not Applicable,,8.0,5.0,0,58.0,1.0
ES6,ES,3.0,Valid Party Vote,0.0,5.0,3.0,1,52.0,1.0
ES6,ES,8.666666666666666,Valid Party Vote,0.0,8.0,5.0,1,66.0,1.0
ES4,ES,3.6666666666666665,Valid Party Vote,0.0,5.0,2.0,1,49.0,1.0
ES6,ES,3.3333333333333335,Valid Party Vote,0.0,9.0,4.0,1,20.0,1.0
ES4,ES,4.333333333333333,Valid Party Vote,0.0,5.0,1.0,1,74.0,1.0
ES5,ES,3.0,Ineligible / Not Applicable,,4.0,2.0,0,39.0,1.0
ES1,ES,2.5,Valid Party Vote,0.0,8.0,2.0,1,42.0,1.0
ES6,ES,7.0,Valid Party Vote,0.0,6.0,6.0,1,65.0,1.0
ES6,ES,7.333333333333333,Valid Party Vote,0.0,8.0,7.0,0,42.0,1.0
ES3,ES,4.666666666666667,Ineligible / Not Applicable,,7.0,2.0,0,22.0,1.0
ES1,ES,3.3333333333333335,Valid Party Vote,0.0,3.0,3.0,0,69.0,1.0
ES3,ES,7.666666666666667,Ineligible / Not Applicable,,5.0,7.0,1,27.0,1.0
ES6,ES,5.666666666666667,Valid Party Vote,0.0,7.0,7.0,0,52.0,1.0
ES5,ES,3.6666666666666665,Ineligible / Not Applicable,,5.0,2.0,0,55.0,1.0
ES6,ES,2.6666666666666665,Valid Party Vote,0.0,1.0,7.0,0,30.0,1.0
ES5,ES,1.6666666666666667,Ineligible / Not Applicable,,7.0,2.0,1,19.0,1.0
ES4,ES,6.0,Valid Party Vote,0.0,9.0,6.0,0,25.0,1.0
ES1,ES,4.666666666666667,Ineligible / Not Applicable,,7.0,2.0,1,33.0,1.0
ES1,ES,4.0,Valid Party Vote,0.0,8.0,6.0,0,45.0,1.0
ES4,ES,5.0,Valid Party Vote,0.0,8.0,1.0,1,66.0,1.0
ES6,ES,2.0,Valid Party Vote,0.0,10.0,5.0,0,51.0,1.0
ES4,ES,0.6666666666666666,Valid Party Vote,0.0,8.0,6.0,1,37.0,1.0
ES3,ES,5.333333333333333,Ineligible / Not Applicable,,5.0,3.0,1,64.0,1.0
ES3,ES,1.3333333333333333,Valid Party Vote,0.0,8.0,5.0,1,40.0,1.0
ES5,ES,4.0,Valid Party Vote,0.0,9.0,6.0,0,38.0,1.0
ES6,ES,3.3333333333333335,Valid Party Vote,0.0,5.0,1.0,1,85.0,1.0
ES6,ES,6.333333333333333,Valid Party Vote,0.0,7.0,4.0,0,28.0,1.0
ES5,ES,3.3333333333333335,Invalid Ballot,0.0,3.0,3.0,0,23.0,1.0
ES2,ES,2.6666666666666665,Blank Ballot,0.0,2.0,6.0,0,64.0,1.0
ES5,ES,2.6666666666666665,Valid Party Vote,0.0,7.0,5.0,1,41.0,1.0
ES4,ES,8.0,Ineligible / Not Applicable,,7.0,3.0,0,38.0,1.0
ES2,ES,5.0,Refuse to Say,,5.0,1.0,1,62.0,1.0
ES4,ES,5.0,Ineligible / Not Applicable,,7.0,2.0,0,16.0,1.0
ES6,ES,4.333333333333333,Ineligible / Not Applicable,,6.0,2.0,1,83.0,1.0
ES3,ES,1.0,Valid Party Vote,0.0,2.0,2.0,1,63.0,1.0
ES1,ES,4.0,Ineligible / Not Applicable,,6.0,1.0,1,90.0,1.0
ES2,ES,0.0,Valid Party Vote,0.0,5.0,2.0,0,68.0,1.0
ES2,ES,4.0,Refuse to Say,,6.0,4.0,1,48.0,1.0
ES4,ES,3.0,Valid Party Vote,0.0,2.0,1.0,1,71.0,1.0
ES5,ES,4.0,Valid Party Vote,0.0,5.0,5.0,1,28.0,1.0
ES4,ES,5.666666666666667,Ineligible / Not Applicable,,7.0,2.0,0,19.0,1.0
ES2,ES,6.333333333333333,Valid Party Vote,0.0,10.0,6.0,0,57.0,1.0
ES3,ES,4.0,Valid Party Vote,0.0,5.0,7.0,0,64.0,1.0
ES2,ES,5.0,Valid Party Vote,0.0,5.0,5.0,1,53.0,1.0
ES6,ES,1.0,Ineligible / Not Applicable,,1.0,4.0,1,22.0,1.0
ES3,ES,5.333333333333333,Valid Party Vote,0.0,8.0,5.0,0,24.0,1.0
ES3,ES,4.333333333333333,Valid Party Vote,0.0,5.0,2.0,1,67.0,1.0
ES3,ES,1.3333333333333333,Valid Party Vote,0.0,4.0,3.0,1,55.0,1.0
ES5,ES,1.3333333333333333,Valid Party Vote,1.0,7.0,5.0,1,45.0,1.0
ES5,ES,0.6666666666666666,Ineligible / Not Applicable,,0.0,2.0,0,19.0,1.0
ES3,ES,5.0,Valid Party Vote,0.0,6.0,7.0,1,30.0,1.0
ES5,ES,6.333333333333333,Valid Party Vote,0.0,7.0,6.0,1,47.0,1.0
ES3,ES,4.333333333333333,Valid Party Vote,0.0,6.0,1.0,1,43.0,1.0
ES5,ES,1.6666666666666667,Valid Party Vote,0.0,5.0,2.0,1,52.0,1.0
ES5,ES,5.333333333333333,Ineligible / Not Applicable,,5.0,4.0,1,50.0,1.0
ES4,ES,6.666666666666667,Ineligible / Not Applicable,,8.0,6.0,1,39.0,1.0
ES5,ES,1.0,Ineligible / Not Applicable,,10.0,1.0,0,42.0,1.0
ES6,ES,3.6666666666666665,Valid Party Vote,0.0,2.0,3.0,0,43.0,1.0
ES6,ES,2.6666666666666665,Invalid Ballot,0.0,8.0,5.0,1,53.0,1.0
ES6,ES,3.0,Valid Party Vote,0.0,5.0,2.0,1,63.0,1.0
ES6,ES,6.333333333333333,Ineligible / Not Applicable,,10.0,1.0,1,54.0,1.0
ES7,ES,3.6666666666666665,Valid Party Vote,1.0,2.0,5.0,1,45.0,1.0
ES4,ES,7.333333333333333,Valid Party Vote,0.0,9.0,1.0,0,76.0,1.0
ES2,ES,5.666666666666667,Ineligible / Not Applicable,,8.0,1.0,0,90.0,1.0
ES1,ES,1.0,Refuse to Say,,8.0,2.0,0,61.0,1.0
ES3,ES,4.333333333333333,Ineligible / Not Applicable,,6.0,5.0,0,39.0,1.0
ES3,ES,6.333333333333333,Valid Party Vote,0.0,8.0,3.0,0,68.0,1.0
ES5,ES,2.6666666666666665,Ineligible / Not Applicable,,4.0,5.0,1,48.0,1.0
ES3,ES,6.666666666666667,Valid Party Vote,0.0,5.0,7.0,1,47.0,1.0
ES6,ES,2.0,Ineligible / Not Applicable,,10.0,2.0,1,53.0,1.0
ES5,ES,4.666666666666667,Valid Party Vote,0.0,5.0,7.0,1,28.0,1.0
ES3,ES,6.666666666666667,Ineligible / Not Applicable,,5.0,2.0,0,18.0,1.0
ES3,ES,8.0,Valid Party Vote,0.0,8.0,3.0,1,59.0,1.0
ES3,ES,5.333333333333333,Valid Party Vote,0.0,7.0,6.0,0,60.0,1.0
ES6,ES,4.0,Ineligible / Not Applicable,,5.0,7.0,1,47.0,1.0
ES1,ES,6.333333333333333,Ineligible / Not Applicable,,6.0,2.0,1,17.0,1.0
ES5,ES,0.0,Ineligible / Not Applicable,,2.0,2.0,1,46.0,1.0
ES3,ES,2.0,Ineligible / Not Applicable,,5.0,2.0,0,27.0,1.0
ES3,ES,6.333333333333333,Ineligible / Not Applicable,,7.0,7.0,1,61.0,1.0
ES5,ES,3.0,Valid Party Vote,0.0,8.0,6.0,1,70.0,1.0
ES3,ES,6.0,Valid Party Vote,0.0,6.0,2.0,0,50.0,1.0
ES5,ES,3.3333333333333335,Valid Party Vote,0.0,5.0,7.0,0,67.0,1.0
ES5,ES,1.0,Ineligible / Not Applicable,,7.0,6.0,0,51.0,1.0
ES3,ES,1.6666666666666667,Valid Party Vote,0.0,7.0,2.0,0,74.0,1.0
ES6,ES,7.0,Ineligible / Not Applicable,,9.0,7.0,1,41.0,1.0
ES2,ES,1.6666666666666667,Valid Party Vote,0.0,6.0,7.0,1,58.0,1.0
ES5,ES,3.0,Valid Party Vote,0.0,7.0,2.0,1,49.0,1.0
ES1,ES,4.666666666666667,Ineligible / Not Applicable,,5.0,1.0,1,26.0,1.0
ES2,ES,3.6666666666666665,Valid Party Vote,0.0,8.0,6.0,0,58.0,1.0
ES3,ES,6.0,Valid Party Vote,0.0,7.0,7.0,1,26.0,1.0
ES6,ES,6.0,Refuse to Say,,1.0,2.0,1,65.0,1.0
ES6,ES,7.0,Ineligible / Not Applicable,,8.0,7.0,0,57.0,1.0
ES6,ES,1.3333333333333333,Refuse to Say,,3.0,1.0,0,24.0,1.0
ES1,ES,7.333333333333333,Valid Party Vote,0.0,9.0,5.0,0,78.0,1.0
ES5,ES,0.0,Valid Party Vote,0.0,4.0,6.0,1,26.0,1.0
ES6,ES,2.0,Valid Party Vote,0.0,7.0,7.0,1,34.0,1.0
ES6,ES,2.0,Ineligible / Not Applicable,,5.0,7.0,1,49.0,1.0
ES6,ES,0.6666666666666666,Ineligible / Not Applicable,,8.0,1.0,1,32.0,1.0
ES1,ES,5.0,Valid Party Vote,0.0,6.0,6.0,0,23.0,1.0
ES5,ES,4.0,Ineligible / Not Applicable,,5.0,4.0,0,19.0,1.0
ES3,ES,6.0,Ineligible / Not Applicable,,7.0,2.0,0,19.0,1.0
ES6,ES,5.666666666666667,Blank Ballot,0.0,7.0,7.0,1,48.0,1.0
ES1,ES,2.0,Refuse to Say,,5.0,2.0,0,62.0,1.0
ES6,ES,7.0,Ineligible / Not Applicable,,7.0,1.0,1,75.0,1.0
ES3,ES,7.0,Ineligible / Not Applicable,,8.0,3.0,0,47.0,1.0
ES5,ES,7.0,Ineligible / Not Applicable,,7.0,2.0,0,16.0,1.0
ES3,ES,4.0,Ineligible / Not Applicable,,7.0,7.0,1,30.0,1.0
ES4,ES,7.0,Valid Party Vote,0.0,5.0,1.0,0,81.0,1.0
ES6,ES,6.666666666666667,Ineligible / Not Applicable,,7.0,1.0,0,16.0,1.0
ES4,ES,5.333333333333333,Valid Party Vote,0.0,5.0,3.0,0,23.0,1.0
ES6,ES,5.0,Valid Party Vote,0.0,5.0,1.0,1,72.0,1.0
ES5,ES,3.6666666666666665,Ineligible / Not Applicable,,3.0,2.0,0,46.0,1.0
ES1,ES,4.0,Valid Party Vote,0.0,10.0,6.0,1,32.0,1.0
ES1,ES,3.6666666666666665,Valid Party Vote,0.0,10.0,5.0,0,48.0,1.0
ES5,ES,7.0,Ineligible / Not Applicable,,4.0,7.0,0,34.0,1.0
ES5,ES,5.666666666666667,Ineligible / Not Applicable,,6.0,2.0,0,25.0,1.0
ES5,ES,3.3333333333333335,Refuse to Say,,6.0,2.0,0,23.0,1.0
ES7,ES,7.666666666666667,Refuse to Say,,4.0,1.0,1,82.0,1.0
ES6,ES,2.5,Ineligible / Not Applicable,,5.0,1.0,0,49.0,1.0
ES2,ES,5.0,Valid Party Vote,0.0,10.0,1.0,0,77.0,1.0
ES5,ES,3.6666666666666665,Valid Party Vote,0.0,5.0,1.0,1,81.0,1.0
ES6,ES,4.666666666666667,Ineligible / Not Applicable,,6.0,2.0,1,22.0,1.0
ES5,ES,0.0,Valid Party Vote,0.0,0.0,5.0,1,34.0,1.0
ES6,ES,6.333333333333333,Valid Party Vote,1.0,6.0,4.0,1,21.0,1.0
ES4,ES,5.666666666666667,Ineligible / Not Applicable,,7.0,2.0,1,18.0,1.0
ES1,ES,4.0,Valid Party Vote,0.0,2.0,2.0,0,76.0,1.0
ES6,ES,5.0,Valid Party Vote,0.0,5.0,1.0,1,75.0,1.0
ES5,ES,6.0,Ineligible / Not Applicable,,10.0,1.0,0,50.0,1.0
ES5,ES,4.0,Valid Party Vote,0.0,10.0,7.0,1,51.0,1.0
ES4,ES,0.0,Ineligible / Not Applicable,,,1.0,1,85.0,1.0
ES3,ES,5.333333333333333,Valid Party Vote,0.0,8.0,7.0,1,49.0,1.0
ES6,ES,5.0,Ineligible / Not Applicable,,10.0,7.0,1,75.0,1.0
ES3,ES,6.666666666666667,Ineligible / Not Applicable,,6.0,5.0,0,24.0,1.0
ES3,ES,7.333333333333333,Refuse to Say,,6.0,7.0,1,47.0,1.0
ES5,ES,2.6666666666666665,Valid Party Vote,0.0,5.0,1.0,1,72.0,1.0
ES5,ES,7.333333333333333,Valid Party Vote,0.0,10.0,3.0,0,45.0,1.0
ES1,ES,3.0,Valid Party Vote,0.0,5.0,5.0,0,76.0,1.0
ES6,ES,3.3333333333333335,Ineligible / Not Applicable,,5.0,1.0,0,16.0,1.0
ES4,ES,5.0,Valid Party Vote,0.0,5.0,2.0,0,34.0,1.0
ES3,ES,3.3333333333333335,Ineligible / Not Applicable,,6.0,2.0,1,56.0,1.0
ES5,ES,5.0,Refuse to Say,,4.0,1.0,0,49.0,1.0
ES5,ES,0.6666666666666666,Valid Party Vote,0.0,2.0,2.0,1,51.0,1.0
ES4,ES,3.6666666666666665,Refuse to Say,,7.0,3.0,1,40.0,1.0
ES6,ES,3.3333333333333335,Ineligible / Not Applicable,,6.0,1.0,0,69.0,1.0
ES5,ES,5.666666666666667,Ineligible / Not Applicable,,7.0,5.0,1,37.0,1.0
ES3,ES,2.6666666666666665,Valid Party Vote,1.0,9.0,7.0,0,58.0,1.0
ES3,ES,7.666666666666667,Valid Party Vote,0.0,8.0,2.0,0,50.0,1.0
ES2,ES,5.333333333333333,Valid Party Vote,0.0,7.0,7.0,1,47.0,1.0
ES6,ES,0.6666666666666666,Ineligible / Not Applicable,,2.0,1.0,0,70.0,1.0
ES6,ES,3.0,Ineligible / Not Applicable,,5.0,5.0,1,32.0,1.0
ES2,ES,6.0,Valid Party Vote,0.0,8.0,3.0,0,23.0,1.0
ES3,ES,3.3333333333333335,Valid Party Vote,0.0,7.0,3.0,1,55.0,1.0
ES5,ES,5.666666666666667,Valid Party Vote,0.0,5.0,1.0,0,55.0,1.0
ES1,ES,1.6666666666666667,Valid Party Vote,0.0,5.0,7.0,0,62.0,1.0
ES4,ES,3.6666666666666665,Refuse to Say,,2.0,7.0,0,37.0,1.0
ES6,ES,5.333333333333333,Valid Party Vote,0.0,4.0,1.0,1,68.0,1.0
ES6,ES,4.0,Ineligible / Not Applicable,,5.0,4.0,0,21.0,1.0
ES3,ES,5.666666666666667,Valid Party Vote,0.0,6.0,4.0,0,25.0,1.0
ES6,ES,5.666666666666667,Valid Party Vote,0.0,7.0,6.0,1,32.0,1.0
ES2,ES,3.0,Refuse to Say,,7.0,1.0,1,74.0,1.0
ES3,ES,8.333333333333334,Ineligible / Not Applicable,,9.0,7.0,0,45.0,1.0
ES2,ES,3.6666666666666665,Valid Party Vote,1.0,0.0,6.0,0,71.0,1.0
ES6,ES,7.333333333333333,Valid Party Vote,0.0,10.0,7.0,1,40.0,1.0
ES6,ES,6.666666666666667,Valid Party Vote,0.0,8.0,1.0,0,70.0,1.0
ES4,ES,5.333333333333333,Valid Party Vote,0.0,5.0,7.0,1,50.0,1.0
ES3,ES,7.333333333333333,Valid Party Vote,0.0,6.0,7.0,1,74.0,1.0
ES1,ES,4.0,Ineligible / Not Applicable,,5.0,6.0,1,36.0,1.0
ES2,ES,8.333333333333334,Ineligible / Not Applicable,,4.0,2.0,0,29.0,1.0
ES3,ES,7.666666666666667,Ineligible / Not Applicable,,8.0,7.0,1,27.0,1.0
ES1,ES,2.0,Valid Party Vote,1.0,6.0,3.0,1,43.0,1.0
ES2,ES,7.0,Valid Party Vote,0.0,10.0,7.0,1,56.0,1.0
ES6,ES,4.0,Valid Party Vote,0.0,3.0,7.0,1,31.0,1.0
ES5,ES,0.6666666666666666,Valid Party Vote,0.0,5.0,1.0,1,67.0,1.0
ES7,ES,5.333333333333333,Ineligible / Not Applicable,,5.0,,1,41.0,1.0
ES3,ES,8.333333333333334,Ineligible / Not Applicable,,9.0,3.0,1,19.0,1.0
ES5,ES,5.0,Ineligible / Not Applicable,,6.0,3.0,0,45.0,1.0
ES4,ES,4.666666666666667,Valid Party Vote,0.0,3.0,1.0,1,84.0,1.0
ES4,ES,4.666666666666667,Refuse to Say,,10.0,2.0,0,75.0,1.0
ES6,ES,0.6666666666666666,Ineligible / Not Applicable,,5.0,4.0,0,23.0,1.0
ES6,ES,1.0,Ineligible / Not Applicable,,5.0,5.0,1,54.0,1.0
ES2,ES,1.3333333333333333,Ineligible / Not Applicable,,3.0,3.0,0,19.0,1.0
ES2,ES,4.0,Invalid Ballot,0.0,6.0,7.0,1,26.0,1.0
ES6,ES,5.0,Ineligible / Not Applicable,,5.0,2.0,1,55.0,1.0
ES2,ES,3.3333333333333335,Valid Party Vote,0.0,5.0,4.0,1,40.0,1.0
ES5,ES,3.6666666666666665,Ineligible / Not Applicable,,6.0,3.0,0,34.0,1.0
ES3,ES,6.333333333333333,Valid Party Vote,0.0,10.0,7.0,0,55.0,1.0
ES5,ES,8.0,Ineligible / Not Applicable,,7.0,2.0,1,27.0,1.0
ES3,ES,0.0,Valid Party Vote,0.0,0.0,2.0,0,41.0,1.0
ES3,ES,2.3333333333333335,Valid Party Vote,0.0,5.0,3.0,1,44.0,1.0
ES3,ES,5.666666666666667,Ineligible / Not Applicable,,6.0,1.0,1,16.0,1.0
ES2,ES,5.333333333333333,Valid Party Vote,0.0,6.0,5.0,0,28.0,1.0
ES1,ES,5.0,Valid Party Vote,0.0,,1.0,1,78.0,1.0
ES6,ES,2.6666666666666665,Ineligible / Not Applicable,,0.0,2.0,0,34.0,1.0
ES3,ES,1.0,Valid Party Vote,0.0,3.0,2.0,0,74.0,1.0
ES5,ES,0.6666666666666666,Ineligible / Not Applicable,,3.0,4.0,1,40.0,1.0
ES6,ES,4.0,Valid Party Vote,1.0,4.0,3.0,0,21.0,1.0
ES3,ES,0.0,Ineligible / Not Applicable,,8.0,2.0,0,24.0,1.0
ES3,ES,5.666666666666667,Ineligible / Not Applicable,,7.0,1.0,0,63.0,1.0
ES7,ES,5.666666666666667,Valid Party Vote,0.0,6.0,1.0,1,71.0,1.0
ES5,ES,2.3333333333333335,Refuse to Say,,2.0,7.0,0,25.0,1.0
ES4,ES,4.666666666666667,Valid Party Vote,0.0,5.0,1.0,0,65.0,1.0
ES1,ES,0.6666666666666666,Valid Party Vote,0.0,6.0,2.0,1,33.0,1.0
ES3,ES,3.6666666666666665,Ineligible / Not Applicable,,5.0,7.0,0,44.0,1.0
ES7,ES,1.0,Ineligible / Not Applicable,,6.0,1.0,0,73.0,1.0
ES4,ES,1.6666666666666667,Valid Party Vote,0.0,10.0,1.0,0,73.0,1.0
ES4,ES,5.333333333333333,Valid Party Vote,0.0,8.0,2.0,0,65.0,1.0
ES7,ES,7.0,Valid Party Vote,0.0,6.0,5.0,1,68.0,1.0
ES3,ES,5.0,Refuse to Say,,,7.0,1,43.0,1.0
ES5,ES,1.6666666666666667,Valid Party Vote,0.0,3.0,1.0,1,75.0,1.0
ES3,ES,6.333333333333333,Valid Party Vote,0.0,10.0,7.0,1,59.0,1.0
ES2,ES,7.666666666666667,Ineligible / Not Applicable,,10.0,2.0,1,22.0,1.0
ES6,ES,8.333333333333334,Valid Party Vote,0.0,8.0,2.0,0,40.0,1.0
ES3,ES,3.6666666666666665,Valid Party Vote,0.0,7.0,7.0,0,63.0,1.0
ES6,ES,3.6666666666666665,Refuse to Say,,8.0,7.0,1,44.0,1.0
ES3,ES,7.0,Valid Party Vote,0.0,8.0,3.0,1,61.0,1.0
ES1,ES,2.6666666666666665,Valid Party Vote,0.0,8.0,6.0,0,51.0,1.0
ES4,ES,5.0,Refuse to Say,,9.0,7.0,0,67.0,1.0
ES4,ES,3.3333333333333335,Valid Party Vote,0.0,5.0,5.0,0,48.0,1.0
ES3,ES,3.6666666666666665,Valid Party Vote,1.0,8.0,7.0,0,47.0,1.0
ES1,ES,3.0,Valid Party Vote,0.0,5.0,7.0,1,43.0,1.0
ES6,ES,5.333333333333333,Valid Party Vote,0.0,5.0,2.0,0,36.0,1.0
ES5,ES,5.666666666666667,Valid Party Vote,0.0,5.0,1.0,0,50.0,1.0
ES6,ES,2.6666666666666665,Ineligible / Not Applicable,,5.0,7.0,0,26.0,1.0
ES5,ES,2.6666666666666665,Valid Party Vote,0.0,4.0,2.0,1,65.0,1.0
ES6,ES,3.3333333333333335,Valid Party Vote,0.0,5.0,7.0,1,72.0,1.0
ES4,ES,7.333333333333333,Ineligible / Not Applicable,,10.0,5.0,1,27.0,1.0
ES4,ES,6.333333333333333,Ineligible / Not Applicable,,6.0,1.0,0,16.0,1.0
ES5,ES,1.0,Valid Party Vote,0.0,6.0,5.0,0,61.0,1.0
ES6,ES,4.0,Refuse to Say,,5.0,1.0,1,60.0,1.0
ES3,ES,2.3333333333333335,Ineligible / Not Applicable,,2.0,5.0,1,34.0,1.0
ES3,ES,5.0,Valid Party Vote,0.0,9.0,7.0,1,63.0,1.0
ES6,ES,5.333333333333333,Valid Party Vote,0.0,7.0,5.0,0,45.0,1.0
ES4,ES,1.0,Valid Party Vote,0.0,2.0,3.0,1,37.0,1.0
ES6,ES,7.0,Refuse to Say,,5.0,5.0,0,74.0,1.0
ES4,ES,6.5,Refuse to Say,,6.0,1.0,0,80.0,1.0
ES1,ES,3.3333333333333335,Valid Party Vote,0.0,7.0,2.0,0,84.0,1.0
ES5,ES,1.6666666666666667,Ineligible / Not Applicable,,7.0,3.0,1,60.0,1.0
ES1,ES,5.333333333333333,Valid Party Vote,0.0,8.0,1.0,1,80.0,1.0
ES6,ES,6.333333333333333,Ineligible / Not Applicable,,7.0,2.0,0,27.0,1.0
ES5,ES,6.0,Ineligible / Not Applicable,,9.0,3.0,0,27.0,1.0
ES6,ES,2.3333333333333335,Refuse to Say,,6.0,2.0,1,57.0,1.0
ES2,ES,6.666666666666667,Ineligible / Not Applicable,,8.0,1.0,1,20.0,1.0
ES6,ES,3.6666666666666665,Valid Party Vote,1.0,0.0,2.0,1,,1.0
ES3,ES,8.0,Valid Party Vote,0.0,7.0,2.0,0,64.0,1.0
ES4,ES,7.0,Ineligible / Not Applicable,,10.0,2.0,1,42.0,1.0
ES4,ES,2.6666666666666665,Invalid Ballot,0.0,5.0,6.0,0,57.0,1.0
ES2,ES,6.333333333333333,Ineligible / Not Applicable,,7.0,3.0,1,37.0,1.0
ES6,ES,0.6666666666666666,Valid Party Vote,0.0,5.0,1.0,1,54.0,1.0
ES1,ES,1.6666666666666667,Valid Party Vote,0.0,1.0,1.0,1,41.0,1.0
ES5,ES,1.0,Valid Party Vote,0.0,4.0,2.0,0,38.0,1.0
ES4,ES,2.3333333333333335,Valid Party Vote,0.0,5.0,6.0,1,41.0,1.0
ES5,ES,5.333333333333333,Valid Party Vote,0.0,8.0,2.0,1,57.0,1.0
ES2,ES,1.0,Ineligible / Not Applicable,,5.0,7.0,1,34.0,1.0
ES2,ES,2.3333333333333335,Ineligible / Not Applicable,,10.0,6.0,0,63.0,1.0
ES5,ES,6.0,Ineligible / Not Applicable,,7.0,3.0,1,19.0,1.0
ES2,ES,8.333333333333334,Don't Know,,5.0,2.0,1,46.0,1.0
ES5,ES,4.666666666666667,Ineligible / Not Applicable,,7.0,2.0,1,51.0,1.0
ES6,ES,4.333333333333333,Valid Party Vote,0.0,5.0,7.0,0,34.0,1.0
ES1,ES,5.666666666666667,Valid Party Vote,0.0,5.0,6.0,1,68.0,1.0
ES3,ES,3.6666666666666665,Valid Party Vote,0.0,5.0,2.0,0,32.0,1.0
ES3,ES,3.0,Valid Party Vote,0.0,5.0,5.0,0,68.0,1.0
ES5,ES,6.0,Valid Party Vote,0.0,8.0,3.0,0,37.0,1.0
ES1,ES,0.0,Ineligible / Not Applicable,,3.0,1.0,1,84.0,1.0
ES2,ES,4.333333333333333,Valid Party Vote,0.0,8.0,3.0,0,65.0,1.0
ES4,ES,3.0,Valid Party Vote,0.0,6.0,1.0,1,64.0,1.0
ES6,ES,4.333333333333333,Valid Party Vote,0.0,5.0,2.0,0,19.0,1.0
ES1,ES,1.6666666666666667,Ineligible / Not Applicable,,6.0,3.0,1,24.0,1.0
ES1,ES,2.6666666666666665,Valid Party Vote,0.0,7.0,7.0,0,53.0,1.0
ES5,ES,5.0,Valid Party Vote,0.0,8.0,3.0,1,83.0,1.0
ES5,ES,3.6666666666666665,Valid Party Vote,0.0,9.0,2.0,0,53.0,1.0
ES7,ES,4.666666666666667,Valid Party Vote,0.0,7.0,5.0,0,42.0,1.0
ES6,ES,7.666666666666667,Ineligible / Not Applicable,,6.0,4.0,0,28.0,1.0
ES3,ES,1.6666666666666667,Refuse to Say,,0.0,3.0,1,63.0,1.0
ES6,ES,6.0,Valid Party Vote,0.0,10.0,6.0,0,62.0,1.0
ES1,ES,5.333333333333333,Valid Party Vote,0.0,6.0,2.0,0,60.0,1.0
ES1,ES,6.333333333333333,Valid Party Vote,0.0,7.0,5.0,0,76.0,1.0
ES6,ES,1.3333333333333333,Ineligible / Not Applicable,,1.0,2.0,0,19.0,1.0
ES6,ES,3.0,Valid Party Vote,0.0,3.0,5.0,0,61.0,1.0
ES1,ES,6.0,Valid Party Vote,0.0,8.0,7.0,1,62.0,1.0
ES4,ES,6.0,Valid Party Vote,0.0,9.0,7.0,1,45.0,1.0
ES3,ES,3.3333333333333335,Valid Party Vote,0.0,5.0,7.0,0,54.0,1.0
ES5,ES,1.6666666666666667,Invalid Ballot,0.0,5.0,3.0,0,54.0,1.0
ES3,ES,1.6666666666666667,Valid Party Vote,0.0,8.0,1.0,1,80.0,1.0
ES7,ES,5.0,Valid Party Vote,0.0,7.0,6.0,1,33.0,1.0
ES1,ES,4.333333333333333,Valid Party Vote,0.0,5.0,5.0,1,47.0,1.0
ES5,ES,3.3333333333333335,Valid Party Vote,0.0,5.0,1.0,1,76.0,1.0
ES3,ES,4.0,Blank Ballot,0.0,6.0,1.0,1,20.0,1.0
ES1,ES,4.0,Ineligible / Not Applicable,,5.0,2.0,0,21.0,1.0
ES6,ES,6.0,Valid Party Vote,0.0,7.0,1.0,1,78.0,1.0
ES2,ES,3.3333333333333335,Valid Party Vote,0.0,7.0,6.0,0,36.0,1.0
ES5,ES,3.3333333333333335,Refuse to Say,,5.0,1.0,1,81.0,1.0
ES5,ES,2.6666666666666665,Valid Party Vote,0.0,6.0,7.0,1,62.0,1.0
ES7,ES,3.6666666666666665,Valid Party Vote,0.0,4.0,7.0,0,58.0,1.0
ES6,ES,3.0,Valid Party Vote,0.0,10.0,2.0,1,73.0,1.0
ES2,ES,2.3333333333333335,Valid Party Vote,0.0,8.0,6.0,0,75.0,1.0
ES5,ES,5.0,Ineligible / Not Applicable,,,1.0,0,45.0,1.0
ES2,ES,1.3333333333333333,Ineligible / Not Applicable,,2.0,6.0,0,30.0,1.0
ES4,ES,5.0,Valid Party Vote,0.0,5.0,1.0,1,66.0,1.0
ES4,ES,2.5,Valid Party Vote,0.0,5.0,1.0,0,72.0,1.0
ES7,ES,6.666666666666667,Valid Party Vote,0.0,5.0,,1,65.0,1.0
ES5,ES,6.333333333333333,Valid Party Vote,0.0,5.0,3.0,0,90.0,1.0
ES4,ES,5.333333333333333,Valid Party Vote,1.0,4.0,2.0,0,53.0,1.0
ES3,ES,4.333333333333333,Ineligible / Not Applicable,,3.0,3.0,0,17.0,1.0
ES6,ES,8.333333333333334,Ineligible / Not Applicable,,9.0,4.0,1,39.0,1.0
ES6,ES,7.0,Valid Party Vote,0.0,7.0,2.0,1,71.0,1.0
ES7,ES,7.0,Valid Party Vote,0.0,8.0,6.0,1,56.0,1.0
ES6,ES,5.333333333333333,Valid Party Vote,0.0,7.0,5.0,0,25.0,1.0
ES4,ES,3.3333333333333335,Valid Party Vote,0.0,6.0,5.0,1,48.0,1.0
ES3,ES,4.333333333333333,Valid Party Vote,0.0,1.0,7.0,1,50.0,1.0
ES2,ES,6.333333333333333,Ineligible / Not Applicable,,10.0,7.0,0,47.0,1.0
ES6,ES,1.6666666666666667,Valid Party Vote,0.0,5.0,1.0,0,74.0,1.0
ES6,ES,5.666666666666667,Valid Party Vote,0.0,5.0,2.0,1,35.0,1.0
ES6,ES,0.0,Ineligible / Not Applicable,,0.0,1.0,0,86.0,1.0
ES2,ES,2.3333333333333335,Valid Party Vote,0.0,8.0,5.0,0,53.0,1.0
ES5,ES,6.666666666666667,Valid Party Vote,0.0,8.0,4.0,0,47.0,1.0
ES3,ES,2.6666666666666665,Valid Party Vote,0.0,6.0,7.0,1,59.0,1.0
ES1,ES,3.3333333333333335,Valid Party Vote,0.0,8.0,7.0,0,44.0,1.0
ES5,ES,5.0,Ineligible / Not Applicable,,5.0,2.0,1,18.0,1.0
ES5,ES,4.0,Ineligible / Not Applicable,,6.0,2.0,1,17.0,1.0
ES6,ES,0.0,Refuse to Say,,7.0,2.0,0,52.0,1.0
ES3,ES,6.0,Valid Party Vote,0.0,7.0,3.0,0,63.0,1.0
ES4,ES,0.0,Valid Party Vote,0.0,0.0,1.0,1,77.0,1.0
ES6,ES,2.6666666666666665,Valid Party Vote,0.0,8.0,7.0,0,61.0,1.0
ES5,ES,3.0,Valid Party Vote,0.0,5.0,5.0,0,33.0,1.0
ES6,ES,4.0,Valid Party Vote,0.0,5.0,3.0,0,24.0,1.0
ES7,ES,0.0,Refuse to Say,,2.0,2.0,0,42.0,1.0
ES3,ES,8.0,Ineligible / Not Applicable,,5.0,2.0,1,18.0,1.0
ES1,ES,6.333333333333333,Refuse to Say,,8.0,7.0,0,37.0,1.0
ES5,ES,1.3333333333333333,Valid Party Vote,0.0,7.0,2.0,1,87.0,1.0
ES1,ES,4.666666666666667,Refuse to Say,,7.0,3.0,1,63.0,1.0
ES2,ES,4.0,Ineligible / Not Applicable,,5.0,6.0,1,75.0,1.0
ES1,ES,6.666666666666667,Valid Party Vote,0.0,7.0,5.0,1,29.0,1.0
ES4,ES,1.3333333333333333,Valid Party Vote,0.0,3.0,1.0,1,79.0,1.0
ES6,ES,5.0,Valid Party Vote,1.0,7.0,2.0,0,23.0,1.0
ES6,ES,2.6666666666666665,Valid Party Vote,0.0,5.0,2.0,0,54.0,1.0
ES1,ES,5.666666666666667,Valid Party Vote,0.0,9.0,3.0,1,44.0,1.0
ES5,ES,6.666666666666667,Valid Party Vote,0.0,5.0,2.0,0,50.0,1.0
ES2,ES,1.6666666666666667,Ineligible / Not Applicable,,10.0,2.0,0,59.0,1.0
ES3,ES,5.666666666666667,Valid Party Vote,0.0,6.0,3.0,0,68.0,1.0
ES2,ES,3.0,Refuse to Say,,2.0,1.0,0,72.0,1.0
ES2,ES,3.3333333333333335,Valid Party Vote,0.0,5.0,6.0,1,51.0,1.0
ES7,ES,1.0,Valid Party Vote,0.0,3.0,2.0,0,54.0,1.0
ES4,ES,6.333333333333333,Valid Party Vote,0.0,5.0,1.0,0,68.0,1.0
ES3,ES,2.6666666666666665,Valid Party Vote,0.0,4.0,5.0,1,43.0,1.0
ES7,ES,1.6666666666666667,Valid Party Vote,0.0,2.0,7.0,1,41.0,1.0
ES1,ES,5.0,Valid Party Vote,0.0,5.0,2.0,1,,1.0
ES6,ES,6.666666666666667,Valid Party Vote,0.0,6.0,3.0,0,56.0,1.0
ES1,ES,1.3333333333333333,Valid Party Vote,0.0,9.0,3.0,0,48.0,1.0
ES3,ES,7.0,Ineligible / Not Applicable,,9.0,7.0,1,38.0,1.0
ES2,ES,4.0,Valid Party Vote,0.0,7.0,4.0,0,19.0,1.0
ES5,ES,4.666666666666667,Ineligible / Not Applicable,,7.0,2.0,0,21.0,1.0
ES4,ES,,Ineligible / Not Applicable,,5.0,2.0,1,17.0,1.0
ES1,ES,7.0,Refuse to Say,,8.0,7.0,1,71.0,1.0
ES4,ES,1.0,Valid Party Vote,0.0,5.0,2.0,0,61.0,1.0
ES5,ES,0.0,Ineligible / Not Applicable,,8.0,7.0,0,54.0,1.0
ES6,ES,2.6666666666666665,Valid Party Vote,0.0,6.0,1.0,1,77.0,1.0
ES1,ES,6.666666666666667,Ineligible / Not Applicable,,5.0,2.0,1,63.0,1.0
ES3,ES,5.333333333333333,Valid Party Vote,0.0,8.0,7.0,0,25.0,1.0
ES6,ES,2.6666666666666665,Valid Party Vote,0.0,2.0,1.0,0,80.0,1.0
ES4,ES,4.0,Ineligible / Not Applicable,,7.0,2.0,1,41.0,1.0
ES4,ES,5.0,Valid Party Vote,0.0,6.0,4.0,0,67.0,1.0
ES3,ES,2.0,Refuse to Say,,4.0,2.0,0,40.0,1.0
ES3,ES,7.666666666666667,Refuse to Say,,7.0,3.0,1,21.0,1.0
ES3,ES,6.666666666666667,Ineligible / Not Applicable,,5.0,4.0,1,43.0,1.0
ES6,ES,3.3333333333333335,Blank Ballot,0.0,7.0,2.0,0,40.0,1.0
ES5,ES,7.333333333333333,Valid Party Vote,0.0,5.0,1.0,1,71.0,1.0
ES6,ES,0.0,Valid Party Vote,0.0,6.0,1.0,0,76.0,1.0
ES6,ES,5.0,Valid Party Vote,0.0,5.0,3.0,0,38.0,1.0
ES6,ES,7.333333333333333,Valid Party Vote,0.0,5.0,5.0,0,49.0,1.0
ES1,ES,5.0,Valid Party Vote,0.0,5.0,2.0,1,49.0,1.0
ES5,ES,3.0,Valid Party Vote,0.0,3.0,7.0,1,25.0,1.0
ES4,ES,2.3333333333333335,Valid Party Vote,0.0,3.0,3.0,1,21.0,1.0
ES5,ES,1.6666666666666667,Valid Party Vote,0.0,5.0,7.0,1,23.0,1.0
ES4,ES,6.333333333333333,Refuse to Say,,9.0,2.0,1,56.0,1.0
ES6,ES,0.0,Don't Know,,5.0,5.0,1,43.0,1.0
ES1,ES,1.6666666666666667,Valid Party Vote,0.0,4.0,3.0,0,34.0,1.0
ES3,ES,6.333333333333333,Ineligible / Not Applicable,,3.0,7.0,0,51.0,1.0
ES6,ES,0.0,Valid Party Vote,0.0,8.0,2.0,0,50.0,1.0
ES2,ES,4.0,Refuse to Say,,7.0,6.0,0,82.0,1.0
ES3,ES,5.0,Valid Party Vote,0.0,8.0,5.0,1,47.0,1.0
ES6,ES,1.6666666666666667,Ineligible / Not Applicable,,6.0,2.0,0,22.0,1.0
ES4,ES,4.0,Ineligible / Not Applicable,,4.0,1.0,0,18.0,1.0
ES6,ES,6.333333333333333,Ineligible / Not Applicable,,7.0,2.0,1,17.0,1.0
ES2,ES,1.3333333333333333,Ineligible / Not Applicable,,1.0,7.0,1,58.0,1.0
ES5,ES,8.333333333333334,Ineligible / Not Applicable,,5.0,4.0,0,30.0,1.0
ES5,ES,0.0,Ineligible / Not Applicable,,5.0,2.0,0,,1.0
ES4,ES,3.6666666666666665,Valid Party Vote,0.0,10.0,1.0,1,64.0,1.0
ES6,ES,2.0,Ineligible / Not Applicable,,2.0,2.0,0,36.0,1.0
ES1,ES,0.6666666666666666,Ineligible / Not Applicable,,2.0,2.0,0,17.0,1.0
ES4,ES,6.0,Refuse to Say,,7.0,4.0,1,66.0,1.0
ES3,ES,4.666666666666667,Blank Ballot,0.0,6.0,6.0,1,24.0,1.0
ES5,ES,1.3333333333333333,Valid Party Vote,0.0,5.0,1.0,1,85.0,1.0
ES5,ES,4.333333333333333,Valid Party Vote,0.0,9.0,7.0,1,40.0,1.0
ES5,ES,1.6666666666666667,Valid Party Vote,0.0,5.0,1.0,1,77.0,1.0
ES4,ES,8.0,Valid Party Vote,0.0,10.0,3.0,1,54.0,1.0
ES6,ES,4.333333333333333,Valid Party Vote,0.0,5.0,2.0,1,23.0,1.0
ES5,ES,5.0,Refuse to Say,,4.0,3.0,0,20.0,1.0
ES7,ES,2.6666666666666665,Refuse to Say,,,1.0,0,86.0,1.0
ES1,ES,1.5,Ineligible / Not Applicable,,4.0,1.0,1,87.0,1.0
ES4,ES,5.0,Valid Party Vote,0.0,9.0,6.0,1,43.0,1.0
ES4,ES,8.666666666666666,Valid Party Vote,0.0,8.0,7.0,0,59.0,1.0
ES5,ES,3.3333333333333335,Ineligible / Not Applicable,,,4.0,1,18.0,1.0
ES6,ES,5.333333333333333,Valid Party Vote,0.0,6.0,2.0,1,29.0,1.0
ES6,ES,4.666666666666667,Valid Party Vote,0.0,6.0,6.0,1,58.0,1.0
ES5,ES,3.0,Ineligible / Not Applicable,,9.0,7.0,1,23.0,1.0
ES7,ES,6.0,Refuse to Say,,8.0,3.0,1,42.0,1.0
ES5,ES,6.333333333333333,Ineligible / Not Applicable,,4.0,5.0,0,72.0,1.0
ES7,ES,4.0,Valid Party Vote,0.0,5.0,5.0,0,50.0,1.0
ES5,ES,4.333333333333333,Ineligible / Not Applicable,,7.0,1.0,0,50.0,1.0
ES3,ES,5.666666666666667,Refuse to Say,,9.0,1.0,1,51.0,1.0
ES6,ES,2.6666666666666665,Valid Party Vote,0.0,0.0,1.0,0,56.0,1.0
ES6,ES,6.666666666666667,Valid Party Vote,0.0,7.0,3.0,0,58.0,1.0
ES5,ES,0.6666666666666666,Valid Party Vote,0.0,6.0,7.0,0,62.0,1.0
ES4,ES,2.0,Ineligible / Not Applicable,,3.0,7.0,0,28.0,1.0
ES6,ES,4.0,Valid Party Vote,0.0,4.0,2.0,0,89.0,1.0
ES1,ES,6.0,Ineligible / Not Applicable,,5.0,1.0,0,16.0,1.0
ES5,ES,0.3333333333333333,Ineligible / Not Applicable,,7.0,1.0,0,39.0,1.0
ES5,ES,4.666666666666667,Valid Party Vote,0.0,5.0,7.0,1,41.0,1.0
ES1,ES,6.666666666666667,Ineligible / Not Applicable,,8.0,3.0,1,35.0,1.0
ES2,ES,4.666666666666667,Valid Party Vote,0.0,5.0,6.0,1,25.0,1.0
ES4,ES,0.6666666666666666,Valid Party Vote,0.0,10.0,2.0,0,58.0,1.0
ES4,ES,5.666666666666667,Refuse to Say,,3.0,1.0,1,80.0,1.0
ES5,ES,2.6666666666666665,Valid Party Vote,0.0,7.0,5.0,0,65.0,1.0
ES3,ES,3.0,Valid Party Vote,0.0,7.0,2.0,1,64.0,1.0
ES5,ES,5.0,Valid Party Vote,0.0,4.0,6.0,1,39.0,1.0
ES6,ES,3.6666666666666665,Valid Party Vote,0.0,5.0,1.0,0,85.0,1.0
ES1,ES,6.333333333333333,Valid Party Vote,0.0,6.0,6.0,0,79.0,1.0
ES4,ES,4.666666666666667,Valid Party Vote,0.0,,5.0,0,45.0,1.0
ES4,ES,6.333333333333333,Valid Party Vote,0.0,7.0,1.0,1,56.0,1.0
ES3,ES,3.3333333333333335,Valid Party Vote,0.0,7.0,7.0,0,67.0,1.0
ES1,ES,5.0,Valid Party Vote,0.0,5.0,5.0,1,46.0,1.0
ES4,ES,3.0,Valid Party Vote,0.0,2.0,1.0,1,63.0,1.0
ES4,ES,5.0,Ineligible / Not Applicable,,1.0,1.0,1,59.0,1.0
ES1,ES,1.0,Valid Party Vote,0.0,3.0,1.0,0,74.0,1.0
ES1,ES,1.3333333333333333,Ineligible / Not Applicable,,0.0,1.0,0,44.0,1.0
ES6,ES,3.3333333333333335,Refuse to Say,,6.0,1.0,1,67.0,1.0
ES3,ES,4.0,Ineligible / Not Applicable,,5.0,7.0,1,40.0,1.0
ES3,ES,3.3333333333333335,Invalid Ballot,0.0,5.0,6.0,1,59.0,1.0
ES5,ES,1.6666666666666667,Ineligible / Not Applicable,,5.0,3.0,1,73.0,1.0
ES4,ES,5.666666666666667,Valid Party Vote,0.0,5.0,7.0,0,38.0,1.0
ES5,ES,5.333333333333333,Valid Party Vote,0.0,8.0,2.0,0,62.0,1.0
ES5,ES,1.3333333333333333,Valid Party Vote,0.0,5.0,6.0,1,46.0,1.0
ES5,ES,1.3333333333333333,Valid Party Vote,0.0,0.0,5.0,0,62.0,1.0
ES4,ES,2.0,Ineligible / Not Applicable,,4.0,1.0,1,84.0,1.0
ES5,ES,4.333333333333333,Valid Party Vote,0.0,5.0,2.0,1,51.0,1.0
ES6,ES,2.6666666666666665,Valid Party Vote,0.0,5.0,5.0,1,43.0,1.0
ES4,ES,2.5,Valid Party Vote,0.0,5.0,1.0,1,69.0,1.0
ES4,ES,3.6666666666666665,Valid Party Vote,0.0,10.0,1.0,1,72.0,1.0
ES6,ES,3.0,Valid Party Vote,0.0,8.0,3.0,1,64.0,1.0
ES4,ES,5.0,Valid Party Vote,0.0,5.0,3.0,0,19.0,1.0
ES6,ES,7.0,Valid Party Vote,0.0,8.0,7.0,1,42.0,1.0
ES6,ES,5.333333333333333,Valid Party Vote,0.0,7.0,7.0,1,66.0,1.0
ES1,ES,3.0,Valid Party Vote,0.0,6.0,3.0,1,48.0,1.0
ES3,ES,7.0,Valid Party Vote,0.0,8.0,4.0,0,45.0,1.0
ES6,ES,9.0,Ineligible / Not Applicable,,8.0,2.0,1,46.0,1.0
ES1,ES,2.6666666666666665,Ineligible / Not Applicable,,5.0,6.0,1,63.0,1.0
ES5,ES,0.0,Refuse to Say,,2.0,2.0,0,52.0,1.0
ES4,ES,4.0,Blank Ballot,0.0,5.0,2.0,1,63.0,1.0
ES2,ES,7.0,Ineligible / Not Applicable,,8.0,3.0,1,35.0,1.0
ES5,ES,2.0,Valid Party Vote,0.0,,3.0,1,48.0,1.0
ES6,ES,6.666666666666667,Valid Party Vote,0.0,7.0,3.0,0,21.0,1.0
ES2,ES,4.666666666666667,Valid Party Vote,0.0,5.0,7.0,1,45.0,1.0
ES5,ES,5.0,Refuse to Say,,7.0,7.0,0,51.0,1.0
ES5,ES,4.666666666666667,Valid Party Vote,0.0,3.0,1.0,0,74.0,1.0
ES1,ES,4.333333333333333,Valid Party Vote,0.0,10.0,3.0,0,87.0,1.0
ES2,ES,4.666666666666667,Ineligible / Not Applicable,,7.0,6.0,1,44.0,1.0
ES2,ES,5.0,Ineligible / Not Applicable,,8.0,2.0,0,32.0,1.0
ES5,ES,1.6666666666666667,Valid Party Vote,0.0,2.0,6.0,0,45.0,1.0
ES6,ES,8.333333333333334,Valid Party Vote,0.0,8.0,6.0,0,50.0,1.0
ES6,ES,5.666666666666667,Valid Party Vote,0.0,7.0,4.0,1,22.0,1.0
ES4,ES,7.333333333333333,Ineligible / Not Applicable,,3.0,1.0,0,16.0,1.0
ES3,ES,3.3333333333333335,Valid Party Vote,0.0,5.0,1.0,1,84.0,1.0
ES3,ES,4.0,Valid Party Vote,0.0,1.0,3.0,0,64.0,1.0
ES1,ES,3.3333333333333335,Refuse to Say,,10.0,7.0,0,51.0,1.0
ES5,ES,1.3333333333333333,Valid Party Vote,1.0,8.0,1.0,0,71.0,1.0
ES5,ES,5.666666666666667,Ineligible / Not Applicable,,8.0,2.0,0,50.0,1.0
ES5,ES,2.5,Refuse to Say,,7.0,1.0,0,79.0,1.0
ES1,ES,7.333333333333333,Valid Party Vote,0.0,7.0,7.0,0,37.0,1.0
ES4,ES,1.0,Refuse to Say,,7.0,2.0,1,60.0,1.0
ES2,ES,3.6666666666666665,Valid Party Vote,0.0,8.0,2.0,1,63.0,1.0
ES5,ES,3.3333333333333335,Valid Party Vote,0.0,3.0,5.0,0,26.0,1.0
ES7,ES,6.333333333333333,Don't Know,,1.0,2.0,1,37.0,1.0
ES3,ES,3.0,Valid Party Vote,0.0,8.0,7.0,0,55.0,1.0
ES1,ES,2.6666666666666665,Valid Party Vote,0.0,5.0,3.0,1,56.0,1.0
ES5,ES,5.333333333333333,Ineligible / Not Applicable,,6.0,4.0,1,24.0,1.0
ES2,ES,2.3333333333333335,Valid Party Vote,0.0,4.0,5.0,0,21.0,1.0
ES1,ES,5.0,Valid Party Vote,0.0,5.0,6.0,0,40.0,1.0
ES3,ES,0.6666666666666666,Valid Party Vote,0.0,8.0,5.0,0,33.0,1.0
ES2,ES,4.0,Valid Party Vote,0.0,7.0,6.0,1,58.0,1.0
ES4,ES,1.3333333333333333,Valid Party Vote,1.0,2.0,4.0,0,67.0,1.0
ES5,ES,5.0,Valid Party Vote,0.0,4.0,1.0,1,78.0,1.0
ES2,ES,3.6666666666666665,Valid Party Vote,0.0,7.0,7.0,0,33.0,1.0
ES6,ES,6.0,Valid Party Vote,0.0,7.0,4.0,1,24.0,1.0
ES6,ES,2.3333333333333335,Ineligible / Not Applicable,,6.0,5.0,1,47.0,1.0
ES4,ES,2.6666666666666665,Valid Party Vote,0.0,8.0,3.0,1,45.0,1.0
ES6,ES,4.333333333333333,Valid Party Vote,0.0,4.0,1.0,1,62.0,1.0
ES5,ES,4.333333333333333,Ineligible / Not Applicable,,6.0,1.0,0,16.0,1.0
ES3,ES,2.3333333333333335,Valid Party Vote,0.0,10.0,7.0,1,30.0,1.0
ES4,ES,3.6666666666666665,Ineligible / Not Applicable,,0.0,5.0,1,34.0,1.0
ES4,ES,3.3333333333333335,Valid Party Vote,1.0,5.0,2.0,1,61.0,1.0
ES3,ES,5.333333333333333,Valid Party Vote,0.0,6.0,7.0,1,25.0,1.0
ES5,ES,4.333333333333333,Valid Party Vote,0.0,8.0,6.0,1,49.0,1.0
ES6,ES,4.666666666666667,Blank Ballot,0.0,5.0,4.0,1,64.0,1.0
ES3,ES,2.3333333333333335,Ineligible / Not Applicable,,5.0,5.0,1,44.0,1.0
ES1,ES,1.6666666666666667,Valid Party Vote,0.0,5.0,2.0,0,62.0,1.0
ES5,ES,1.6666666666666667,Valid Party Vote,0.0,4.0,1.0,1,84.0,1.0
ES6,ES,3.3333333333333335,Refuse to Say,,4.0,1.0,1,69.0,1.0
ES6,ES,1.6666666666666667,Valid Party Vote,0.0,10.0,4.0,0,42.0,1.0
ES5,ES,4.666666666666667,Valid Party Vote,0.0,7.0,6.0,1,25.0,1.0
ES5,ES,3.0,Refuse to Say,,7.0,6.0,1,41.0,1.0
ES4,ES,1.3333333333333333,Valid Party Vote,1.0,5.0,2.0,1,68.0,1.0
ES7,ES,5.666666666666667,Ineligible / Not Applicable,,4.0,2.0,0,56.0,1.0
ES3,ES,5.333333333333333,Ineligible / Not Applicable,,7.0,2.0,1,29.0,1.0
ES5,ES,7.333333333333333,Ineligible / Not Applicable,,10.0,3.0,1,31.0,1.0
ES3,ES,2.6666666666666665,Refuse to Say,,5.0,,1,,1.0
ES2,ES,4.333333333333333,Valid Party Vote,0.0,3.0,5.0,0,68.0,1.0
ES5,ES,8.0,Valid Party Vote,0.0,7.0,5.0,0,49.0,1.0
ES5,ES,2.0,Valid Party Vote,0.0,8.0,1.0,1,29.0,1.0
ES7,ES,5.0,Ineligible / Not Applicable,,7.0,4.0,0,21.0,1.0
ES5,ES,1.6666666666666667,Valid Party Vote,0.0,5.0,6.0,1,43.0,1.0
ES3,ES,6.0,Ineligible / Not Applicable,,8.0,2.0,0,54.0,1.0
ES3,ES,2.6666666666666665,Refuse to Say,,5.0,7.0,1,46.0,1.0
ES1,ES,6.333333333333333,Valid Party Vote,0.0,7.0,2.0,0,42.0,1.0
ES5,ES,5.333333333333333,Valid Party Vote,0.0,5.0,2.0,1,55.0,1.0
ES6,ES,2.0,Valid Party Vote,0.0,10.0,1.0,0,67.0,1.0
ES2,ES,4.666666666666667,Don't Know,,10.0,1.0,1,71.0,1.0
ES6,ES,2.6666666666666665,Ineligible / Not Applicable,,6.0,3.0,0,19.0,1.0
ES4,ES,6.0,Valid Party Vote,0.0,10.0,7.0,1,71.0,1.0
ES1,ES,6.0,Valid Party Vote,0.0,7.0,6.0,0,55.0,1.0
ES3,ES,2.6666666666666665,Ineligible / Not Applicable,,4.0,1.0,0,25.0,1.0
ES5,ES,5.666666666666667,Ineligible / Not Applicable,,7.0,1.0,0,17.0,1.0
ES4,ES,4.666666666666667,Valid Party Vote,0.0,3.0,1.0,1,54.0,1.0
ES5,ES,4.333333333333333,Valid Party Vote,0.0,4.0,5.0,1,66.0,1.0
ES7,ES,4.666666666666667,Valid Party Vote,0.0,3.0,1.0,0,76.0,1.0
ES4,ES,5.0,Refuse to Say,,4.0,4.0,0,58.0,1.0
ES6,ES,5.333333333333333,Valid Party Vote,0.0,5.0,7.0,1,52.0,1.0
ES5,ES,3.6666666666666665,Don't Know,,5.0,7.0,1,55.0,1.0
ES5,ES,4.333333333333333,Ineligible / Not Applicable,,0.0,3.0,0,61.0,1.0
ES4,ES,4.0,Valid Party Vote,0.0,8.0,7.0,0,21.0,1.0
ES7,ES,4.0,Valid Party Vote,0.0,7.0,6.0,0,54.0,1.0
ES4,ES,2.6666666666666665,Valid Party Vote,1.0,1.0,3.0,0,25.0,1.0
ES3,ES,5.666666666666667,Valid Party Vote,0.0,8.0,5.0,0,24.0,1.0
ES6,ES,8.666666666666666,Ineligible / Not Applicable,,9.0,2.0,1,28.0,1.0
ES4,ES,3.3333333333333335,Ineligible / Not Applicable,,6.0,1.0,1,90.0,1.0
ES2,ES,4.666666666666667,Valid Party Vote,0.0,6.0,7.0,1,90.0,1.0
ES5,ES,3.3333333333333335,Valid Party Vote,0.0,6.0,6.0,1,50.0,1.0
ES1,ES,3.3333333333333335,Don't Know,,5.0,6.0,0,67.0,1.0
ES6,ES,7.666666666666667,Valid Party Vote,0.0,9.0,6.0,0,67.0,1.0
ES5,ES,10.0,Ineligible / Not Applicable,,10.0,3.0,1,50.0,1.0
ES2,ES,4.0,Ineligible / Not Applicable,,6.0,2.0,1,64.0,1.0
ES6,ES,2.0,Ineligible / Not Applicable,,10.0,7.0,0,60.0,1.0
ES7,ES,6.0,Valid Party Vote,0.0,1.0,1.0,0,90.0,1.0
ES6,ES,3.6666666666666665,Ineligible / Not Applicable,,6.0,2.0,1,39.0,1.0
ES4,ES,4.333333333333333,Valid Party Vote,1.0,3.0,1.0,0,62.0,1.0
ES2,ES,6.0,Valid Party Vote,0.0,8.0,2.0,1,69.0,1.0
ES1,ES,4.0,Ineligible / Not Applicable,,6.0,6.0,1,46.0,1.0
ES5,ES,7.666666666666667,Ineligible / Not Applicable,,6.0,1.0,1,80.0,1.0
ES2,ES,8.666666666666666,Valid Party Vote,0.0,10.0,1.0,1,67.0,1.0
ES6,ES,7.0,Ineligible / Not Applicable,,5.0,2.0,0,19.0,1.0
ES5,ES,1.6666666666666667,Valid Party Vote,0.0,6.0,6.0,0,46.0,1.0
ES1,ES,4.333333333333333,Valid Party Vote,0.0,5.0,3.0,1,63.0,1.0
ES6,ES,6.666666666666667,Ineligible / Not Applicable,,5.0,2.0,1,18.0,1.0
ES4,ES,0.0,Valid Party Vote,0.0,2.0,1.0,0,71.0,1.0
ES5,ES,3.3333333333333335,Ineligible / Not Applicable,,10.0,2.0,1,54.0,1.0
ES3,ES,5.666666666666667,Ineligible / Not Applicable,,8.0,7.0,1,29.0,1.0
ES6,ES,9.0,Ineligible / Not Applicable,,10.0,1.0,0,22.0,1.0
ES5,ES,5.666666666666667,Valid Party Vote,0.0,10.0,3.0,1,65.0,1.0
ES4,ES,3.5,Valid Party Vote,0.0,8.0,2.0,1,50.0,1.0
ES1,ES,3.3333333333333335,Valid Party Vote,0.0,5.0,1.0,1,87.0,1.0
ES5,ES,3.0,Ineligible / Not Applicable,,4.0,1.0,1,90.0,1.0
ES1,ES,7.666666666666667,Refuse to Say,,5.0,2.0,0,24.0,1.0
ES3,ES,0.6666666666666666,Valid Party Vote,0.0,3.0,5.0,1,47.0,1.0
ES1,ES,5.333333333333333,Ineligible / Not Applicable,,5.0,3.0,1,78.0,1.0
ES3,ES,4.0,Valid Party Vote,0.0,8.0,3.0,1,46.0,1.0
ES5,ES,7.333333333333333,Valid Party Vote,0.0,2.0,1.0,1,73.0,1.0
ES3,ES,5.0,Ineligible / Not Applicable,,9.0,2.0,0,17.0,1.0
ES3,ES,1.6666666666666667,Valid Party Vote,1.0,7.0,5.0,0,64.0,1.0
ES4,ES,7.0,Valid Party Vote,0.0,3.0,2.0,0,49.0,1.0
ES5,ES,4.666666666666667,Refuse to Say,,5.0,2.0,0,51.0,1.0
ES3,ES,6.333333333333333,Valid Party Vote,0.0,9.0,6.0,0,78.0,1.0
ES3,ES,1.3333333333333333,Valid Party Vote,0.0,5.0,7.0,1,59.0,1.0
ES5,ES,0.6666666666666666,Valid Party Vote,0.0,3.0,7.0,0,70.0,1.0
ES5,ES,7.333333333333333,Ineligible / Not Applicable,,10.0,6.0,0,,1.0
ES6,ES,4.0,Ineligible / Not Applicable,,7.0,6.0,0,37.0,1.0
ES2,ES,6.333333333333333,Valid Party Vote,0.0,6.0,2.0,1,46.0,1.0
ES5,ES,6.0,Valid Party Vote,0.0,8.0,4.0,1,51.0,1.0
ES4,ES,8.0,Refuse to Say,,4.0,5.0,0,54.0,1.0
ES5,ES,7.0,Valid Party Vote,0.0,7.0,7.0,1,45.0,1.0
ES2,ES,5.666666666666667,Ineligible / Not Applicable,,5.0,4.0,1,19.0,1.0
ES7,ES,0.0,Valid Party Vote,0.0,2.0,2.0,1,48.0,1.0
ES5,ES,2.6666666666666665,Ineligible / Not Applicable,,3.0,6.0,0,24.0,1.0
ES2,ES,0.3333333333333333,Valid Party Vote,1.0,5.0,2.0,0,42.0,1.0
ES5,ES,5.666666666666667,Valid Party Vote,0.0,7.0,1.0,0,69.0,1.0
ES2,ES,1.3333333333333333,Don't Know,,3.0,2.0,0,46.0,1.0
ES6,ES,4.333333333333333,Refuse to Say,,3.0,2.0,1,55.0,1.0
ES5,ES,2.0,Don't Know,,5.0,2.0,1,33.0,1.0
ES6,ES,7.666666666666667,Valid Party Vote,0.0,4.0,1.0,1,83.0,1.0
ES4,ES,3.3333333333333335,Don't Know,,5.0,3.0,1,20.0,1.0
ES4,ES,6.0,Ineligible / Not Applicable,,,2.0,1,37.0,1.0
ES3,ES,4.333333333333333,Valid Party Vote,0.0,7.0,5.0,1,47.0,1.0
ES1,ES,5.333333333333333,Ineligible / Not Applicable,,5.0,1.0,1,16.0,1.0
ES6,ES,5.0,Ineligible / Not Applicable,,5.0,6.0,1,26.0,1.0
ES3,ES,3.6666666666666665,Valid Party Vote,0.0,8.0,6.0,1,25.0,1.0
ES3,ES,5.0,Ineligible / Not Applicable,,8.0,5.0,1,27.0,1.0
ES2,ES,1.3333333333333333,Ineligible / Not Applicable,,7.0,4.0,1,62.0,1.0
ES2,ES,6.666666666666667,Valid Party Vote,0.0,5.0,6.0,1,23.0,1.0
ES4,ES,1.6666666666666667,Ineligible / Not Applicable,,4.0,2.0,0,32.0,1.0
ES4,ES,2.6666666666666665,Valid Party Vote,0.0,5.0,1.0,0,67.0,1.0
ES1,ES,1.0,Valid Party Vote,0.0,9.0,5.0,0,43.0,1.0
ES6,ES,3.3333333333333335,Ineligible / Not Applicable,,5.0,1.0,1,34.0,1.0
ES4,ES,2.6666666666666665,Refuse to Say,,0.0,7.0,0,33.0,1.0
ES3,ES,5.333333333333333,Valid Party Vote,0.0,8.0,4.0,1,72.0,1.0
ES4,ES,7.333333333333333,Valid Party Vote,0.0,8.0,1.0,0,77.0,1.0
ES3,ES,6.666666666666667,Ineligible / Not Applicable,,7.0,2.0,1,17.0,1.0
ES6,ES,3.0,Blank Ballot,0.0,5.0,5.0,0,72.0,1.0
ES2,ES,0.0,Valid Party Vote,0.0,10.0,5.0,0,39.0,1.0
ES3,ES,5.666666666666667,Valid Party Vote,0.0,7.0,1.0,0,64.0,1.0
ES6,ES,2.0,Ineligible / Not Applicable,,5.0,1.0,0,36.0,1.0
ES6,ES,2.6666666666666665,Valid Party Vote,0.0,2.0,4.0,0,68.0,1.0
ES3,ES,5.666666666666667,Valid Party Vote,0.0,7.0,5.0,0,84.0,1.0
ES2,ES,2.3333333333333335,Valid Party Vote,0.0,8.0,4.0,1,66.0,1.0
ES6,ES,8.0,Refuse to Say,,8.0,2.0,0,66.0,1.0
ES5,ES,4.0,Valid Party Vote,0.0,7.0,2.0,1,75.0,1.0
ES3,ES,6.0,Ineligible / Not Applicable,,7.0,2.0,0,28.0,1.0
ES6,ES,4.666666666666667,Valid Party Vote,0.0,5.0,7.0,0,35.0,1.0
ES5,ES,5.666666666666667,Valid Party Vote,0.0,7.0,3.0,0,22.0,1.0
ES4,ES,7.0,Valid Party Vote,0.0,5.0,6.0,1,55.0,1.0
ES5,ES,4.666666666666667,Refuse to Say,,7.0,7.0,1,29.0,1.0
ES4,ES,0.0,Ineligible / Not Applicable,,8.0,1.0,1,18.0,1.0
ES4,ES,5.0,Ineligible / Not Applicable,,5.0,1.0,0,17.0,1.0
ES4,ES,6.333333333333333,Valid Party Vote,0.0,8.0,6.0,1,68.0,1.0
ES6,ES,8.333333333333334,Valid Party Vote,0.0,9.0,2.0,0,59.0,1.0
ES6,ES,3.6666666666666665,Valid Party Vote,1.0,,1.0,0,35.0,1.0
ES5,ES,8.5,Ineligible / Not Applicable,,9.0,2.0,1,37.0,1.0
ES5,ES,5.666666666666667,Ineligible / Not Applicable,,6.0,3.0,0,26.0,1.0
ES2,ES,5.333333333333333,Valid Party Vote,0.0,8.0,7.0,1,54.0,1.0
ES5,ES,5.0,Ineligible / Not Applicable,,5.0,2.0,0,37.0,1.0
ES1,ES,1.3333333333333333,Valid Party Vote,0.0,5.0,2.0,1,42.0,1.0
ES6,ES,4.333333333333333,Ineligible / Not Applicable,,7.0,3.0,1,19.0,1.0
ES1,ES,3.3333333333333335,Ineligible / Not Applicable,,4.0,2.0,1,55.0,1.0
ES7,ES,2.3333333333333335,Valid Party Vote,0.0,8.0,2.0,1,60.0,1.0
ES6,ES,4.333333333333333,Valid Party Vote,0.0,5.0,3.0,1,52.0,1.0
ES5,ES,2.0,Valid Party Vote,0.0,8.0,2.0,0,58.0,1.0
ES3,ES,2.0,Valid Party Vote,0.0,7.0,5.0,1,54.0,1.0
ES6,ES,4.333333333333333,Valid Party Vote,0.0,5.0,5.0,0,54.0,1.0
ES5,ES,5.666666666666667,Ineligible / Not Applicable,,5.0,3.0,0,23.0,1.0
ES3,ES,3.0,Valid Party Vote,0.0,5.0,7.0,0,74.0,1.0
ES4,ES,2.0,Valid Party Vote,0.0,5.0,2.0,1,32.0,1.0
ES7,ES,0.0,Ineligible / Not Applicable,,7.0,1.0,0,77.0,1.0
ES6,ES,5.666666666666667,Valid Party Vote,0.0,3.0,2.0,0,55.0,1.0
ES5,ES,5.666666666666667,Valid Party Vote,0.0,5.0,6.0,1,42.0,1.0
ES7,ES,2.6666666666666665,Ineligible / Not Applicable,,6.0,2.0,1,47.0,1.0
ES6,ES,6.666666666666667,Ineligible / Not Applicable,,5.0,3.0,0,25.0,1.0
ES3,ES,3.6666666666666665,Ineligible / Not Applicable,,7.0,4.0,1,29.0,1.0
ES5,ES,4.333333333333333,Valid Party Vote,0.0,8.0,7.0,1,42.0,1.0
ES4,ES,6.333333333333333,Valid Party Vote,0.0,9.0,6.0,0,65.0,1.0
ES7,ES,5.333333333333333,Valid Party Vote,0.0,5.0,4.0,0,61.0,1.0
ES1,ES,4.0,Refuse to Say,,5.0,2.0,0,46.0,1.0
ES1,ES,6.333333333333333,Refuse to Say,,5.0,5.0,0,45.0,1.0
ES5,ES,2.3333333333333335,Ineligible / Not Applicable,,8.0,2.0,0,25.0,1.0
ES3,ES,3.6666666666666665,Valid Party Vote,0.0,5.0,7.0,1,51.0,1.0
ES5,ES,5.666666666666667,Valid Party Vote,0.0,5.0,1.0,1,58.0,1.0
ES7,ES,6.666666666666667,Valid Party Vote,0.0,7.0,6.0,0,43.0,1.0
ES6,ES,9.333333333333334,Ineligible / Not Applicable,,10.0,1.0,1,59.0,1.0
ES5,ES,5.0,Valid Party Vote,0.0,8.0,2.0,0,41.0,1.0
ES4,ES,5.666666666666667,Valid Party Vote,0.0,6.0,2.0,0,51.0,1.0
ES1,ES,4.333333333333333,Valid Party Vote,0.0,7.0,5.0,0,76.0,1.0
ES6,ES,3.6666666666666665,Valid Party Vote,0.0,5.0,2.0,0,26.0,1.0
ES1,ES,1.5,Refuse to Say,,3.0,2.0,0,45.0,1.0
ES3,ES,7.666666666666667,Valid Party Vote,0.0,10.0,3.0,1,49.0,1.0
ES6,ES,8.666666666666666,Ineligible / Not Applicable,,7.0,2.0,1,73.0,1.0
ES6,ES,2.3333333333333335,Valid Party Vote,0.0,3.0,5.0,0,21.0,1.0
ES5,ES,3.6666666666666665,Ineligible / Not Applicable,,9.0,4.0,0,32.0,1.0
ES3,ES,0.6666666666666666,Valid Party Vote,1.0,5.0,2.0,0,22.0,1.0
ES7,ES,0.0,Don't Know,,7.0,1.0,0,58.0,1.0
ES6,ES,1.0,Ineligible / Not Applicable,,6.0,2.0,0,52.0,1.0
ES5,ES,6.333333333333333,Valid Party Vote,0.0,9.0,1.0,0,48.0,1.0
ES6,ES,5.0,Valid Party Vote,0.0,0.0,1.0,0,45.0,1.0
ES5,ES,2.3333333333333335,Ineligible / Not Applicable,,5.0,7.0,0,44.0,1.0
ES4,ES,6.0,Ineligible / Not Applicable,,10.0,2.0,0,17.0,1.0
ES3,ES,4.0,Ineligible / Not Applicable,,3.0,2.0,0,16.0,1.0
ES5,ES,6.666666666666667,Valid Party Vote,0.0,7.0,7.0,1,51.0,1.0
ES2,ES,5.333333333333333,Valid Party Vote,0.0,8.0,3.0,1,46.0,1.0
ES3,ES,4.333333333333333,Valid Party Vote,0.0,9.0,2.0,0,69.0,1.0
ES1,ES,5.0,Valid Party Vote,0.0,4.0,2.0,0,22.0,1.0
ES5,ES,0.0,Valid Party Vote,1.0,3.0,1.0,0,55.0,1.0
ES5,ES,3.6666666666666665,Ineligible / Not Applicable,,10.0,4.0,0,26.0,1.0
ES5,ES,7.333333333333333,Valid Party Vote,0.0,8.0,6.0,0,30.0,1.0
ES6,ES,0.0,Valid Party Vote,0.0,5.0,2.0,1,63.0,1.0
ES5,ES,0.3333333333333333,Ineligible / Not Applicable,,5.0,4.0,0,56.0,1.0
ES6,ES,1.6666666666666667,Valid Party Vote,0.0,8.0,2.0,0,43.0,1.0
ES1,ES,5.0,Valid Party Vote,0.0,7.0,1.0,1,90.0,1.0
ES3,ES,3.3333333333333335,Refuse to Say,,8.0,4.0,0,69.0,1.0
ES6,ES,3.6666666666666665,Valid Party Vote,0.0,7.0,3.0,1,43.0,1.0
ES4,ES,5.0,Valid Party Vote,0.0,,1.0,0,86.0,1.0
ES2,ES,3.0,Valid Party Vote,0.0,6.0,6.0,0,68.0,1.0
ES5,ES,4.333333333333333,Refuse to Say,,10.0,2.0,1,49.0,1.0
ES6,ES,1.6666666666666667,Valid Party Vote,0.0,8.0,3.0,0,66.0,1.0
ES5,ES,3.3333333333333335,Ineligible / Not Applicable,,4.0,2.0,0,18.0,1.0
ES5,ES,5.666666666666667,Valid Party Vote,0.0,6.0,6.0,1,38.0,1.0
ES6,ES,2.6666666666666665,Valid Party Vote,0.0,5.0,5.0,1,30.0,1.0
ES2,ES,4.666666666666667,Ineligible / Not Applicable,,7.0,2.0,0,56.0,1.0
ES6,ES,4.333333333333333,Valid Party Vote,0.0,8.0,2.0,0,43.0,1.0
ES5,ES,0.5,Refuse to Say,,1.0,2.0,0,50.0,1.0
ES3,ES,7.333333333333333,Valid Party Vote,0.0,8.0,6.0,0,46.0,1.0
ES5,ES,2.0,Valid Party Vote,0.0,8.0,4.0,1,19.0,1.0
ES1,ES,4.666666666666667,Ineligible / Not Applicable,,4.0,3.0,0,29.0,1.0
ES3,ES,6.333333333333333,Ineligible / Not Applicable,,8.0,3.0,0,21.0,1.0
ES5,ES,10.0,Valid Party Vote,0.0,5.0,7.0,0,65.0,1.0
ES6,ES,3.3333333333333335,Ineligible / Not Applicable,,4.0,1.0,0,84.0,1.0
ES4,ES,2.3333333333333335,Valid Party Vote,0.0,6.0,2.0,0,44.0,1.0
ES4,ES,3.6666666666666665,Valid Party Vote,0.0,5.0,2.0,1,66.0,1.0
ES3,ES,7.333333333333333,Valid Party Vote,0.0,7.0,5.0,1,75.0,1.0
ES5,ES,4.666666666666667,Refuse to Say,,7.0,7.0,0,53.0,1.0
ES5,ES,7.666666666666667,Valid Party Vote,0.0,3.0,2.0,0,56.0,1.0
ES4,ES,5.333333333333333,Ineligible / Not Applicable,,7.0,1.0,0,66.0,1.0
ES5,ES,7.0,Valid Party Vote,1.0,2.0,4.0,0,28.0,1.0
ES6,ES,2.6666666666666665,Refuse to Say,,6.0,3.0,1,54.0,1.0
ES4,ES,2.0,Ineligible / Not Applicable,,3.0,3.0,1,56.0,1.0
ES1,ES,4.0,Valid Party Vote,0.0,8.0,2.0,1,60.0,1.0
ES2,ES,4.666666666666667,Valid Party Vote,0.0,6.0,5.0,0,77.0,1.0
ES6,ES,6.333333333333333,Refuse to Say,,6.0,7.0,1,35.0,1.0
ES2,ES,1.6666666666666667,Valid Party Vote,0.0,5.0,2.0,1,52.0,1.0
ES3,ES,0.6666666666666666,Valid Party Vote,0.0,8.0,1.0,1,76.0,1.0
ES5,ES,5.666666666666667,Ineligible / Not Applicable,,7.0,5.0,1,66.0,1.0
ES3,ES,4.666666666666667,Valid Party Vote,0.0,7.0,3.0,1,36.0,1.0
ES6,ES,2.0,Valid Party Vote,0.0,5.0,3.0,1,52.0,1.0
ES1,ES,1.6666666666666667,Refuse to Say,,5.0,7.0,0,48.0,1.0
ES1,ES,7.0,Ineligible / Not Applicable,,3.0,7.0,0,66.0,1.0
ES1,ES,8.666666666666666,Ineligible / Not Applicable,,8.0,7.0,1,50.0,1.0
ES1,ES,5.0,Ineligible / Not Applicable,,9.0,1.0,1,24.0,1.0
ES3,ES,0.0,Valid Party Vote,0.0,,2.0,1,66.0,1.0
ES1,ES,1.3333333333333333,Ineligible / Not Applicable,,5.0,3.0,0,38.0,1.0
ES6,ES,2.3333333333333335,Valid Party Vote,0.0,8.0,2.0,1,41.0,1.0
ES6,ES,2.3333333333333335,Valid Party Vote,0.0,10.0,4.0,0,40.0,1.0
ES5,ES,5.333333333333333,Valid Party Vote,0.0,5.0,7.0,1,55.0,1.0
ES5,ES,2.6666666666666665,Valid Party Vote,0.0,9.0,2.0,1,23.0,1.0
ES6,ES,3.0,Valid Party Vote,0.0,5.0,7.0,0,69.0,1.0
ES5,ES,2.6666666666666665,Ineligible / Not Applicable,,1.0,6.0,1,52.0,1.0
ES4,ES,3.3333333333333335,Valid Party Vote,0.0,2.0,1.0,1,66.0,1.0
ES4,ES,3.0,Ineligible / Not Applicable,,7.0,1.0,1,65.0,1.0
ES3,ES,4.0,Valid Party Vote,0.0,5.0,7.0,0,38.0,1.0
ES6,ES,8.666666666666666,Valid Party Vote,0.0,8.0,6.0,0,52.0,1.0
ES2,ES,5.0,Refuse to Say,,5.0,4.0,1,19.0,1.0
ES5,ES,0.0,Valid Party Vote,0.0,8.0,2.0,0,55.0,1.0
ES7,ES,7.333333333333333,Valid Party Vote,0.0,7.0,7.0,1,26.0,1.0
ES4,ES,,Refuse to Say,,,1.0,1,68.0,1.0
ES5,ES,2.6666666666666665,Valid Party Vote,0.0,5.0,2.0,0,70.0,1.0
ES5,ES,8.0,Ineligible / Not Applicable,,10.0,7.0,1,47.0,1.0
ES7,ES,7.333333333333333,Ineligible / Not Applicable,,2.0,2.0,0,48.0,1.0
ES5,ES,7.0,Ineligible / Not Applicable,,8.0,2.0,0,17.0,1.0
ES7,ES,6.0,Ineligible / Not Applicable,,6.0,1.0,1,60.0,1.0
ES6,ES,6.0,Refuse to Say,,5.0,1.0,0,84.0,1.0
ES5,ES,3.6666666666666665,Ineligible / Not Applicable,,7.0,3.0,0,40.0,1.0
ES6,ES,5.666666666666667,Ineligible / Not Applicable,,5.0,2.0,1,19.0,1.0
ES3,ES,4.333333333333333,Valid Party Vote,0.0,6.0,1.0,0,81.0,1.0
ES2,ES,5.0,Refuse to Say,,7.0,7.0,1,65.0,1.0
ES5,ES,5.333333333333333,Valid Party Vote,0.0,3.0,7.0,1,49.0,1.0
ES6,ES,9.666666666666666,Valid Party Vote,0.0,10.0,5.0,1,90.0,1.0
ES4,ES,4.0,Refuse to Say,,10.0,1.0,0,75.0,1.0
ES3,ES,7.333333333333333,Ineligible / Not Applicable,,5.0,2.0,0,16.0,1.0
ES1,ES,0.0,Refuse to Say,,9.0,1.0,1,65.0,1.0
ES1,ES,2.0,Valid Party Vote,0.0,9.0,2.0,1,47.0,1.0
ES5,ES,2.0,Valid Party Vote,0.0,5.0,3.0,0,52.0,1.0
ES5,ES,0.3333333333333333,Valid Party Vote,0.0,5.0,7.0,0,51.0,1.0
ES4,ES,3.0,Valid Party Vote,0.0,6.0,6.0,1,35.0,1.0
ES4,ES,2.0,Ineligible / Not Applicable,,3.0,1.0,1,90.0,1.0
ES3,ES,6.0,Ineligible / Not Applicable,,5.0,1.0,0,62.0,1.0
ES4,ES,5.333333333333333,Valid Party Vote,0.0,9.0,6.0,1,68.0,1.0
ES1,ES,2.6666666666666665,Valid Party Vote,0.0,6.0,6.0,1,30.0,1.0
ES2,ES,6.0,Valid Party Vote,0.0,3.0,2.0,1,68.0,1.0
ES6,ES,4.333333333333333,Valid Party Vote,0.0,5.0,7.0,0,65.0,1.0
ES5,ES,6.666666666666667,Valid Party Vote,0.0,8.0,4.0,0,44.0,1.0
ES5,ES,1.0,Refuse to Say,,,7.0,0,56.0,1.0
ES5,ES,3.6666666666666665,Valid Party Vote,0.0,5.0,4.0,0,58.0,1.0
ES1,ES,7.333333333333333,Valid Party Vote,1.0,5.0,4.0,0,21.0,1.0
ES6,ES,0.6666666666666666,Valid Party Vote,0.0,9.0,1.0,0,39.0,1.0
ES5,ES,3.3333333333333335,Valid Party Vote,0.0,7.0,2.0,1,47.0,1.0
ES5,ES,3.3333333333333335,Valid Party Vote,0.0,10.0,4.0,0,37.0,1.0
ES5,ES,8.666666666666666,Ineligible / Not Applicable,,6.0,7.0,0,36.0,1.0
ES4,ES,5.0,Refuse to Say,,6.0,2.0,1,66.0,1.0
ES5,ES,4.666666666666667,Ineligible / Not Applicable,,5.0,1.0,1,32.0,1.0
ES5,ES,6.666666666666667,Valid Party Vote,0.0,10.0,7.0,0,75.0,1.0
ES6,ES,5.666666666666667,Valid Party Vote,0.0,9.0,7.0,1,57.0,1.0
ES1,ES,4.0,Ineligible / Not Applicable,,6.0,2.0,0,58.0,1.0
ES3,ES,5.333333333333333,Ineligible / Not Applicable,,8.0,7.0,1,36.0,1.0
ES6,ES,2.3333333333333335,Valid Party Vote,0.0,5.0,5.0,0,32.0,1.0
ES1,ES,6.0,Ineligible / Not Applicable,,10.0,1.0,0,62.0,1.0
ES5,ES,5.666666666666667,Valid Party Vote,0.0,2.0,3.0,1,49.0,1.0
ES4,ES,1.6666666666666667,Refuse to Say,,5.0,1.0,1,79.0,1.0
ES4,ES,7.666666666666667,Ineligible / Not Applicable,,9.0,2.0,1,20.0,1.0
ES6,ES,3.6666666666666665,Valid Party Vote,0.0,8.0,6.0,0,65.0,1.0
ES1,ES,3.3333333333333335,Valid Party Vote,0.0,6.0,3.0,0,85.0,1.0
ES5,ES,3.0,Ineligible / Not Applicable,,1.0,1.0,1,50.0,1.0
ES1,ES,3.3333333333333335,Valid Party Vote,0.0,2.0,3.0,0,32.0,1.0
ES6,ES,4.666666666666667,Valid Party Vote,0.0,6.0,3.0,1,82.0,1.0
ES5,ES,6.5,Ineligible / Not Applicable,,10.0,2.0,1,16.0,1.0
ES5,ES,5.0,Valid Party Vote,0.0,5.0,6.0,1,39.0,1.0
ES5,ES,4.0,Ineligible / Not Applicable,,6.0,3.0,1,48.0,1.0
ES2,ES,6.0,Refuse to Say,,,6.0,0,32.0,1.0
ES6,ES,5.0,Ineligible / Not Applicable,,9.0,2.0,0,19.0,1.0
ES4,ES,5.0,Ineligible / Not Applicable,,4.0,1.0,0,54.0,1.0
ES4,ES,4.333333333333333,Ineligible / Not Applicable,,1.0,2.0,0,57.0,1.0
ES6,ES,1.3333333333333333,Ineligible / Not Applicable,,7.0,5.0,0,31.0,1.0
ES6,ES,1.6666666666666667,Valid Party Vote,0.0,10.0,2.0,1,75.0,1.0
ES3,ES,6.333333333333333,Valid Party Vote,0.0,5.0,7.0,1,61.0,1.0
ES5,ES,4.333333333333333,Refuse to Say,,5.0,3.0,1,50.0,1.0
ES6,ES,4.666666666666667,Valid Party Vote,0.0,7.0,5.0,0,45.0,1.0
ES2,ES,2.6666666666666665,Valid Party Vote,0.0,6.0,6.0,1,44.0,1.0
ES2,ES,3.6666666666666665,Valid Party Vote,0.0,8.0,6.0,1,59.0,1.0
ES3,ES,7.333333333333333,Valid Party Vote,0.0,10.0,6.0,1,52.0,1.0
ES4,ES,2.3333333333333335,Valid Party Vote,0.0,1.0,2.0,1,65.0,1.0
ES7,ES,1.6666666666666667,Valid Party Vote,0.0,3.0,1.0,0,70.0,1.0
ES2,ES,3.0,Ineligible / Not Applicable,,6.0,2.0,0,31.0,1.0
ES4,ES,3.6666666666666665,Ineligible / Not Applicable,,5.0,7.0,1,61.0,1.0
ES6,ES,2.3333333333333335,Valid Party Vote,1.0,10.0,2.0,0,41.0,1.0
ES4,ES,1.3333333333333333,Valid Party Vote,0.0,5.0,5.0,0,73.0,1.0
ES6,ES,5.666666666666667,Ineligible / Not Applicable,,10.0,7.0,1,40.0,1.0
ES5,ES,4.333333333333333,Ineligible / Not Applicable,,5.0,7.0,1,40.0,1.0
ES2,ES,0.6666666666666666,Valid Party Vote,0.0,6.0,6.0,1,25.0,1.0
ES2,ES,4.333333333333333,Invalid Ballot,0.0,5.0,4.0,0,43.0,1.0
ES6,ES,3.0,Ineligible / Not Applicable,,6.0,2.0,1,18.0,1.0
ES5,ES,5.666666666666667,Valid Party Vote,0.0,10.0,7.0,0,38.0,1.0
ES5,ES,6.333333333333333,Valid Party Vote,0.0,7.0,5.0,1,47.0,1.0
ES5,ES,6.666666666666667,Refuse to Say,,0.0,6.0,0,68.0,1.0
ES5,ES,1.6666666666666667,Valid Party Vote,0.0,10.0,6.0,1,60.0,1.0
ES4,ES,3.6666666666666665,Ineligible / Not Applicable,,3.0,2.0,0,43.0,1.0
ES4,ES,2.6666666666666665,Valid Party Vote,0.0,3.0,2.0,1,48.0,1.0
ES5,ES,1.6666666666666667,Invalid Ballot,0.0,5.0,7.0,0,27.0,1.0
ES6,ES,4.666666666666667,Valid Party Vote,0.0,0.0,1.0,0,80.0,1.0
ES2,ES,3.3333333333333335,Valid Party Vote,1.0,5.0,3.0,0,54.0,1.0
ES5,ES,1.6666666666666667,Valid Party Vote,0.0,1.0,1.0,1,86.0,1.0
ES3,ES,2.5,Ineligible / Not Applicable,,6.0,4.0,0,62.0,1.0
ES5,ES,4.0,Valid Party Vote,0.0,9.0,7.0,1,47.0,1.0
ES3,ES,4.333333333333333,Valid Party Vote,0.0,8.0,4.0,1,19.0,1.0
ES1,ES,6.666666666666667,Ineligible / Not Applicable,,5.0,7.0,1,31.0,1.0
ES6,ES,3.3333333333333335,Valid Party Vote,0.0,9.0,4.0,1,42.0,1.0
ES1,ES,3.3333333333333335,Ineligible / Not Applicable,,7.0,5.0,1,25.0,1.0
ES6,ES,6.0,Valid Party Vote,0.0,5.0,3.0,0,39.0,1.0
ES5,ES,1.0,Ineligible / Not Applicable,,9.0,5.0,1,26.0,1.0
ES5,ES,1.6666666666666667,Ineligible / Not Applicable,,5.0,2.0,1,36.0,1.0
ES5,ES,5.333333333333333,Valid Party Vote,0.0,7.0,1.0,0,51.0,1.0
ES2,ES,9.0,Ineligible / Not Applicable,,9.0,3.0,0,24.0,1.0
ES5,ES,0.0,Ineligible / Not Applicable,,5.0,3.0,0,50.0,1.0
ES6,ES,1.3333333333333333,Ineligible / Not Applicable,,10.0,2.0,1,55.0,1.0
ES6,ES,0.0,Valid Party Vote,0.0,2.0,1.0,1,65.0,1.0
ES5,ES,6.666666666666667,Valid Party Vote,0.0,10.0,3.0,0,58.0,1.0
ES5,ES,4.0,Valid Party Vote,0.0,4.0,1.0,0,81.0,1.0
ES7,ES,5.0,Valid Party Vote,0.0,7.0,5.0,0,76.0,1.0
ES4,ES,5.666666666666667,Valid Party Vote,0.0,9.0,7.0,1,28.0,1.0
ES6,ES,4.666666666666667,Ineligible / Not Applicable,,5.0,2.0,0,18.0,1.0
FR1,FR,5.333333333333333,Valid Party Vote,0.0,5.0,7.0,0,48.0,2.0
FR1,FR,4.666666666666667,Valid Party Vote,0.0,4.0,2.0,1,54.0,2.0
FRI,FR,3.3333333333333335,Valid Party Vote,0.0,9.0,6.0,1,51.0,0.0
FRG,FR,4.0,Ineligible / Not Applicable,,2.0,4.0,1,18.0,0.0
FRF,FR,1.0,Ineligible / Not Applicable,,1.0,7.0,1,71.0,0.0
FRI,FR,4.666666666666667,Ineligible / Not Applicable,,8.0,4.0,0,27.0,0.0
FRJ,FR,6.333333333333333,Ineligible / Not Applicable,,6.0,3.0,0,61.0,0.0
FRF,FR,6.0,Ineligible / Not Applicable,,5.0,5.0,0,20.0,0.0
FRI,FR,0.6666666666666666,Valid Party Vote,1.0,1.0,2.0,1,74.0,0.0
FRK,FR,5.0,Blank Ballot,0.0,6.0,6.0,1,36.0,0.0
FR1,FR,3.3333333333333335,Valid Party Vote,0.0,5.0,7.0,0,29.0,2.0
FRB,FR,4.0,Valid Party Vote,0.0,2.0,3.0,0,55.0,0.0
FRF,FR,6.333333333333333,Valid Party Vote,0.0,5.0,7.0,0,36.0,0.0
FR1,FR,6.333333333333333,Valid Party Vote,0.0,5.0,7.0,0,40.0,2.0
FRK,FR,3.3333333333333335,Ineligible / Not Applicable,,5.0,5.0,0,35.0,0.0
FRG,FR,5.333333333333333,Valid Party Vote,0.0,6.0,6.0,1,27.0,0.0
FRI,FR,4.666666666666667,Ineligible / Not Applicable,,7.0,4.0,0,18.0,0.0
FRH,FR,4.333333333333333,Ineligible / Not Applicable,,5.0,4.0,1,53.0,0.0
FRK,FR,5.5,Ineligible / Not Applicable,,5.0,3.0,1,62.0,0.0
FR1,FR,7.0,Valid Party Vote,0.0,7.0,5.0,1,84.0,2.0
FRF,FR,3.6666666666666665,Ineligible / Not Applicable,,3.0,3.0,0,27.0,0.0
FRF,FR,2.3333333333333335,Ineligible / Not Applicable,,3.0,1.0,1,35.0,0.0
FRC,FR,3.3333333333333335,Valid Party Vote,0.0,7.0,4.0,0,65.0,0.0
FRI,FR,2.3333333333333335,Ineligible / Not Applicable,,5.0,7.0,1,38.0,0.0
FRD,FR,4.333333333333333,Ineligible / Not Applicable,,5.0,3.0,0,56.0,0.0
FRH,FR,1.0,Ineligible / Not Applicable,,1.0,3.0,0,56.0,0.0
FR1,FR,2.3333333333333335,Ineligible / Not Applicable,,5.0,1.0,1,78.0,2.0
FR1,FR,0.6666666666666666,Don't Know,,8.0,7.0,1,40.0,2.0
FR1,FR,4.5,Ineligible / Not Applicable,,,1.0,1,64.0,2.0
FRH,FR,6.0,Ineligible / Not Applicable,,5.0,2.0,1,16.0,0.0
FRL,FR,5.0,Refuse to Say,,1.0,6.0,0,77.0,0.0
FRL,FR,7.333333333333333,Valid Party Vote,0.0,5.0,6.0,0,33.0,0.0
FRI,FR,1.0,Valid Party Vote,1.0,0.0,5.0,0,21.0,0.0
FRF,FR,5.0,Valid Party Vote,0.0,7.0,7.0,0,46.0,0.0
FRI,FR,3.5,Valid Party Vote,0.0,,6.0,1,55.0,0.0
FRG,FR,8.0,Valid Party Vote,0.0,5.0,7.0,0,65.0,0.0
FRG,FR,7.0,Ineligible / Not Applicable,,6.0,2.0,0,16.0,0.0
FRE,FR,6.0,Valid Party Vote,0.0,4.0,1.0,0,73.0,4.0
FRF,FR,5.666666666666667,Ineligible / Not Applicable,,6.0,1.0,1,90.0,0.0
FR1,FR,3.3333333333333335,Ineligible / Not Applicable,,10.0,4.0,1,20.0,2.0
FRK,FR,4.333333333333333,Valid Party Vote,0.0,3.0,5.0,0,22.0,0.0
FRG,FR,5.333333333333333,Ineligible / Not Applicable,,5.0,4.0,1,42.0,0.0
FRK,FR,4.666666666666667,Valid Party Vote,0.0,2.0,1.0,0,84.0,0.0
FRF,FR,4.0,Ineligible / Not Applicable,,4.0,6.0,0,23.0,0.0
FRH,FR,5.333333333333333,Ineligible / Not Applicable,,5.0,4.0,0,,0.0
FRK,FR,6.333333333333333,Valid Party Vote,0.0,7.0,5.0,1,46.0,0.0
FRG,FR,6.0,Ineligible / Not Applicable,,3.0,5.0,1,27.0,0.0
FRG,FR,1.3333333333333333,Valid Party Vote,0.0,5.0,3.0,1,74.0,0.0
FRG,FR,6.333333333333333,Valid Party Vote,0.0,5.0,4.0,1,57.0,0.0
FRF,FR,0.0,Ineligible / Not Applicable,,5.0,3.0,1,73.0,0.0
FRB,FR,3.0,Ineligible / Not Applicable,,5.0,3.0,0,33.0,0.0
FRB,FR,4.0,Valid Party Vote,0.0,10.0,5.0,1,59.0,0.0
FRD,FR,4.666666666666667,Valid Party Vote,0.0,5.0,7.0,1,58.0,0.0
FRK,FR,6.666666666666667,Valid Party Vote,0.0,10.0,6.0,0,68.0,0.0
ES3,ES,5.0,Refuse to Say,,8.0,7.0,0,58.0,1.0
ES6,ES,5.0,Valid Party Vote,0.0,3.0,7.0,0,25.0,1.0
ES5,ES,3.0,Valid Party Vote,0.0,7.0,1.0,1,65.0,1.0
ES4,ES,6.333333333333333,Ineligible / Not Applicable,,5.0,2.0,0,17.0,1.0
ES6,ES,4.666666666666667,Ineligible / Not Applicable,,5.0,2.0,1,17.0,1.0
ES2,ES,5.333333333333333,Valid Party Vote,1.0,10.0,1.0,0,58.0,1.0
ES5,ES,3.0,Valid Party Vote,0.0,5.0,3.0,0,62.0,1.0
ES5,ES,2.3333333333333335,Ineligible / Not Applicable,,8.0,6.0,1,41.0,1.0
ES1,ES,3.0,Refuse to Say,,6.0,7.0,1,59.0,1.0
ES3,ES,7.666666666666667,Ineligible / Not Applicable,,5.0,7.0,1,54.0,1.0
ES2,ES,6.0,Valid Party Vote,0.0,5.0,,0,26.0,1.0
ES2,ES,3.3333333333333335,Valid Party Vote,0.0,5.0,5.0,0,49.0,1.0
ES6,ES,4.333333333333333,Refuse to Say,,8.0,5.0,0,56.0,1.0
ES4,ES,4.0,Refuse to Say,,5.0,1.0,0,86.0,1.0
ES6,ES,2.6666666666666665,Valid Party Vote,0.0,9.0,7.0,1,54.0,1.0
ES3,ES,3.6666666666666665,Valid Party Vote,1.0,5.0,3.0,0,48.0,1.0
ES2,ES,5.0,Valid Party Vote,0.0,6.0,5.0,1,61.0,1.0
ES4,ES,0.0,Refuse to Say,,1.0,5.0,1,47.0,1.0
ES1,ES,3.6666666666666665,Valid Party Vote,0.0,5.0,2.0,1,75.0,1.0
ES6,ES,1.6666666666666667,Ineligible / Not Applicable,,5.0,1.0,0,82.0,1.0
ES4,ES,0.3333333333333333,Refuse to Say,,2.0,6.0,1,45.0,1.0
ES5,ES,1.6666666666666667,Valid Party Vote,0.0,6.0,7.0,1,66.0,1.0
ES4,ES,3.3333333333333335,Valid Party Vote,0.0,3.0,1.0,1,72.0,1.0
ES6,ES,2.6666666666666665,Valid Party Vote,0.0,8.0,6.0,1,57.0,1.0
ES5,ES,4.333333333333333,Valid Party Vote,0.0,10.0,6.0,1,42.0,1.0
ES4,ES,6.333333333333333,Invalid Ballot,0.0,3.0,2.0,0,38.0,1.0
ES5,ES,2.6666666666666665,Valid Party Vote,0.0,10.0,5.0,1,30.0,1.0
ES1,ES,2.6666666666666665,Valid Party Vote,0.0,7.0,7.0,1,36.0,1.0
ES2,ES,4.333333333333333,Valid Party Vote,0.0,2.0,2.0,0,72.0,1.0
ES4,ES,3.0,Valid Party Vote,0.0,4.0,1.0,0,56.0,1.0
ES7,ES,5.666666666666667,Valid Party Vote,0.0,0.0,6.0,1,77.0,1.0
ES6,ES,6.0,Don't Know,,5.0,2.0,0,82.0,1.0
ES5,ES,1.6666666666666667,Valid Party Vote,0.0,0.0,2.0,0,71.0,1.0
ES3,ES,3.6666666666666665,Valid Party Vote,0.0,7.0,7.0,0,46.0,1.0
ES5,ES,1.3333333333333333,Valid Party Vote,0.0,1.0,7.0,0,27.0,1.0
ES5,ES,3.3333333333333335,Valid Party Vote,0.0,5.0,6.0,1,31.0,1.0
ES2,ES,1.0,Valid Party Vote,0.0,3.0,1.0,1,80.0,1.0
ES6,ES,6.0,Refuse to Say,,10.0,4.0,1,36.0,1.0
ES2,ES,0.0,Ineligible / Not Applicable,,9.0,3.0,0,29.0,1.0
ES1,ES,5.333333333333333,Ineligible / Not Applicable,,5.0,2.0,0,79.0,1.0
ES2,ES,6.333333333333333,Valid Party Vote,0.0,7.0,7.0,1,31.0,1.0
ES3,ES,5.0,Valid Party Vote,0.0,7.0,6.0,0,30.0,1.0
ES3,ES,6.0,Ineligible / Not Applicable,,5.0,2.0,1,45.0,1.0
ES6,ES,5.666666666666667,Blank Ballot,0.0,6.0,3.0,1,51.0,1.0
ES4,ES,0.0,Valid Party Vote,0.0,0.0,2.0,0,65.0,1.0
ES6,ES,5.666666666666667,Valid Party Vote,0.0,3.0,7.0,1,34.0,1.0
ES5,ES,1.3333333333333333,Ineligible / Not Applicable,,6.0,3.0,0,74.0,1.0
ES5,ES,5.666666666666667,Valid Party Vote,0.0,6.0,5.0,0,69.0,1.0
ES4,ES,1.0,Valid Party Vote,1.0,5.0,7.0,1,49.0,1.0
ES6,ES,4.0,Valid Party Vote,0.0,5.0,2.0,0,49.0,1.0
ES3,ES,2.6666666666666665,Valid Party Vote,0.0,7.0,4.0,1,32.0,1.0
ES1,ES,1.6666666666666667,Ineligible / Not Applicable,,2.0,5.0,0,51.0,1.0
FRE,FR,3.3333333333333335,Ineligible / Not Applicable,,0.0,1.0,1,78.0,4.0
FRI,FR,4.666666666666667,Ineligible / Not Applicable,,4.0,4.0,0,66.0,0.0
FRL,FR,4.333333333333333,Valid Party Vote,1.0,0.0,4.0,0,83.0,0.0
FRL,FR,3.0,Ineligible / Not Applicable,,5.0,5.0,1,38.0,0.0
FR1,FR,5.0,Valid Party Vote,0.0,5.0,7.0,0,27.0,2.0
FRJ,FR,1.6666666666666667,Valid Party Vote,1.0,0.0,3.0,0,79.0,0.0
FRE,FR,5.666666666666667,Valid Party Vote,0.0,5.0,1.0,0,56.0,4.0
FRL,FR,2.0,Ineligible / Not Applicable,,4.0,3.0,0,67.0,0.0
FRK,FR,5.333333333333333,Don't Know,,7.0,7.0,0,25.0,0.0
FRK,FR,3.0,Invalid Ballot,0.0,5.0,3.0,0,66.0,0.0
FRK,FR,4.0,Ineligible / Not Applicable,,7.0,4.0,0,31.0,0.0
FRF,FR,4.666666666666667,Ineligible / Not Applicable,,5.0,6.0,0,23.0,0.0
FRE,FR,2.0,Valid Party Vote,1.0,3.0,1.0,0,76.0,4.0
FR1,FR,4.0,Valid Party Vote,0.0,5.0,7.0,0,52.0,2.0
FRF,FR,3.0,Ineligible / Not Applicable,,5.0,2.0,0,16.0,0.0
FRD,FR,1.0,Ineligible / Not Applicable,,1.0,1.0,1,28.0,0.0
FRJ,FR,4.333333333333333,Ineligible / Not Applicable,,7.0,3.0,0,18.0,0.0
FRG,FR,4.666666666666667,Ineligible / Not Applicable,,5.0,4.0,1,41.0,0.0
FRK,FR,1.0,Ineligible / Not Applicable,,7.0,6.0,1,41.0,0.0
FRG,FR,3.6666666666666665,Valid Party Vote,1.0,5.0,3.0,0,60.0,0.0
FRD,FR,3.3333333333333335,Valid Party Vote,0.0,4.0,4.0,1,58.0,0.0
FRB,FR,4.666666666666667,Valid Party Vote,0.0,10.0,6.0,1,35.0,0.0
FRG,FR,7.666666666666667,Ineligible / Not Applicable,,6.0,4.0,1,49.0,0.0
FRE,FR,8.666666666666666,Valid Party Vote,0.0,10.0,1.0,1,59.0,4.0
FRK,FR,4.333333333333333,Valid Party Vote,0.0,5.0,6.0,1,33.0,0.0
FR1,FR,3.0,Valid Party Vote,1.0,4.0,4.0,1,63.0,2.0
FRK,FR,7.333333333333333,Valid Party Vote,0.0,7.0,6.0,1,39.0,0.0
FRH,FR,5.333333333333333,Valid Party Vote,0.0,7.0,5.0,1,52.0,0.0
FRF,FR,2.0,Blank Ballot,0.0,6.0,3.0,1,59.0,0.0
FRD,FR,4.333333333333333,Ineligible / Not Applicable,,5.0,3.0,0,37.0,0.0
FRE,FR,2.0,Ineligible / Not Applicable,,5.0,3.0,0,61.0,4.0
FRD,FR,3.0,Valid Party Vote,0.0,9.0,7.0,0,64.0,0.0
FRF,FR,10.0,Valid Party Vote,1.0,5.0,4.0,1,30.0,0.0
FRG,FR,0.0,Ineligible / Not Applicable,,0.0,3.0,1,30.0,0.0
FRK,FR,5.0,Don't Know,,7.0,3.0,1,88.0,0.0
FRI,FR,1.6666666666666667,Refuse to Say,,5.0,2.0,1,60.0,0.0
FRG,FR,3.6666666666666665,Ineligible / Not Applicable,,5.0,3.0,1,53.0,0.0
FR1,FR,1.3333333333333333,Ineligible / Not Applicable,,1.0,3.0,1,61.0,2.0
FRE,FR,0.0,Valid Party Vote,1.0,0.0,2.0,1,49.0,4.0
FRF,FR,4.0,Blank Ballot,0.0,2.0,3.0,1,65.0,0.0
FRB,FR,5.0,Valid Party Vote,0.0,4.0,3.0,1,45.0,0.0
FRJ,FR,5.5,Ineligible / Not Applicable,,5.0,7.0,1,26.0,0.0
FR1,FR,4.0,Don't Know,,8.0,7.0,1,53.0,2.0
FRE,FR,2.6666666666666665,Valid Party Vote,0.0,3.0,3.0,0,60.0,4.0
FRF,FR,5.333333333333333,Valid Party Vote,0.0,5.0,4.0,1,55.0,0.0
FRB,FR,3.3333333333333335,Ineligible / Not Applicable,,3.0,3.0,0,76.0,0.0
FRE,FR,2.0,Valid Party Vote,1.0,3.0,3.0,0,46.0,4.0
FRG,FR,1.6666666666666667,Valid Party Vote,0.0,3.0,5.0,1,62.0,0.0
FRE,FR,3.6666666666666665,Valid Party Vote,0.0,3.0,5.0,1,45.0,4.0
FRH,FR,7.666666666666667,Valid Party Vote,0.0,5.0,4.0,1,46.0,0.0
FR1,FR,3.6666666666666665,Valid Party Vote,0.0,9.0,4.0,1,59.0,2.0
FRK,FR,3.6666666666666665,Valid Party Vote,0.0,5.0,3.0,0,72.0,0.0
FRI,FR,2.0,Ineligible / Not Applicable,,10.0,4.0,0,37.0,0.0
FRI,FR,3.6666666666666665,Valid Party Vote,1.0,2.0,4.0,0,72.0,0.0
FRF,FR,1.0,Valid Party Vote,1.0,5.0,4.0,0,50.0,0.0
FRL,FR,5.0,Ineligible / Not Applicable,,4.0,1.0,1,79.0,0.0
FRJ,FR,2.5,Valid Party Vote,0.0,8.0,5.0,1,35.0,0.0
FR1,FR,6.333333333333333,Valid Party Vote,0.0,5.0,7.0,0,29.0,2.0
FRG,FR,2.6666666666666665,Ineligible / Not Applicable,,5.0,3.0,0,56.0,0.0
FRL,FR,5.666666666666667,Don't Know,,3.0,2.0,0,68.0,0.0
FRG,FR,2.3333333333333335,Ineligible / Not Applicable,,4.0,2.0,1,58.0,0.0
FR1,FR,6.333333333333333,Valid Party Vote,0.0,10.0,7.0,0,53.0,2.0
FRF,FR,4.0,Ineligible / Not Applicable,,2.0,4.0,0,31.0,0.0
FRG,FR,5.0,Ineligible / Not Applicable,,6.0,3.0,0,60.0,0.0
FR1,FR,6.666666666666667,Valid Party Vote,0.0,7.0,7.0,0,46.0,2.0
FR1,FR,4.0,Ineligible / Not Applicable,,3.0,3.0,0,45.0,2.0
FRG,FR,5.0,Ineligible / Not Applicable,,2.0,3.0,0,48.0,0.0
FRJ,FR,3.3333333333333335,Valid Party Vote,0.0,5.0,4.0,1,52.0,0.0
FRI,FR,4.0,Ineligible / Not Applicable,,5.0,4.0,1,23.0,0.0
FRF,FR,5.0,Valid Party Vote,0.0,5.0,3.0,0,60.0,0.0
FRD,FR,8.333333333333334,Ineligible / Not Applicable,,5.0,7.0,0,89.0,0.0
FRK,FR,0.6666666666666666,Valid Party Vote,0.0,8.0,4.0,1,27.0,0.0
FRK,FR,1.3333333333333333,Ineligible / Not Applicable,,1.0,1.0,0,70.0,0.0
FRI,FR,3.6666666666666665,Ineligible / Not Applicable,,6.0,7.0,0,52.0,0.0
FR1,FR,5.666666666666667,Ineligible / Not Applicable,,4.0,7.0,1,71.0,2.0
FRC,FR,6.5,Valid Party Vote,0.0,7.0,5.0,0,72.0,0.0
FRF,FR,2.6666666666666665,Valid Party Vote,1.0,0.0,4.0,0,53.0,0.0
FRG,FR,0.0,Ineligible / Not Applicable,,5.0,6.0,0,28.0,0.0
FRK,FR,6.333333333333333,Valid Party Vote,0.0,4.0,5.0,0,50.0,0.0
FR1,FR,0.0,Ineligible / Not Applicable,,,3.0,1,66.0,2.0
FRK,FR,1.3333333333333333,Valid Party Vote,0.0,5.0,5.0,1,68.0,0.0
FR1,FR,6.0,Ineligible / Not Applicable,,5.0,3.0,1,58.0,2.0
FRJ,FR,5.333333333333333,Valid Party Vote,0.0,6.0,1.0,0,70.0,0.0
FRF,FR,6.666666666666667,Valid Party Vote,0.0,6.0,7.0,1,46.0,0.0
FRB,FR,7.0,Valid Party Vote,0.0,8.0,7.0,0,44.0,0.0
FRG,FR,4.0,Ineligible / Not Applicable,,5.0,4.0,1,17.0,0.0
FRF,FR,3.0,Valid Party Vote,0.0,2.0,4.0,1,66.0,0.0
FRI,FR,4.0,Ineligible / Not Applicable,,3.0,5.0,1,20.0,0.0
FR1,FR,3.3333333333333335,Valid Party Vote,1.0,3.0,7.0,0,65.0,2.0
FRE,FR,6.0,Ineligible / Not Applicable,,7.0,4.0,1,21.0,4.0
FRE,FR,2.3333333333333335,Ineligible / Not Applicable,,5.0,3.0,0,25.0,4.0
FR1,FR,4.5,Ineligible / Not Applicable,,2.0,4.0,0,42.0,2.0
FRJ,FR,4.333333333333333,Don't Know,,5.0,4.0,0,22.0,0.0
FRF,FR,6.0,Valid Party Vote,1.0,5.0,1.0,0,59.0,0.0
FRK,FR,0.0,Ineligible / Not Applicable,,7.0,7.0,0,61.0,0.0
FRJ,FR,6.666666666666667,Ineligible / Not Applicable,,,7.0,1,34.0,0.0
FRL,FR,5.333333333333333,Valid Party Vote,0.0,7.0,6.0,0,43.0,0.0
FRC,FR,3.3333333333333335,Blank Ballot,0.0,1.0,2.0,1,69.0,0.0
FRC,FR,4.666666666666667,Ineligible / Not Applicable,,,5.0,1,38.0,0.0
FRJ,FR,2.0,Ineligible / Not Applicable,,2.0,1.0,1,68.0,0.0
FRG,FR,5.5,Ineligible / Not Applicable,,4.0,6.0,0,37.0,0.0
FRE,FR,5.0,Valid Party Vote,0.0,5.0,1.0,1,90.0,4.0
FRI,FR,2.3333333333333335,Valid Party Vote,0.0,0.0,3.0,0,69.0,0.0
FR1,FR,5.0,Refuse to Say,,,2.0,0,67.0,2.0
FRK,FR,2.3333333333333335,Ineligible / Not Applicable,,3.0,3.0,1,53.0,0.0
FRJ,FR,6.333333333333333,Valid Party Vote,0.0,3.0,3.0,1,82.0,0.0
FRE,FR,6.0,Ineligible / Not Applicable,,6.0,4.0,1,70.0,4.0
FRK,FR,5.0,Ineligible / Not Applicable,,5.0,3.0,0,58.0,0.0
FRC,FR,3.3333333333333335,Valid Party Vote,0.0,6.0,7.0,0,65.0,0.0
FRI,FR,6.333333333333333,Valid Party Vote,0.0,5.0,4.0,1,63.0,0.0
FRI,FR,3.3333333333333335,Valid Party Vote,0.0,5.0,4.0,1,21.0,0.0
FR1,FR,5.0,Valid Party Vote,0.0,5.0,4.0,1,20.0,2.0
FR1,FR,5.0,Valid Party Vote,0.0,8.0,7.0,1,28.0,2.0
FRL,FR,6.333333333333333,Valid Party Vote,1.0,4.0,7.0,1,29.0,0.0
FRE,FR,4.666666666666667,Ineligible / Not Applicable,,7.0,1.0,0,,4.0
FRL,FR,1.3333333333333333,Valid Party Vote,0.0,5.0,4.0,1,56.0,0.0
FRC,FR,5.333333333333333,Ineligible / Not Applicable,,7.0,5.0,1,61.0,0.0
FRB,FR,5.0,Valid Party Vote,0.0,8.0,3.0,1,79.0,0.0
FRI,FR,1.6666666666666667,Ineligible / Not Applicable,,0.0,4.0,1,41.0,0.0
FRL,FR,5.0,Ineligible / Not Applicable,,8.0,4.0,0,43.0,0.0
FRD,FR,3.3333333333333335,Ineligible / Not Applicable,,5.0,2.0,1,54.0,0.0
FRG,FR,7.0,Valid Party Vote,0.0,7.0,7.0,1,62.0,0.0
FRB,FR,6.0,Valid Party Vote,0.0,6.0,1.0,0,79.0,0.0
FRC,FR,6.666666666666667,Valid Party Vote,0.0,6.0,5.0,1,77.0,0.0
FRE,FR,2.0,Valid Party Vote,0.0,5.0,2.0,1,65.0,4.0
FRB,FR,1.6666666666666667,Ineligible / Not Applicable,,5.0,4.0,0,22.0,0.0
FRK,FR,1.6666666666666667,Ineligible / Not Applicable,,3.0,1.0,1,58.0,0.0
FRK,FR,1.0,Ineligible / Not Applicable,,1.0,6.0,1,41.0,0.0
FRL,FR,5.333333333333333,Valid Party Vote,0.0,5.0,7.0,1,58.0,0.0
FRF,FR,8.333333333333334,Valid Party Vote,0.0,1.0,3.0,0,28.0,0.0
FRI,FR,5.666666666666667,Valid Party Vote,0.0,5.0,7.0,0,76.0,0.0
FRL,FR,0.6666666666666666,Ineligible / Not Applicable,,7.0,5.0,1,32.0,0.0
FR1,FR,2.6666666666666665,Ineligible / Not Applicable,,7.0,4.0,0,42.0,2.0
FRC,FR,7.0,Ineligible / Not Applicable,,5.0,2.0,1,17.0,0.0
FRI,FR,6.666666666666667,Valid Party Vote,0.0,7.0,4.0,0,20.0,0.0
FRJ,FR,3.0,Ineligible / Not Applicable,,6.0,2.0,1,31.0,0.0
FR1,FR,1.3333333333333333,Ineligible / Not Applicable,,5.0,4.0,1,46.0,2.0
FR1,FR,2.3333333333333335,Ineligible / Not Applicable,,5.0,3.0,1,59.0,2.0
FR1,FR,4.0,Ineligible / Not Applicable,,5.0,3.0,0,59.0,2.0
FRE,FR,4.333333333333333,Valid Party Vote,0.0,8.0,7.0,1,60.0,4.0
FRE,FR,7.666666666666667,Valid Party Vote,1.0,3.0,6.0,0,39.0,4.0
FRE,FR,7.0,Valid Party Vote,0.0,7.0,7.0,0,68.0,4.0
FRB,FR,6.0,Don't Know,,6.0,6.0,1,46.0,0.0
FRI,FR,5.0,Ineligible / Not Applicable,,4.0,3.0,1,35.0,0.0
FRG,FR,0.6666666666666666,Ineligible / Not Applicable,,2.0,1.0,1,73.0,0.0
FRL,FR,3.3333333333333335,Don't Know,,8.0,6.0,0,28.0,0.0
FRE,FR,6.0,Ineligible / Not Applicable,,3.0,2.0,0,18.0,4.0
FRK,FR,4.666666666666667,Valid Party Vote,0.0,7.0,7.0,0,51.0,0.0
FR1,FR,4.666666666666667,Valid Party Vote,0.0,6.0,7.0,1,43.0,2.0
FR1,FR,2.0,Ineligible / Not Applicable,,5.0,1.0,1,16.0,2.0
FR1,FR,7.0,Valid Party Vote,0.0,5.0,5.0,0,61.0,2.0
FRJ,FR,4.333333333333333,Refuse to Say,,5.0,7.0,1,42.0,0.0
FRH,FR,2.6666666666666665,Valid Party Vote,0.0,5.0,1.0,1,53.0,0.0
FRF,FR,5.333333333333333,Valid Party Vote,0.0,10.0,4.0,0,60.0,0.0
FRE,FR,2.3333333333333335,Valid Party Vote,1.0,0.0,3.0,0,68.0,4.0
FR1,FR,6.333333333333333,Valid Party Vote,0.0,5.0,3.0,0,58.0,2.0
FRG,FR,5.666666666666667,Ineligible / Not Applicable,,8.0,7.0,0,67.0,0.0
FRK,FR,5.666666666666667,Valid Party Vote,0.0,7.0,7.0,1,24.0,0.0
FRE,FR,2.0,Ineligible / Not Applicable,,10.0,4.0,0,45.0,4.0
FRI,FR,5.666666666666667,Ineligible / Not Applicable,,,7.0,1,75.0,0.0
FRJ,FR,5.666666666666667,Valid Party Vote,1.0,3.0,7.0,1,49.0,0.0
FRL,FR,5.666666666666667,Ineligible / Not Applicable,,8.0,,0,50.0,0.0
FRF,FR,3.3333333333333335,Valid Party Vote,1.0,5.0,7.0,0,47.0,0.0
FRK,FR,7.333333333333333,Ineligible / Not Applicable,,5.0,6.0,1,52.0,0.0
FRC,FR,5.666666666666667,Valid Party Vote,1.0,4.0,4.0,1,63.0,0.0
FRK,FR,2.3333333333333335,Valid Party Vote,0.0,3.0,7.0,0,77.0,0.0
FR1,FR,5.0,Valid Party Vote,0.0,6.0,7.0,1,28.0,2.0
FRD,FR,0.6666666666666666,Valid Party Vote,1.0,5.0,3.0,1,72.0,0.0
FRJ,FR,5.333333333333333,Valid Party Vote,0.0,6.0,5.0,1,60.0,0.0
FR1,FR,5.333333333333333,Valid Party Vote,0.0,5.0,5.0,1,27.0,2.0
FRK,FR,6.0,Valid Party Vote,1.0,3.0,3.0,1,40.0,0.0
FRF,FR,1.6666666666666667,Valid Party Vote,1.0,5.0,3.0,0,26.0,0.0
FRK,FR,5.666666666666667,Valid Party Vote,0.0,6.0,1.0,1,90.0,0.0
FRK,FR,5.333333333333333,Ineligible / Not Applicable,,5.0,2.0,1,16.0,0.0
FRJ,FR,6.0,Valid Party Vote,0.0,2.0,7.0,0,70.0,0.0
FRH,FR,7.0,Valid Party Vote,0.0,10.0,2.0,1,32.0,0.0
FRE,FR,0.3333333333333333,Valid Party Vote,1.0,6.0,1.0,1,60.0,4.0
FRK,FR,4.333333333333333,Ineligible / Not Applicable,,8.0,7.0,0,49.0,0.0
FRJ,FR,6.333333333333333,Valid Party Vote,0.0,6.0,3.0,0,57.0,0.0
FRI,FR,1.3333333333333333,Valid Party Vote,0.0,2.0,1.0,1,82.0,0.0
FRD,FR,5.333333333333333,Valid Party Vote,0.0,5.0,5.0,1,52.0,0.0
FRE,FR,6.666666666666667,Valid Party Vote,0.0,6.0,6.0,1,88.0,4.0
FRK,FR,2.6666666666666665,Valid Party Vote,0.0,4.0,5.0,0,87.0,0.0
FR1,FR,2.3333333333333335,Ineligible / Not Applicable,,5.0,1.0,0,68.0,2.0
FRJ,FR,0.0,Valid Party Vote,1.0,7.0,5.0,0,50.0,0.0
FRD,FR,3.3333333333333335,Ineligible / Not Applicable,,8.0,5.0,1,61.0,0.0
FRH,FR,6.333333333333333,Valid Party Vote,0.0,5.0,7.0,1,50.0,0.0
FRK,FR,0.6666666666666666,Valid Party Vote,1.0,5.0,5.0,0,71.0,0.0
FRI,FR,4.333333333333333,Don't Know,,6.0,5.0,1,72.0,0.0
FRK,FR,1.6666666666666667,Valid Party Vote,1.0,2.0,3.0,1,69.0,0.0
FRJ,FR,4.333333333333333,Don't Know,,8.0,5.0,1,50.0,0.0
FRI,FR,6.333333333333333,Valid Party Vote,0.0,5.0,5.0,0,20.0,0.0
FR1,FR,4.666666666666667,Ineligible / Not Applicable,,5.0,5.0,1,32.0,2.0
FRF,FR,4.666666666666667,Valid Party Vote,1.0,3.0,1.0,0,80.0,0.0
FRJ,FR,3.3333333333333335,Valid Party Vote,1.0,5.0,6.0,1,29.0,0.0
FRF,FR,3.6666666666666665,Ineligible / Not Applicable,,8.0,6.0,0,30.0,0.0
FRH,FR,0.0,Valid Party Vote,0.0,1.0,2.0,1,52.0,0.0
FRE,FR,1.0,Invalid Ballot,0.0,5.0,7.0,1,59.0,4.0
FRC,FR,3.3333333333333335,Ineligible / Not Applicable,,5.0,2.0,0,17.0,0.0
FRF,FR,8.333333333333334,Valid Party Vote,1.0,4.0,5.0,0,20.0,0.0
FRK,FR,1.6666666666666667,Ineligible / Not Applicable,,5.0,4.0,1,30.0,0.0
FRI,FR,4.333333333333333,Refuse to Say,,2.0,3.0,0,76.0,0.0
FRK,FR,3.6666666666666665,Ineligible / Not Applicable,,7.0,2.0,0,16.0,0.0
FRL,FR,6.666666666666667,Valid Party Vote,0.0,7.0,7.0,1,45.0,0.0
FR1,FR,5.666666666666667,Ineligible / Not Applicable,,7.0,2.0,0,16.0,2.0
FRB,FR,2.3333333333333335,Valid Party Vote,1.0,2.0,7.0,1,55.0,0.0
FRG,FR,5.0,Ineligible / Not Applicable,,5.0,3.0,0,63.0,0.0
FRH,FR,5.666666666666667,Valid Party Vote,0.0,5.0,5.0,0,48.0,0.0
FRK,FR,1.6666666666666667,Ineligible / Not Applicable,,0.0,4.0,1,53.0,0.0
FRI,FR,3.3333333333333335,Valid Party Vote,1.0,0.0,3.0,1,65.0,0.0
FRI,FR,5.666666666666667,Ineligible / Not Applicable,,8.0,7.0,1,42.0,0.0
FRL,FR,5.0,Ineligible / Not Applicable,,6.0,6.0,1,49.0,0.0
FRL,FR,0.0,Valid Party Vote,1.0,0.0,7.0,0,85.0,0.0
FR1,FR,6.666666666666667,Ineligible / Not Applicable,,7.0,2.0,1,63.0,2.0
FRJ,FR,1.0,Ineligible / Not Applicable,,0.0,3.0,0,51.0,0.0
FR1,FR,5.333333333333333,Valid Party Vote,0.0,5.0,7.0,1,67.0,2.0
FRH,FR,7.0,Ineligible / Not Applicable,,6.0,1.0,1,55.0,0.0
FRI,FR,6.666666666666667,Valid Party Vote,0.0,3.0,1.0,1,67.0,0.0
FRD,FR,0.6666666666666666,Ineligible / Not Applicable,,5.0,4.0,0,22.0,0.0
FR1,FR,3.3333333333333335,Valid Party Vote,1.0,5.0,5.0,0,52.0,2.0
FR1,FR,6.0,Valid Party Vote,0.0,7.0,7.0,0,61.0,2.0
FR1,FR,4.666666666666667,Ineligible / Not Applicable,,5.0,4.0,1,65.0,2.0
FRJ,FR,5.666666666666667,Valid Party Vote,0.0,5.0,7.0,0,54.0,0.0
FRK,FR,3.6666666666666665,Valid Party Vote,0.0,6.0,7.0,1,44.0,0.0
FRK,FR,1.6666666666666667,Blank Ballot,0.0,4.0,2.0,1,76.0,0.0
FRC,FR,8.0,Ineligible / Not Applicable,,,6.0,1,78.0,0.0
FR1,FR,4.333333333333333,Valid Party Vote,1.0,5.0,7.0,0,85.0,2.0
FRE,FR,0.0,Ineligible / Not Applicable,,2.0,7.0,0,37.0,4.0
FRL,FR,4.666666666666667,Valid Party Vote,0.0,3.0,5.0,1,57.0,0.0
FRI,FR,4.0,Valid Party Vote,0.0,5.0,6.0,1,37.0,0.0
FR1,FR,7.0,Ineligible / Not Applicable,,8.0,7.0,1,31.0,2.0
FRK,FR,3.0,Blank Ballot,0.0,5.0,2.0,0,81.0,0.0
FRL,FR,3.0,Ineligible / Not Applicable,,5.0,4.0,1,60.0,0.0
FRB,FR,2.3333333333333335,Valid Party Vote,1.0,,3.0,1,68.0,0.0
FRC,FR,0.6666666666666666,Ineligible / Not Applicable,,5.0,4.0,0,22.0,0.0
FRG,FR,5.666666666666667,Blank Ballot,0.0,5.0,5.0,0,45.0,0.0
FRH,FR,0.3333333333333333,Ineligible / Not Applicable,,8.0,4.0,1,57.0,0.0
FRJ,FR,6.0,Valid Party Vote,0.0,7.0,3.0,1,62.0,0.0
FR1,FR,3.3333333333333335,Valid Party Vote,0.0,5.0,7.0,1,46.0,2.0
FR1,FR,5.666666666666667,Ineligible / Not Applicable,,7.0,4.0,0,18.0,2.0
FRE,FR,1.6666666666666667,Ineligible / Not Applicable,,4.0,3.0,1,32.0,4.0
FRC,FR,3.3333333333333335,Ineligible / Not Applicable,,6.0,5.0,0,36.0,0.0
FRF,FR,3.3333333333333335,Ineligible / Not Applicable,,,5.0,1,54.0,0.0
FRE,FR,3.3333333333333335,Valid Party Vote,1.0,2.0,4.0,0,47.0,4.0
FRK,FR,4.5,Don't Know,,5.0,3.0,0,66.0,0.0
FRI,FR,4.666666666666667,Valid Party Vote,0.0,5.0,4.0,1,72.0,0.0
FRK,FR,4.333333333333333,Ineligible / Not Applicable,,9.0,7.0,1,43.0,0.0
FRK,FR,3.3333333333333335,Valid Party Vote,0.0,3.0,5.0,0,74.0,0.0
FRH,FR,7.666666666666667,Valid Party Vote,0.0,6.0,5.0,0,28.0,0.0
FRF,FR,4.333333333333333,Valid Party Vote,0.0,9.0,4.0,1,69.0,0.0
FRB,FR,0.3333333333333333,Ineligible / Not Applicable,,0.0,3.0,1,70.0,0.0
FRK,FR,3.3333333333333335,Valid Party Vote,0.0,5.0,2.0,0,81.0,0.0
FRB,FR,6.333333333333333,Ineligible / Not Applicable,,7.0,7.0,0,26.0,0.0
FRD,FR,4.666666666666667,Ineligible / Not Applicable,,5.0,7.0,1,25.0,0.0
FRK,FR,2.6666666666666665,Valid Party Vote,0.0,5.0,3.0,0,71.0,0.0
FRB,FR,5.333333333333333,Valid Party Vote,0.0,7.0,6.0,0,39.0,0.0
FRJ,FR,4.0,Ineligible / Not Applicable,,6.0,2.0,1,16.0,0.0
FRK,FR,3.0,Valid Party Vote,1.0,5.0,3.0,0,68.0,0.0
FR1,FR,4.0,Ineligible / Not Applicable,,6.0,7.0,1,63.0,2.0
FRC,FR,7.0,Valid Party Vote,0.0,7.0,5.0,1,51.0,0.0
FRL,FR,4.0,Valid Party Vote,0.0,7.0,6.0,0,20.0,0.0
FRC,FR,1.0,Ineligible / Not Applicable,,5.0,6.0,0,28.0,0.0
FRI,FR,3.3333333333333335,Don't Know,,8.0,7.0,0,46.0,0.0
FRI,FR,5.0,Don't Know,,5.0,5.0,1,45.0,0.0
FRG,FR,5.333333333333333,Valid Party Vote,0.0,5.0,4.0,0,66.0,0.0
FRK,FR,2.3333333333333335,Blank Ballot,0.0,2.0,3.0,1,72.0,0.0
FRK,FR,3.6666666666666665,Valid Party Vote,0.0,5.0,4.0,1,51.0,0.0
FRL,FR,3.6666666666666665,Valid Party Vote,1.0,3.0,7.0,1,54.0,0.0
FRE,FR,3.0,Valid Party Vote,1.0,1.0,4.0,0,40.0,4.0
FRE,FR,4.666666666666667,Ineligible / Not Applicable,,8.0,2.0,0,19.0,4.0
FRC,FR,5.0,Ineligible / Not Applicable,,6.0,5.0,1,55.0,0.0
FRF,FR,5.0,Valid Party Vote,0.0,7.0,5.0,1,69.0,0.0
FRF,FR,4.666666666666667,Ineligible / Not Applicable,,2.0,1.0,1,64.0,0.0
FRI,FR,7.0,Ineligible / Not Applicable,,5.0,7.0,1,85.0,0.0
FRB,FR,6.0,Valid Party Vote,1.0,0.0,4.0,0,26.0,0.0
FRL,FR,1.6666666666666667,Ineligible / Not Applicable,,3.0,5.0,0,41.0,0.0
FRD,FR,0.0,Valid Party Vote,0.0,5.0,4.0,0,72.0,0.0
FRI,FR,5.333333333333333,Ineligible / Not Applicable,,7.0,4.0,0,48.0,0.0
FR1,FR,5.333333333333333,Valid Party Vote,0.0,6.0,4.0,1,76.0,2.0
FRI,FR,3.0,Valid Party Vote,0.0,3.0,3.0,0,72.0,0.0
FRH,FR,4.666666666666667,Ineligible / Not Applicable,,5.0,3.0,0,60.0,0.0
FRG,FR,5.333333333333333,Ineligible / Not Applicable,,0.0,1.0,1,75.0,0.0
FRI,FR,5.666666666666667,Ineligible / Not Applicable,,3.0,3.0,0,18.0,0.0
FR1,FR,6.666666666666667,Ineligible / Not Applicable,,6.0,,1,42.0,2.0
FR1,FR,1.0,Ineligible / Not Applicable,,5.0,3.0,0,24.0,2.0
FRF,FR,3.6666666666666665,Ineligible / Not Applicable,,0.0,1.0,0,47.0,0.0
FRI,FR,4.333333333333333,Valid Party Vote,0.0,2.0,2.0,1,79.0,0.0
FRK,FR,4.0,Refuse to Say,,3.0,1.0,0,63.0,0.0
FRJ,FR,5.333333333333333,Ineligible / Not Applicable,,7.0,3.0,1,58.0,0.0
FRI,FR,6.333333333333333,Ineligible / Not Applicable,,6.0,6.0,1,35.0,0.0
FRD,FR,3.0,Valid Party Vote,1.0,2.0,4.0,0,63.0,0.0
FRF,FR,0.0,Ineligible / Not Applicable,,0.0,3.0,1,63.0,0.0
FRH,FR,5.0,Valid Party Vote,0.0,5.0,7.0,1,72.0,0.0
FRH,FR,6.666666666666667,Ineligible / Not Applicable,,5.0,4.0,0,62.0,0.0
FRI,FR,5.0,Valid Party Vote,0.0,9.0,4.0,0,55.0,0.0
FRE,FR,6.666666666666667,Valid Party Vote,0.0,4.0,3.0,1,59.0,4.0
FRK,FR,6.333333333333333,Valid Party Vote,0.0,8.0,4.0,0,66.0,0.0
FRE,FR,5.333333333333333,Valid Party Vote,0.0,7.0,6.0,0,69.0,4.0
FRE,FR,5.333333333333333,Valid Party Vote,0.0,5.0,7.0,1,57.0,4.0
FRD,FR,5.333333333333333,Valid Party Vote,0.0,5.0,1.0,0,80.0,0.0
FRF,FR,4.666666666666667,Valid Party Vote,1.0,0.0,5.0,0,71.0,0.0
FRF,FR,4.0,Valid Party Vote,0.0,5.0,3.0,1,83.0,0.0
FRK,FR,6.0,Valid Party Vote,0.0,9.0,7.0,1,39.0,0.0
FRJ,FR,3.6666666666666665,Valid Party Vote,0.0,7.0,5.0,1,77.0,0.0
FRI,FR,7.0,Ineligible / Not Applicable,,4.0,4.0,1,73.0,0.0
FRI,FR,6.666666666666667,Valid Party Vote,0.0,8.0,7.0,0,46.0,0.0
FRE,FR,0.0,Valid Party Vote,1.0,0.0,5.0,0,58.0,4.0
FRK,FR,4.0,Ineligible / Not Applicable,,4.0,3.0,1,66.0,0.0
FRK,FR,3.0,Blank Ballot,0.0,4.0,2.0,0,77.0,0.0
FR1,FR,5.666666666666667,Ineligible / Not Applicable,,5.0,2.0,0,17.0,2.0
FRI,FR,6.666666666666667,Ineligible / Not Applicable,,5.0,2.0,1,17.0,0.0
FRJ,FR,7.0,Valid Party Vote,1.0,0.0,1.0,1,71.0,0.0
FRF,FR,7.333333333333333,Valid Party Vote,0.0,5.0,4.0,1,74.0,0.0
FRJ,FR,4.666666666666667,Valid Party Vote,0.0,7.0,3.0,0,70.0,0.0
FRI,FR,4.0,Valid Party Vote,0.0,5.0,7.0,0,71.0,0.0
FRG,FR,3.3333333333333335,Valid Party Vote,1.0,2.0,5.0,0,48.0,0.0
FRG,FR,4.666666666666667,Ineligible / Not Applicable,,5.0,2.0,1,18.0,0.0
FRJ,FR,5.0,Don't Know,,3.0,3.0,0,56.0,0.0
FRE,FR,3.6666666666666665,Ineligible / Not Applicable,,3.0,4.0,1,22.0,4.0
FRK,FR,1.6666666666666667,Ineligible / Not Applicable,,5.0,5.0,1,51.0,0.0
FRH,FR,0.6666666666666666,Blank Ballot,0.0,5.0,5.0,1,79.0,0.0
FRL,FR,3.0,Ineligible / Not Applicable,,5.0,2.0,0,17.0,0.0
FRE,FR,2.0,Valid Party Vote,0.0,5.0,5.0,1,32.0,4.0
FR1,FR,6.0,Valid Party Vote,0.0,5.0,7.0,0,52.0,2.0
FR1,FR,4.666666666666667,Ineligible / Not Applicable,,9.0,2.0,1,16.0,2.0
FRK,FR,0.6666666666666666,Ineligible / Not Applicable,,9.0,4.0,0,39.0,0.0
FRI,FR,2.3333333333333335,Valid Party Vote,1.0,1.0,4.0,0,53.0,0.0
FRI,FR,5.0,Valid Party Vote,0.0,5.0,5.0,0,75.0,0.0
FRK,FR,4.666666666666667,Don't Know,,5.0,7.0,0,77.0,0.0
FRF,FR,5.0,Ineligible / Not Applicable,,5.0,5.0,1,39.0,0.0
FRE,FR,5.0,Refuse to Say,,5.0,1.0,0,74.0,4.0
FRF,FR,6.0,Valid Party Vote,0.0,7.0,1.0,0,80.0,0.0
FRC,FR,5.333333333333333,Ineligible / Not Applicable,,8.0,4.0,0,33.0,0.0
FRB,FR,6.0,Ineligible / Not Applicable,,7.0,5.0,1,60.0,0.0
FRE,FR,3.0,Ineligible / Not Applicable,,5.0,2.0,1,17.0,4.0
FR1,FR,4.333333333333333,Valid Party Vote,0.0,5.0,6.0,1,46.0,2.0
FR1,FR,3.0,Valid Party Vote,0.0,7.0,7.0,0,28.0,2.0
FRK,FR,5.666666666666667,Valid Party Vote,0.0,10.0,4.0,0,77.0,0.0
FRL,FR,3.3333333333333335,Valid Party Vote,0.0,10.0,7.0,0,67.0,0.0
FRC,FR,5.0,Ineligible / Not Applicable,,4.0,4.0,1,44.0,0.0
FR1,FR,0.3333333333333333,Ineligible / Not Applicable,,10.0,4.0,1,38.0,2.0
FRI,FR,4.333333333333333,Ineligible / Not Applicable,,5.0,5.0,1,29.0,0.0
FRD,FR,3.0,Ineligible / Not Applicable,,5.0,4.0,1,19.0,0.0
FRK,FR,2.6666666666666665,Ineligible / Not Applicable,,5.0,3.0,0,26.0,0.0
FRF,FR,2.0,Ineligible / Not Applicable,,5.0,3.0,1,36.0,0.0
FRF,FR,2.6666666666666665,Valid Party Vote,0.0,7.0,4.0,1,43.0,0.0
FRC,FR,0.0,Ineligible / Not Applicable,,10.0,3.0,1,19.0,0.0
FRF,FR,4.0,Valid Party Vote,0.0,1.0,6.0,0,53.0,0.0
FRJ,FR,4.666666666666667,Valid Party Vote,0.0,5.0,7.0,0,46.0,0.0
FRK,FR,5.333333333333333,Ineligible / Not Applicable,,8.0,4.0,1,18.0,0.0
FRD,FR,1.3333333333333333,Ineligible / Not Applicable,,3.0,6.0,0,31.0,0.0
FRK,FR,7.0,Ineligible / Not Applicable,,5.0,2.0,1,17.0,0.0
FRJ,FR,6.333333333333333,Valid Party Vote,0.0,7.0,4.0,1,69.0,0.0
FRL,FR,3.3333333333333335,Valid Party Vote,1.0,6.0,4.0,0,61.0,0.0
FR1,FR,3.3333333333333335,Valid Party Vote,0.0,4.0,3.0,1,55.0,2.0
FRL,FR,6.0,Valid Party Vote,0.0,6.0,3.0,1,81.0,0.0
FRF,FR,1.0,Valid Party Vote,0.0,0.0,3.0,1,53.0,0.0
FRE,FR,2.6666666666666665,Valid Party Vote,0.0,5.0,4.0,0,54.0,4.0
FR1,FR,5.333333333333333,Valid Party Vote,0.0,5.0,6.0,0,22.0,2.0
FRL,FR,3.6666666666666665,Valid Party Vote,0.0,8.0,3.0,1,67.0,0.0
FRC,FR,3.3333333333333335,Ineligible / Not Applicable,,5.0,1.0,1,79.0,0.0
FRF,FR,5.666666666666667,Valid Party Vote,0.0,5.0,7.0,0,68.0,0.0
FR1,FR,8.0,Ineligible / Not Applicable,,8.0,2.0,0,17.0,2.0
FRB,FR,1.6666666666666667,Ineligible / Not Applicable,,4.0,3.0,1,49.0,0.0
FRI,FR,7.666666666666667,Valid Party Vote,0.0,5.0,5.0,0,60.0,0.0
FRF,FR,5.666666666666667,Blank Ballot,0.0,5.0,3.0,1,62.0,0.0
FRG,FR,3.6666666666666665,Ineligible / Not Applicable,,5.0,2.0,0,17.0,0.0
FRI,FR,5.0,Valid Party Vote,0.0,7.0,4.0,0,28.0,0.0
FR1,FR,5.666666666666667,Valid Party Vote,0.0,3.0,4.0,1,56.0,2.0
FRH,FR,5.0,Ineligible / Not Applicable,,4.0,1.0,1,76.0,0.0
FRK,FR,4.666666666666667,Valid Party Vote,0.0,5.0,3.0,0,76.0,0.0
FRK,FR,4.666666666666667,Ineligible / Not Applicable,,6.0,7.0,0,40.0,0.0
FRG,FR,1.3333333333333333,Don't Know,,5.0,5.0,1,51.0,0.0
FRE,FR,6.666666666666667,Ineligible / Not Applicable,,4.0,1.0,0,72.0,4.0
FRG,FR,7.333333333333333,Ineligible / Not Applicable,,10.0,4.0,0,62.0,0.0
FRF,FR,3.3333333333333335,Valid Party Vote,1.0,0.0,3.0,0,66.0,0.0
FRB,FR,6.0,Ineligible / Not Applicable,,1.0,3.0,0,36.0,0.0
FRK,FR,4.666666666666667,Valid Party Vote,0.0,6.0,3.0,1,46.0,0.0
FRL,FR,1.0,Valid Party Vote,1.0,0.0,7.0,0,28.0,0.0
FRK,FR,5.666666666666667,Valid Party Vote,0.0,7.0,7.0,0,32.0,0.0
FRG,FR,4.666666666666667,Ineligible / Not Applicable,,5.0,7.0,1,49.0,0.0
FRB,FR,1.0,Ineligible / Not Applicable,,8.0,3.0,0,33.0,0.0
FRG,FR,6.0,Ineligible / Not Applicable,,6.0,2.0,0,17.0,0.0
FRI,FR,4.0,Valid Party Vote,0.0,8.0,6.0,1,39.0,0.0
FRE,FR,5.333333333333333,Refuse to Say,,5.0,3.0,1,53.0,4.0
FRE,FR,6.333333333333333,Valid Party Vote,1.0,10.0,4.0,1,55.0,4.0
FRJ,FR,2.6666666666666665,Refuse to Say,,,4.0,0,69.0,0.0
FRI,FR,5.0,Don't Know,,5.0,4.0,1,69.0,0.0
FRK,FR,5.666666666666667,Ineligible / Not Applicable,,5.0,3.0,0,60.0,0.0
FR1,FR,5.333333333333333,Valid Party Vote,0.0,5.0,7.0,0,57.0,2.0
FRF,FR,2.3333333333333335,Valid Party Vote,0.0,4.0,3.0,0,64.0,0.0
FRH,FR,3.6666666666666665,Ineligible / Not Applicable,,5.0,2.0,0,19.0,0.0
FRH,FR,3.6666666666666665,Valid Party Vote,0.0,6.0,7.0,1,28.0,0.0
FRH,FR,2.0,Ineligible / Not Applicable,,0.0,4.0,1,68.0,0.0
FRK,FR,5.0,Ineligible / Not Applicable,,7.0,4.0,1,20.0,0.0
FRK,FR,1.0,Ineligible / Not Applicable,,5.0,2.0,0,18.0,0.0
FRE,FR,8.0,Don't Know,,5.0,2.0,1,57.0,4.0
FR1,FR,2.3333333333333335,Ineligible / Not Applicable,,3.0,5.0,0,32.0,2.0
FRI,FR,4.666666666666667,Valid Party Vote,0.0,7.0,3.0,0,23.0,0.0
FRK,FR,4.0,Ineligible / Not Applicable,,4.0,7.0,1,38.0,0.0
FRK,FR,2.6666666666666665,Ineligible / Not Applicable,,0.0,4.0,1,63.0,0.0
FRG,FR,5.666666666666667,Ineligible / Not Applicable,,5.0,4.0,0,18.0,0.0
FRH,FR,9.0,Valid Party Vote,0.0,7.0,4.0,1,72.0,0.0
FRK,FR,1.6666666666666667,Refuse to Say,,7.0,4.0,1,43.0,0.0
FRK,FR,5.666666666666667,Ineligible / Not Applicable,,5.0,3.0,1,89.0,0.0
FRB,FR,6.333333333333333,Refuse to Say,,3.0,2.0,1,77.0,0.0
FRH,FR,3.6666666666666665,Valid Party Vote,0.0,7.0,6.0,1,23.0,0.0
FRL,FR,4.333333333333333,Ineligible / Not Applicable,,3.0,1.0,0,76.0,0.0
FRL,FR,4.333333333333333,Refuse to Say,,5.0,2.0,0,36.0,0.0
FRE,FR,3.3333333333333335,Ineligible / Not Applicable,,5.0,3.0,1,26.0,4.0
FRJ,FR,3.0,Ineligible / Not Applicable,,5.0,1.0,1,71.0,0.0
FRK,FR,2.0,Blank Ballot,0.0,5.0,4.0,1,66.0,0.0
FRJ,FR,5.666666666666667,Valid Party Vote,1.0,5.0,4.0,0,27.0,0.0
FR1,FR,5.5,Ineligible / Not Applicable,,7.0,6.0,1,27.0,2.0
FRF,FR,4.0,Ineligible / Not Applicable,,4.0,7.0,1,35.0,0.0
FRK,FR,0.0,Ineligible / Not Applicable,,5.0,1.0,0,75.0,0.0
FRB,FR,2.0,Don't Know,,6.0,6.0,0,33.0,0.0
FRB,FR,5.0,Don't Know,,5.0,5.0,1,41.0,0.0
FRJ,FR,1.3333333333333333,Refuse to Say,,8.0,3.0,1,72.0,0.0
FR1,FR,1.3333333333333333,Valid Party Vote,0.0,5.0,7.0,1,36.0,2.0
FRD,FR,2.6666666666666665,Valid Party Vote,0.0,3.0,1.0,1,85.0,0.0
FRK,FR,1.0,Ineligible / Not Applicable,,0.0,4.0,1,60.0,0.0
FRG,FR,4.333333333333333,Valid Party Vote,0.0,5.0,5.0,0,48.0,0.0
FRF,FR,6.333333333333333,Valid Party Vote,0.0,5.0,7.0,1,54.0,0.0
FRE,FR,4.333333333333333,Ineligible / Not Applicable,,6.0,4.0,1,73.0,4.0
FRD,FR,1.3333333333333333,Valid Party Vote,0.0,8.0,3.0,0,60.0,0.0
FRC,FR,3.6666666666666665,Ineligible / Not Applicable,,6.0,3.0,0,61.0,0.0
FRE,FR,2.3333333333333335,Ineligible / Not Applicable,,9.0,7.0,1,35.0,4.0
FRJ,FR,2.6666666666666665,Valid Party Vote,0.0,5.0,5.0,1,85.0,0.0
FRJ,FR,4.0,Ineligible / Not Applicable,,5.0,7.0,0,49.0,0.0
FRK,FR,2.6666666666666665,Ineligible / Not Applicable,,5.0,5.0,0,36.0,0.0
FRI,FR,2.6666666666666665,Valid Party Vote,1.0,0.0,6.0,0,79.0,0.0
FRL,FR,3.6666666666666665,Don't Know,,3.0,6.0,1,20.0,0.0
FRG,FR,7.0,Valid Party Vote,0.0,7.0,5.0,0,45.0,0.0
FRJ,FR,5.0,Valid Party Vote,0.0,5.0,7.0,1,61.0,0.0
FRG,FR,4.0,Ineligible / Not Applicable,,6.0,3.0,0,53.0,0.0
FRI,FR,5.333333333333333,Valid Party Vote,0.0,7.0,5.0,1,43.0,0.0
FRF,FR,4.333333333333333,Ineligible / Not Applicable,,7.0,4.0,1,65.0,0.0
FRL,FR,6.0,Refuse to Say,,5.0,4.0,0,50.0,0.0
FRK,FR,5.0,Valid Party Vote,0.0,5.0,5.0,1,65.0,0.0
FRC,FR,4.666666666666667,Ineligible / Not Applicable,,6.0,7.0,1,52.0,0.0
FRL,FR,3.6666666666666665,Valid Party Vote,1.0,5.0,4.0,1,72.0,0.0
FRK,FR,6.333333333333333,Ineligible / Not Applicable,,8.0,2.0,0,16.0,0.0
FRK,FR,0.0,Ineligible / Not Applicable,,5.0,3.0,1,57.0,0.0
FRK,FR,3.0,Ineligible / Not Applicable,,3.0,5.0,0,28.0,0.0
FRF,FR,5.666666666666667,Ineligible / Not Applicable,,3.0,4.0,1,65.0,0.0
FRD,FR,0.0,Ineligible / Not Applicable,,5.0,4.0,1,25.0,0.0
FRE,FR,4.666666666666667,Valid Party Vote,1.0,1.0,7.0,1,58.0,4.0
FRE,FR,3.3333333333333335,Valid Party Vote,1.0,5.0,5.0,1,50.0,4.0
FR1,FR,4.0,Ineligible / Not Applicable,,5.0,6.0,1,30.0,2.0
FRJ,FR,10.0,Ineligible / Not Applicable,,5.0,2.0,1,16.0,0.0
FRJ,FR,4.666666666666667,Ineligible / Not Applicable,,5.0,4.0,0,46.0,0.0
FRB,FR,5.0,Valid Party Vote,0.0,4.0,3.0,0,75.0,0.0
FR1,FR,5.666666666666667,Valid Party Vote,0.0,8.0,7.0,0,36.0,2.0
FRG,FR,6.0,Valid Party Vote,0.0,5.0,3.0,0,76.0,0.0
FRK,FR,1.0,Ineligible / Not Applicable,,5.0,5.0,0,35.0,0.0
FRE,FR,4.666666666666667,Valid Party Vote,0.0,6.0,5.0,0,35.0,4.0
FRB,FR,3.0,Ineligible / Not Applicable,,1.0,4.0,0,36.0,0.0
FRE,FR,2.6666666666666665,Valid Party Vote,1.0,2.0,4.0,0,42.0,4.0
FRK,FR,6.333333333333333,Ineligible / Not Applicable,,7.0,5.0,1,71.0,0.0
FRB,FR,4.0,Valid Party Vote,0.0,6.0,1.0,0,89.0,0.0
FRF,FR,6.333333333333333,Valid Party Vote,0.0,3.0,5.0,1,63.0,0.0
FRI,FR,7.0,Ineligible / Not Applicable,,4.0,7.0,0,58.0,0.0
FRK,FR,2.6666666666666665,Ineligible / Not Applicable,,2.0,2.0,0,41.0,0.0
FRI,FR,5.0,Valid Party Vote,0.0,5.0,3.0,1,59.0,0.0
FRI,FR,2.3333333333333335,Ineligible / Not Applicable,,5.0,2.0,1,78.0,0.0
FRC,FR,4.0,Ineligible / Not Applicable,,5.0,4.0,0,19.0,0.0
FR1,FR,6.0,Ineligible / Not Applicable,,5.0,5.0,1,26.0,2.0
FRG,FR,3.0,Ineligible / Not Applicable,,4.0,6.0,0,34.0,0.0
FR1,FR,2.6666666666666665,Ineligible / Not Applicable,,5.0,4.0,1,34.0,2.0
FRD,FR,8.0,Valid Party Vote,0.0,9.0,7.0,1,34.0,0.0
FRK,FR,5.666666666666667,Valid Party Vote,0.0,5.0,7.0,1,46.0,0.0
FRE,FR,5.333333333333333,Ineligible / Not Applicable,,5.0,3.0,1,25.0,4.0
FRK,FR,6.0,Valid Party Vote,0.0,10.0,7.0,1,55.0,0.0
FRF,FR,0.3333333333333333,Refuse to Say,,,4.0,1,71.0,0.0
FRC,FR,7.666666666666667,Valid Party Vote,0.0,5.0,5.0,1,57.0,0.0
FRG,FR,4.0,Ineligible / Not Applicable,,5.0,3.0,1,63.0,0.0
FRK,FR,6.666666666666667,Valid Party Vote,0.0,10.0,7.0,0,67.0,0.0
FRK,FR,0.0,Ineligible / Not Applicable,,4.0,2.0,0,69.0,0.0
FRL,FR,4.666666666666667,Valid Party Vote,0.0,5.0,7.0,1,71.0,0.0
FRB,FR,6.0,Ineligible / Not Applicable,,6.0,4.0,1,19.0,0.0
FRF,FR,5.333333333333333,Ineligible / Not Applicable,,4.0,7.0,0,39.0,0.0
FRJ,FR,6.0,Ineligible / Not Applicable,,8.0,5.0,0,45.0,0.0
FR1,FR,4.666666666666667,Valid Party Vote,0.0,7.0,7.0,0,67.0,2.0
FRJ,FR,6.666666666666667,Valid Party Vote,1.0,4.0,5.0,0,58.0,0.0
FRE,FR,6.0,Ineligible / Not Applicable,,5.0,5.0,0,22.0,4.0
FRL,FR,6.666666666666667,Ineligible / Not Applicable,,5.0,4.0,0,19.0,0.0
FR1,FR,0.0,Ineligible / Not Applicable,,5.0,5.0,0,21.0,2.0
FRI,FR,5.0,Valid Party Vote,0.0,6.0,5.0,1,70.0,0.0
FR1,FR,1.3333333333333333,Valid Party Vote,0.0,5.0,3.0,1,72.0,2.0
FRL,FR,4.666666666666667,Valid Party Vote,0.0,7.0,7.0,0,42.0,0.0
FRC,FR,2.6666666666666665,Blank Ballot,0.0,3.0,3.0,0,76.0,0.0
FRJ,FR,6.666666666666667,Valid Party Vote,0.0,5.0,7.0,0,57.0,0.0
FRK,FR,0.0,Ineligible / Not Applicable,,0.0,1.0,0,67.0,0.0
FRI,FR,7.0,Ineligible / Not Applicable,,5.0,4.0,1,19.0,0.0
FRI,FR,0.3333333333333333,Ineligible / Not Applicable,,1.0,1.0,1,76.0,0.0
FRK,FR,3.6666666666666665,Don't Know,,5.0,3.0,1,53.0,0.0
FRI,FR,5.0,Ineligible / Not Applicable,,5.0,3.0,0,52.0,0.0
FRG,FR,5.0,Valid Party Vote,0.0,5.0,3.0,1,61.0,0.0
FRC,FR,5.666666666666667,Ineligible / Not Applicable,,7.0,4.0,0,20.0,0.0
FR1,FR,4.666666666666667,Valid Party Vote,0.0,5.0,7.0,0,33.0,2.0
FR1,FR,0.6666666666666666,Ineligible / Not Applicable,,5.0,3.0,1,32.0,2.0
FRF,FR,5.333333333333333,Valid Party Vote,0.0,5.0,6.0,1,62.0,0.0
FRE,FR,3.3333333333333335,Valid Party Vote,0.0,7.0,3.0,1,67.0,4.0
FRI,FR,3.3333333333333335,Refuse to Say,,0.0,3.0,0,75.0,0.0
FRL,FR,4.333333333333333,Ineligible / Not Applicable,,5.0,1.0,0,79.0,0.0
FR1,FR,3.6666666666666665,Valid Party Vote,0.0,5.0,7.0,1,35.0,2.0
FRK,FR,6.333333333333333,Valid Party Vote,0.0,5.0,7.0,1,48.0,0.0
FRE,FR,2.0,Ineligible / Not Applicable,,0.0,4.0,0,64.0,4.0
FRI,FR,4.0,Refuse to Say,,5.0,3.0,0,66.0,0.0
FRK,FR,3.6666666666666665,Ineligible / Not Applicable,,5.0,2.0,1,61.0,0.0
FRH,FR,4.0,Valid Party Vote,0.0,7.0,7.0,0,32.0,0.0
FRC,FR,3.0,Don't Know,,5.0,4.0,1,27.0,0.0
FRD,FR,4.0,Valid Party Vote,0.0,3.0,5.0,1,39.0,0.0
FRK,FR,4.666666666666667,Ineligible / Not Applicable,,5.0,1.0,1,69.0,0.0
FRH,FR,5.0,Ineligible / Not Applicable,,5.0,4.0,0,20.0,0.0
FRI,FR,3.3333333333333335,Ineligible / Not Applicable,,5.0,6.0,1,35.0,0.0
FRG,FR,2.6666666666666665,Valid Party Vote,0.0,9.0,3.0,0,57.0,0.0
FRK,FR,2.3333333333333335,Valid Party Vote,0.0,7.0,5.0,0,62.0,0.0
FR1,FR,6.666666666666667,Ineligible / Not Applicable,,10.0,1.0,0,41.0,2.0
FRD,FR,5.0,Valid Party Vote,0.0,5.0,,0,60.0,0.0
FRG,FR,7.0,Ineligible / Not Applicable,,7.0,7.0,1,39.0,0.0
FRF,FR,0.3333333333333333,Valid Party Vote,0.0,5.0,2.0,0,29.0,0.0
FR1,FR,4.666666666666667,Ineligible / Not Applicable,,8.0,4.0,0,50.0,2.0
FRE,FR,4.0,Ineligible / Not Applicable,,7.0,4.0,1,28.0,4.0
FRJ,FR,2.0,Valid Party Vote,0.0,6.0,3.0,0,63.0,0.0
FRB,FR,5.0,Ineligible / Not Applicable,,5.0,3.0,0,56.0,0.0
FRC,FR,0.0,Ineligible / Not Applicable,,5.0,3.0,1,52.0,0.0
FRC,FR,5.666666666666667,Valid Party Vote,0.0,4.0,1.0,1,87.0,0.0
FRD,FR,5.666666666666667,Ineligible / Not Applicable,,4.0,5.0,0,22.0,0.0
FRD,FR,5.333333333333333,Valid Party Vote,0.0,4.0,4.0,0,67.0,0.0
FRJ,FR,0.6666666666666666,Ineligible / Not Applicable,,0.0,7.0,0,77.0,0.0
FRC,FR,3.6666666666666665,Valid Party Vote,1.0,3.0,1.0,0,73.0,0.0
FRH,FR,3.6666666666666665,Valid Party Vote,0.0,5.0,3.0,0,56.0,0.0
FRE,FR,2.6666666666666665,Ineligible / Not Applicable,,5.0,5.0,1,49.0,4.0
FRG,FR,6.666666666666667,Ineligible / Not Applicable,,7.0,4.0,1,47.0,0.0
FRC,FR,0.0,Ineligible / Not Applicable,,5.0,2.0,1,48.0,0.0
FRL,FR,3.6666666666666665,Ineligible / Not Applicable,,5.0,7.0,1,30.0,0.0
FRE,FR,4.333333333333333,Blank Ballot,0.0,5.0,6.0,1,23.0,4.0
FR1,FR,3.0,Ineligible / Not Applicable,,1.0,6.0,0,56.0,2.0
FRJ,FR,6.666666666666667,Ineligible / Not Applicable,,5.0,5.0,1,41.0,0.0
FRK,FR,5.0,Valid Party Vote,1.0,5.0,7.0,0,63.0,0.0
FRG,FR,7.0,Valid Party Vote,0.0,8.0,4.0,0,68.0,0.0
FRF,FR,5.0,Blank Ballot,0.0,5.0,3.0,0,60.0,0.0
FRK,FR,4.666666666666667,Valid Party Vote,0.0,6.0,2.0,1,87.0,0.0
FR1,FR,5.333333333333333,Valid Party Vote,0.0,6.0,7.0,0,24.0,2.0
FR1,FR,0.6666666666666666,Ineligible / Not Applicable,,8.0,2.0,0,17.0,2.0
FR1,FR,4.5,Ineligible / Not Applicable,,6.0,5.0,1,23.0,2.0
FRB,FR,2.6666666666666665,Ineligible / Not Applicable,,9.0,4.0,0,25.0,0.0
FR1,FR,4.333333333333333,Valid Party Vote,0.0,4.0,5.0,0,72.0,2.0
FR1,FR,4.0,Ineligible / Not Applicable,,7.0,6.0,1,34.0,2.0
FRF,FR,6.666666666666667,Ineligible / Not Applicable,,7.0,7.0,0,46.0,0.0
FRJ,FR,4.666666666666667,Valid Party Vote,0.0,4.0,3.0,0,71.0,0.0
FRK,FR,2.0,Ineligible / Not Applicable,,5.0,5.0,1,36.0,0.0
FRK,FR,5.333333333333333,Valid Party Vote,0.0,5.0,3.0,0,39.0,0.0
FR1,FR,2.0,Valid Party Vote,1.0,5.0,7.0,0,50.0,2.0
FRK,FR,4.333333333333333,Ineligible / Not Applicable,,5.0,6.0,1,40.0,0.0
FRE,FR,4.0,Valid Party Vote,1.0,2.0,5.0,0,55.0,4.0
FRI,FR,3.6666666666666665,Valid Party Vote,0.0,10.0,7.0,1,37.0,0.0
FRE,FR,4.0,Ineligible / Not Applicable,,6.0,4.0,0,20.0,4.0
FRI,FR,3.3333333333333335,Valid Party Vote,0.0,5.0,2.0,0,82.0,0.0
FRC,FR,5.0,Ineligible / Not Applicable,,8.0,4.0,0,45.0,0.0
FR1,FR,5.666666666666667,Valid Party Vote,0.0,5.0,5.0,1,24.0,2.0
FRC,FR,4.666666666666667,Valid Party Vote,0.0,5.0,7.0,0,48.0,0.0
FRH,FR,6.0,Ineligible / Not Applicable,,5.0,7.0,0,24.0,0.0
FRJ,FR,8.0,Valid Party Vote,0.0,9.0,,1,83.0,0.0
FRB,FR,5.666666666666667,Ineligible / Not Applicable,,5.0,2.0,0,16.0,0.0
FRG,FR,4.666666666666667,Valid Party Vote,1.0,5.0,3.0,1,45.0,0.0
FRH,FR,2.6666666666666665,Ineligible / Not Applicable,,6.0,4.0,0,20.0,0.0
FRD,FR,3.6666666666666665,Valid Party Vote,0.0,5.0,5.0,0,52.0,0.0
FR1,FR,5.333333333333333,Ineligible / Not Applicable,,5.0,6.0,1,22.0,2.0
FRG,FR,3.6666666666666665,Valid Party Vote,0.0,5.0,5.0,0,59.0,0.0
FRE,FR,5.0,Valid Party Vote,1.0,2.0,3.0,0,53.0,4.0
FRH,FR,0.0,Ineligible / Not Applicable,,0.0,1.0,1,90.0,0.0
FRK,FR,6.0,Valid Party Vote,0.0,5.0,7.0,0,51.0,0.0
FRK,FR,6.333333333333333,Valid Party Vote,0.0,3.0,1.0,0,80.0,0.0
FRE,FR,6.0,Ineligible / Not Applicable,,5.0,4.0,0,27.0,4.0
FRE,FR,6.666666666666667,Valid Party Vote,0.0,8.0,7.0,0,58.0,4.0
FRG,FR,4.333333333333333,Ineligible / Not Applicable,,5.0,3.0,1,62.0,0.0
FR1,FR,7.666666666666667,Ineligible / Not Applicable,,6.0,4.0,1,23.0,2.0
FR1,FR,7.666666666666667,Ineligible / Not Applicable,,6.0,4.0,0,18.0,2.0
FRC,FR,6.333333333333333,Valid Party Vote,1.0,5.0,3.0,0,46.0,0.0
FRG,FR,7.0,Valid Party Vote,0.0,7.0,7.0,0,75.0,0.0
FRI,FR,1.3333333333333333,Ineligible / Not Applicable,,3.0,3.0,1,88.0,0.0
FRI,FR,4.666666666666667,Ineligible / Not Applicable,,0.0,1.0,0,90.0,0.0
FRJ,FR,0.6666666666666666,Refuse to Say,,4.0,1.0,0,54.0,0.0
FRB,FR,7.0,Ineligible / Not Applicable,,9.0,3.0,0,19.0,0.0
FRB,FR,5.333333333333333,Ineligible / Not Applicable,,0.0,2.0,0,41.0,0.0
FRK,FR,3.0,Don't Know,,4.0,1.0,1,82.0,0.0
FRE,FR,5.333333333333333,Valid Party Vote,0.0,6.0,6.0,0,46.0,4.0
FRE,FR,3.0,Valid Party Vote,0.0,2.0,3.0,1,72.0,4.0
FRK,FR,2.3333333333333335,Valid Party Vote,0.0,9.0,6.0,1,64.0,0.0
FRG,FR,6.666666666666667,Valid Party Vote,0.0,5.0,5.0,0,50.0,0.0
FRF,FR,4.333333333333333,Ineligible / Not Applicable,,5.0,6.0,1,23.0,0.0
FRI,FR,3.3333333333333335,Valid Party Vote,0.0,8.0,7.0,0,47.0,0.0
FRL,FR,7.666666666666667,Valid Party Vote,0.0,5.0,5.0,0,66.0,0.0
FRK,FR,1.0,Ineligible / Not Applicable,,3.0,4.0,1,52.0,0.0
FRL,FR,0.3333333333333333,Ineligible / Not Applicable,,5.0,1.0,0,65.0,0.0
FRF,FR,4.333333333333333,Ineligible / Not Applicable,,3.0,5.0,0,36.0,0.0
FRI,FR,4.0,Blank Ballot,0.0,7.0,7.0,0,76.0,0.0
FRI,FR,3.6666666666666665,Valid Party Vote,0.0,5.0,7.0,1,39.0,0.0
FRK,FR,7.333333333333333,Ineligible / Not Applicable,,6.0,4.0,1,41.0,0.0
FRH,FR,10.0,Ineligible / Not Applicable,,6.0,4.0,0,42.0,0.0
FRB,FR,2.3333333333333335,Ineligible / Not Applicable,,5.0,3.0,0,44.0,0.0
FR1,FR,0.0,Valid Party Vote,0.0,2.0,4.0,1,71.0,2.0
FRB,FR,3.6666666666666665,Valid Party Vote,1.0,3.0,4.0,0,69.0,0.0
FRF,FR,2.6666666666666665,Ineligible / Not Applicable,,3.0,2.0,1,21.0,0.0
FRH,FR,3.3333333333333335,Ineligible / Not Applicable,,4.0,3.0,1,55.0,0.0
FRB,FR,6.0,Valid Party Vote,0.0,10.0,6.0,1,52.0,0.0
FRF,FR,1.3333333333333333,Don't Know,,5.0,4.0,0,55.0,0.0
FRF,FR,5.0,Ineligible / Not Applicable,,5.0,4.0,0,20.0,0.0
FRB,FR,7.333333333333333,Ineligible / Not Applicable,,6.0,4.0,1,51.0,0.0
FRF,FR,6.666666666666667,Ineligible / Not Applicable,,5.0,6.0,1,63.0,0.0
FRI,FR,6.666666666666667,Ineligible / Not Applicable,,5.0,2.0,0,16.0,0.0
FRF,FR,0.6666666666666666,Valid Party Vote,0.0,5.0,4.0,1,35.0,0.0
FRI,FR,3.3333333333333335,Valid Party Vote,0.0,5.0,7.0,0,42.0,0.0
FRE,FR,0.6666666666666666,Ineligible / Not Applicable,,5.0,4.0,1,52.0,4.0
FRJ,FR,5.0,Blank Ballot,0.0,5.0,4.0,1,22.0,0.0
FRD,FR,1.0,Valid Party Vote,1.0,5.0,3.0,0,31.0,0.0
FR1,FR,8.333333333333334,Valid Party Vote,0.0,6.0,7.0,1,30.0,2.0
FRK,FR,2.6666666666666665,Valid Party Vote,1.0,5.0,7.0,1,54.0,0.0
FR1,FR,4.666666666666667,Ineligible / Not Applicable,,4.0,7.0,0,41.0,2.0
FRK,FR,3.6666666666666665,Valid Party Vote,0.0,8.0,3.0,0,49.0,0.0
FRJ,FR,3.3333333333333335,Valid Party Vote,0.0,5.0,1.0,1,76.0,0.0
FRE,FR,4.0,Valid Party Vote,0.0,5.0,5.0,0,39.0,4.0
FRI,FR,5.333333333333333,Ineligible / Not Applicable,,5.0,3.0,0,37.0,0.0
FRB,FR,1.6666666666666667,Invalid Ballot,0.0,5.0,3.0,0,48.0,0.0
FRJ,FR,5.666666666666667,Ineligible / Not Applicable,,3.0,3.0,0,62.0,0.0
FRK,FR,6.0,Valid Party Vote,0.0,3.0,5.0,1,75.0,0.0
FRK,FR,5.333333333333333,Ineligible / Not Applicable,,3.0,3.0,0,46.0,0.0
FRH,FR,0.0,Refuse to Say,,4.0,4.0,1,90.0,0.0
FRC,FR,3.0,Don't Know,,5.0,3.0,1,60.0,0.0
FRK,FR,3.6666666666666665,Ineligible / Not Applicable,,8.0,4.0,1,46.0,0.0
FRK,FR,5.0,Valid Party Vote,0.0,4.0,1.0,1,90.0,0.0
FR1,FR,2.6666666666666665,Ineligible / Not Applicable,,10.0,2.0,0,17.0,2.0
FRI,FR,5.0,Ineligible / Not Applicable,,6.0,2.0,1,36.0,0.0
FR1,FR,7.333333333333333,Ineligible / Not Applicable,,5.0,7.0,0,30.0,2.0
FRL,FR,4.0,Valid Party Vote,0.0,6.0,2.0,0,65.0,0.0
FRE,FR,6.333333333333333,Valid Party Vote,0.0,5.0,3.0,0,58.0,4.0
FRF,FR,6.0,Valid Party Vote,0.0,5.0,7.0,0,32.0,0.0
FRK,FR,0.0,Invalid Ballot,0.0,0.0,4.0,0,54.0,0.0
FRC,FR,1.6666666666666667,Ineligible / Not Applicable,,5.0,5.0,0,60.0,0.0
FRF,FR,1.6666666666666667,Ineligible / Not Applicable,,8.0,2.0,1,16.0,0.0
FRK,FR,7.333333333333333,Valid Party Vote,0.0,5.0,7.0,1,58.0,0.0
FRI,FR,4.333333333333333,Ineligible / Not Applicable,,5.0,3.0,0,37.0,0.0
FRC,FR,2.3333333333333335,Valid Party Vote,1.0,3.0,6.0,0,35.0,0.0
FRJ,FR,4.333333333333333,Valid Party Vote,1.0,5.0,1.0,0,70.0,0.0
FRE,FR,6.0,Valid Party Vote,0.0,5.0,4.0,0,58.0,4.0
FRJ,FR,3.3333333333333335,Ineligible / Not Applicable,,6.0,5.0,1,22.0,0.0
FRE,FR,1.0,Ineligible / Not Applicable,,2.0,3.0,0,48.0,4.0
FRD,FR,0.0,Valid Party Vote,1.0,2.0,3.0,0,53.0,0.0
FRE,FR,5.0,Ineligible / Not Applicable,,6.0,6.0,0,22.0,4.0
FRI,FR,6.0,Ineligible / Not Applicable,,5.0,2.0,1,16.0,0.0
FRF,FR,1.3333333333333333,Valid Party Vote,0.0,7.0,4.0,0,39.0,0.0
FRH,FR,3.6666666666666665,Valid Party Vote,0.0,2.0,1.0,0,81.0,0.0
FRB,FR,0.0,Ineligible / Not Applicable,,5.0,1.0,1,64.0,0.0
FRG,FR,3.0,Ineligible / Not Applicable,,2.0,1.0,1,55.0,0.0
FR1,FR,3.6666666666666665,Ineligible / Not Applicable,,2.0,3.0,1,64.0,2.0
FRJ,FR,7.333333333333333,Valid Party Vote,0.0,6.0,2.0,0,82.0,0.0
FRL,FR,2.6666666666666665,Valid Party Vote,0.0,2.0,4.0,0,63.0,0.0
FRE,FR,4.333333333333333,Ineligible / Not Applicable,,4.0,3.0,1,72.0,4.0
FRH,FR,2.3333333333333335,Ineligible / Not Applicable,,5.0,3.0,1,58.0,0.0
FRG,FR,6.333333333333333,Valid Party Vote,0.0,3.0,2.0,0,52.0,0.0
FRG,FR,0.3333333333333333,Ineligible / Not Applicable,,0.0,1.0,1,66.0,0.0
FRF,FR,1.0,Ineligible / Not Applicable,,10.0,6.0,1,37.0,0.0
FRI,FR,6.0,Valid Party Vote,0.0,5.0,5.0,1,64.0,0.0
FR1,FR,6.0,Valid Party Vote,0.0,5.0,7.0,0,44.0,2.0
FR1,FR,6.666666666666667,Ineligible / Not Applicable,,10.0,1.0,0,52.0,2.0
FRI,FR,4.0,Valid Party Vote,0.0,10.0,7.0,1,33.0,0.0
FRC,FR,0.0,Valid Party Vote,1.0,0.0,3.0,0,70.0,0.0
FRJ,FR,2.0,Don't Know,,2.0,3.0,1,69.0,0.0
FR1,FR,6.333333333333333,Ineligible / Not Applicable,,6.0,5.0,0,34.0,2.0
FRE,FR,0.6666666666666666,Valid Party Vote,1.0,2.0,4.0,0,37.0,4.0
FRE,FR,2.6666666666666665,Valid Party Vote,0.0,5.0,6.0,0,43.0,4.0
FRH,FR,7.0,Ineligible / Not Applicable,,7.0,7.0,0,36.0,0.0
FRI,FR,9.333333333333334,Valid Party Vote,0.0,9.0,7.0,1,77.0,0.0
FRK,FR,4.333333333333333,Valid Party Vote,0.0,5.0,6.0,1,79.0,0.0
FRL,FR,4.666666666666667,Ineligible / Not Applicable,,8.0,2.0,0,16.0,0.0
FRL,FR,5.666666666666667,Valid Party Vote,0.0,8.0,5.0,1,47.0,0.0
FRB,FR,3.6666666666666665,Don't Know,,4.0,3.0,0,87.0,0.0
FRF,FR,6.666666666666667,Valid Party Vote,0.0,5.0,4.0,1,81.0,0.0
FRJ,FR,8.0,Valid Party Vote,0.0,8.0,3.0,1,60.0,0.0
FRG,FR,1.3333333333333333,Valid Party Vote,1.0,2.0,3.0,0,50.0,0.0
FRJ,FR,3.6666666666666665,Valid Party Vote,0.0,5.0,4.0,0,70.0,0.0
FRE,FR,7.666666666666667,Don't Know,,6.0,4.0,1,47.0,4.0
FRG,FR,5.333333333333333,Ineligible / Not Applicable,,5.0,3.0,1,47.0,0.0
FRL,FR,7.333333333333333,Ineligible / Not Applicable,,5.0,4.0,0,45.0,0.0
FRH,FR,3.0,Ineligible / Not Applicable,,5.0,5.0,0,80.0,0.0
FRE,FR,3.3333333333333335,Ineligible / Not Applicable,,4.0,4.0,0,21.0,4.0
FRJ,FR,2.0,Valid Party Vote,0.0,5.0,3.0,0,70.0,0.0
FRE,FR,3.3333333333333335,Ineligible / Not Applicable,,4.0,3.0,1,26.0,4.0
FRD,FR,4.333333333333333,Ineligible / Not Applicable,,4.0,4.0,1,19.0,0.0
FR1,FR,0.0,Valid Party Vote,1.0,0.0,4.0,0,57.0,2.0
FRK,FR,4.666666666666667,Don't Know,,8.0,3.0,1,63.0,0.0
FRK,FR,5.333333333333333,Ineligible / Not Applicable,,6.0,1.0,0,68.0,0.0
FRJ,FR,0.6666666666666666,Valid Party Vote,0.0,5.0,6.0,0,30.0,0.0
FRI,FR,1.3333333333333333,Valid Party Vote,0.0,10.0,3.0,1,65.0,0.0
FRJ,FR,1.3333333333333333,Ineligible / Not Applicable,,2.0,4.0,0,57.0,0.0
FRJ,FR,1.3333333333333333,Valid Party Vote,1.0,1.0,3.0,1,60.0,0.0
FR1,FR,6.333333333333333,Valid Party Vote,0.0,8.0,7.0,1,32.0,2.0
FR1,FR,5.0,Valid Party Vote,1.0,4.0,7.0,1,62.0,2.0
FRK,FR,3.5,Ineligible / Not Applicable,,6.0,1.0,1,33.0,0.0
FRK,FR,9.333333333333334,Valid Party Vote,0.0,5.0,3.0,0,55.0,0.0
FRK,FR,7.666666666666667,Don't Know,,6.0,4.0,0,45.0,0.0
FRE,FR,5.666666666666667,Ineligible / Not Applicable,,5.0,2.0,0,17.0,4.0
FR1,FR,5.5,Ineligible / Not Applicable,,5.0,1.0,1,67.0,2.0
FRF,FR,6.0,Valid Party Vote,0.0,4.0,5.0,0,49.0,0.0
FRH,FR,3.3333333333333335,Valid Party Vote,0.0,3.0,1.0,1,67.0,0.0
FRE,FR,5.333333333333333,Ineligible / Not Applicable,,0.0,6.0,0,33.0,4.0
FRJ,FR,5.0,Valid Party Vote,0.0,6.0,7.0,0,41.0,0.0
FRK,FR,4.333333333333333,Don't Know,,3.0,3.0,0,61.0,0.0
FRI,FR,2.0,Ineligible / Not Applicable,,5.0,4.0,1,41.0,0.0
FRK,FR,6.666666666666667,Ineligible / Not Applicable,,6.0,6.0,1,43.0,0.0
FRK,FR,7.0,Ineligible / Not Applicable,,7.0,5.0,1,23.0,0.0
FRK,FR,2.0,Valid Party Vote,0.0,6.0,4.0,0,69.0,0.0
FRI,FR,2.0,Ineligible / Not Applicable,,0.0,3.0,0,53.0,0.0
FRK,FR,4.333333333333333,Don't Know,,5.0,7.0,1,28.0,0.0
FRL,FR,8.666666666666666,Valid Party Vote,1.0,4.0,4.0,1,90.0,0.0
FRE,FR,3.6666666666666665,Ineligible / Not Applicable,,5.0,4.0,1,39.0,4.0
FRD,FR,1.0,Valid Party Vote,1.0,5.0,5.0,0,43.0,0.0
FR1,FR,5.333333333333333,Refuse to Say,,5.0,3.0,0,31.0,2.0
FRH,FR,7.333333333333333,Valid Party Vote,0.0,8.0,6.0,1,35.0,0.0
FRK,FR,7.0,Valid Party Vote,0.0,6.0,4.0,1,65.0,0.0
FRH,FR,4.666666666666667,Ineligible / Not Applicable,,5.0,3.0,0,64.0,0.0
FRB,FR,0.3333333333333333,Don't Know,,5.0,3.0,1,58.0,0.0
FRE,FR,2.6666666666666665,Ineligible / Not Applicable,,6.0,2.0,0,18.0,4.0
FRI,FR,5.666666666666667,Valid Party Vote,0.0,8.0,3.0,1,70.0,0.0
FRJ,FR,3.6666666666666665,Valid Party Vote,0.0,7.0,5.0,1,38.0,0.0
FR1,FR,4.333333333333333,Ineligible / Not Applicable,,5.0,5.0,1,39.0,2.0
FRD,FR,5.666666666666667,Ineligible / Not Applicable,,5.0,3.0,0,35.0,0.0
FRI,FR,6.333333333333333,Ineligible / Not Applicable,,7.0,4.0,0,38.0,0.0
FRL,FR,7.0,Valid Party Vote,0.0,7.0,6.0,1,36.0,0.0
FRF,FR,2.3333333333333335,Blank Ballot,0.0,3.0,3.0,0,70.0,0.0
FRG,FR,2.6666666666666665,Ineligible / Not Applicable,,3.0,1.0,1,85.0,0.0
FR1,FR,4.0,Ineligible / Not Applicable,,4.0,4.0,1,23.0,2.0
FR1,FR,5.333333333333333,Valid Party Vote,0.0,5.0,7.0,0,26.0,2.0
FRL,FR,8.333333333333334,Ineligible / Not Applicable,,5.0,7.0,1,27.0,0.0
FRB,FR,,Ineligible / Not Applicable,,6.0,3.0,1,81.0,0.0
FRB,FR,3.3333333333333335,Blank Ballot,0.0,5.0,4.0,1,63.0,0.0
FR1,FR,6.0,Valid Party Vote,0.0,8.0,5.0,1,47.0,2.0
FR1,FR,9.0,Ineligible / Not Applicable,,10.0,7.0,0,41.0,2.0
FR1,FR,5.666666666666667,Valid Party Vote,0.0,8.0,7.0,0,61.0,2.0
FRD,FR,5.666666666666667,Valid Party Vote,0.0,5.0,5.0,1,25.0,0.0
FRK,FR,7.666666666666667,Valid Party Vote,0.0,5.0,7.0,0,64.0,0.0
FRL,FR,4.333333333333333,Valid Party Vote,0.0,9.0,5.0,0,52.0,0.0
FRJ,FR,4.666666666666667,Valid Party Vote,0.0,5.0,4.0,1,74.0,0.0
FR1,FR,7.333333333333333,Valid Party Vote,0.0,9.0,5.0,1,59.0,2.0
FRE,FR,6.0,Valid Party Vote,0.0,8.0,5.0,0,70.0,4.0
FRH,FR,7.333333333333333,Valid Party Vote,0.0,5.0,4.0,0,66.0,0.0
FRL,FR,5.0,Ineligible / Not Applicable,,2.0,4.0,1,64.0,0.0
FRC,FR,3.0,Ineligible / Not Applicable,,,7.0,1,57.0,0.0
FR1,FR,6.333333333333333,Valid Party Vote,0.0,6.0,7.0,0,55.0,2.0
FRD,FR,0.3333333333333333,Valid Party Vote,1.0,5.0,3.0,1,50.0,0.0
FRD,FR,2.3333333333333335,Ineligible / Not Applicable,,5.0,3.0,0,38.0,0.0
FRG,FR,4.666666666666667,Valid Party Vote,0.0,6.0,5.0,1,54.0,0.0
FR1,FR,6.666666666666667,Valid Party Vote,0.0,5.0,4.0,0,62.0,2.0
FR1,FR,2.0,Ineligible / Not Applicable,,10.0,,0,41.0,2.0
FRH,FR,4.0,Valid Party Vote,0.0,8.0,2.0,0,33.0,0.0
FRC,FR,7.666666666666667,Ineligible / Not Applicable,,6.0,4.0,1,23.0,0.0
FRE,FR,5.666666666666667,Ineligible / Not Applicable,,0.0,3.0,1,60.0,4.0
FR1,FR,4.0,Ineligible / Not Applicable,,5.0,4.0,1,19.0,2.0
FR1,FR,4.333333333333333,Ineligible / Not Applicable,,4.0,7.0,0,56.0,2.0
FRB,FR,5.0,Valid Party Vote,0.0,7.0,5.0,1,24.0,0.0
FRL,FR,3.3333333333333335,Valid Party Vote,0.0,4.0,5.0,0,65.0,0.0
FRC,FR,6.333333333333333,Valid Party Vote,0.0,8.0,7.0,0,66.0,0.0
FR1,FR,7.0,Valid Party Vote,0.0,5.0,7.0,1,45.0,2.0
FRF,FR,3.6666666666666665,Don't Know,,5.0,4.0,0,83.0,0.0
FRD,FR,0.6666666666666666,Ineligible / Not Applicable,,5.0,5.0,1,40.0,0.0
FRK,FR,3.0,Ineligible / Not Applicable,,5.0,5.0,0,62.0,0.0
FRE,FR,2.3333333333333335,Ineligible / Not Applicable,,7.0,6.0,0,26.0,4.0
FRB,FR,8.0,Ineligible / Not Applicable,,7.0,2.0,0,44.0,0.0
FRD,FR,3.3333333333333335,Valid Party Vote,1.0,3.0,2.0,0,67.0,0.0
FRE,FR,4.333333333333333,Valid Party Vote,0.0,5.0,3.0,0,60.0,4.0
FRI,FR,5.666666666666667,Valid Party Vote,0.0,5.0,3.0,1,73.0,0.0
FRJ,FR,7.0,Ineligible / Not Applicable,,7.0,1.0,1,54.0,0.0
FRD,FR,0.6666666666666666,Ineligible / Not Applicable,,5.0,3.0,1,21.0,0.0
FRC,FR,3.6666666666666665,Valid Party Vote,0.0,4.0,2.0,1,63.0,0.0
FR1,FR,5.333333333333333,Ineligible / Not Applicable,,1.0,4.0,0,19.0,2.0
FRB,FR,3.6666666666666665,Valid Party Vote,0.0,2.0,1.0,1,81.0,0.0
FRB,FR,5.0,Valid Party Vote,0.0,5.0,4.0,0,21.0,0.0
FRE,FR,0.6666666666666666,Ineligible / Not Applicable,,5.0,3.0,1,53.0,4.0
FRD,FR,7.0,Ineligible / Not Applicable,,8.0,4.0,1,19.0,0.0
FRD,FR,4.0,Valid Party Vote,1.0,1.0,1.0,0,56.0,0.0
FR1,FR,10.0,Ineligible / Not Applicable,,1.0,1.0,1,64.0,2.0
FRH,FR,7.0,Ineligible / Not Applicable,,5.0,7.0,1,52.0,0.0
FRL,FR,5.0,Ineligible / Not Applicable,,7.0,5.0,1,29.0,0.0
FRF,FR,6.333333333333333,Valid Party Vote,0.0,5.0,5.0,0,38.0,0.0
FRH,FR,6.333333333333333,Valid Party Vote,0.0,8.0,7.0,1,42.0,0.0
FRK,FR,7.333333333333333,Valid Party Vote,0.0,6.0,7.0,1,53.0,0.0
FRJ,FR,4.666666666666667,Valid Party Vote,0.0,7.0,4.0,1,43.0,0.0
FRH,FR,6.333333333333333,Valid Party Vote,0.0,5.0,7.0,0,68.0,0.0
FR1,FR,7.666666666666667,Valid Party Vote,0.0,3.0,7.0,0,78.0,2.0
FRK,FR,4.0,Valid Party Vote,0.0,7.0,7.0,0,39.0,0.0
FRB,FR,3.3333333333333335,Ineligible / Not Applicable,,1.0,1.0,1,81.0,0.0
FRF,FR,4.666666666666667,Ineligible / Not Applicable,,6.0,4.0,1,44.0,0.0
FR1,FR,0.0,Valid Party Vote,0.0,0.0,1.0,1,72.0,2.0
FRL,FR,7.0,Ineligible / Not Applicable,,9.0,3.0,1,84.0,0.0
FRL,FR,4.666666666666667,Refuse to Say,,0.0,2.0,1,60.0,0.0
FRL,FR,4.0,Valid Party Vote,1.0,3.0,5.0,0,52.0,0.0
FRI,FR,5.666666666666667,Valid Party Vote,1.0,7.0,1.0,0,37.0,0.0
FRF,FR,6.0,Don't Know,,,7.0,1,71.0,0.0
FRL,FR,2.3333333333333335,Valid Party Vote,0.0,4.0,4.0,0,67.0,0.0
FRK,FR,1.3333333333333333,Valid Party Vote,0.0,1.0,1.0,1,61.0,0.0
FRI,FR,5.0,Blank Ballot,0.0,3.0,3.0,0,67.0,0.0
FRF,FR,5.666666666666667,Ineligible / Not Applicable,,4.0,7.0,1,26.0,0.0
FR1,FR,0.0,Ineligible / Not Applicable,,0.0,2.0,1,88.0,2.0
FRH,FR,4.0,Valid Party Vote,0.0,6.0,7.0,1,41.0,0.0
FRE,FR,4.333333333333333,Valid Party Vote,0.0,5.0,3.0,0,48.0,4.0
FRK,FR,4.333333333333333,Valid Party Vote,0.0,5.0,3.0,1,81.0,0.0
FR1,FR,4.666666666666667,Ineligible / Not Applicable,,5.0,6.0,0,57.0,2.0
FRD,FR,4.666666666666667,Ineligible / Not Applicable,,2.0,5.0,1,37.0,0.0
FRI,FR,5.333333333333333,Refuse to Say,,5.0,7.0,1,76.0,0.0
FR1,FR,3.0,Valid Party Vote,0.0,3.0,4.0,1,79.0,2.0
FRD,FR,3.0,Ineligible / Not Applicable,,5.0,4.0,1,68.0,0.0
FR1,FR,4.333333333333333,Refuse to Say,,5.0,6.0,1,63.0,2.0
FRC,FR,6.5,Ineligible / Not Applicable,,,2.0,0,90.0,0.0
FRJ,FR,1.6666666666666667,Refuse to Say,,,5.0,1,57.0,0.0
FRI,FR,5.666666666666667,Valid Party Vote,0.0,5.0,2.0,1,56.0,0.0
FRI,FR,7.0,Refuse to Say,,6.0,4.0,0,24.0,0.0
FRK,FR,2.6666666666666665,Valid Party Vote,1.0,6.0,3.0,1,60.0,0.0
FRG,FR,5.0,Ineligible / Not Applicable,,8.0,6.0,1,21.0,0.0
FRD,FR,6.666666666666667,Ineligible / Not Applicable,,5.0,7.0,0,24.0,0.0
FRI,FR,0.6666666666666666,Ineligible / Not Applicable,,5.0,5.0,0,28.0,0.0
FRD,FR,4.333333333333333,Valid Party Vote,0.0,6.0,1.0,1,80.0,0.0
FR1,FR,4.0,Ineligible / Not Applicable,,8.0,7.0,0,50.0,2.0
FRD,FR,4.0,Ineligible / Not Applicable,,6.0,7.0,1,29.0,0.0
FRI,FR,2.6666666666666665,Valid Party Vote,0.0,5.0,7.0,0,35.0,0.0
FRL,FR,4.333333333333333,Valid Party Vote,0.0,5.0,4.0,1,58.0,0.0
FRE,FR,4.0,Valid Party Vote,0.0,5.0,5.0,0,56.0,4.0
FRE,FR,7.666666666666667,Valid Party Vote,1.0,0.0,7.0,0,58.0,4.0
FRG,FR,0.0,Refuse to Say,,1.0,3.0,0,76.0,0.0
FRH,FR,6.0,Valid Party Vote,0.0,6.0,5.0,0,37.0,0.0
FRF,FR,5.666666666666667,Ineligible / Not Applicable,,6.0,4.0,0,24.0,0.0
FRJ,FR,0.0,Refuse to Say,,,4.0,1,38.0,0.0
FRE,FR,5.0,Valid Party Vote,1.0,4.0,4.0,0,61.0,4.0
FRJ,FR,4.0,Valid Party Vote,1.0,5.0,1.0,0,73.0,0.0
FRI,FR,2.6666666666666665,Ineligible / Not Applicable,,1.0,2.0,0,17.0,0.0
FR1,FR,3.0,Blank Ballot,0.0,5.0,3.0,1,47.0,2.0
FRI,FR,3.0,Ineligible / Not Applicable,,5.0,3.0,1,62.0,0.0
FRK,FR,2.6666666666666665,Don't Know,,5.0,5.0,1,42.0,0.0
FRJ,FR,5.666666666666667,Valid Party Vote,0.0,,7.0,1,56.0,0.0
FR1,FR,4.0,Valid Party Vote,1.0,10.0,7.0,1,54.0,2.0
FRG,FR,6.0,Valid Party Vote,0.0,5.0,1.0,1,72.0,0.0
FRL,FR,2.6666666666666665,Valid Party Vote,0.0,4.0,4.0,1,47.0,0.0
FRI,FR,7.666666666666667,Valid Party Vote,0.0,5.0,7.0,0,60.0,0.0
FRG,FR,1.6666666666666667,Ineligible / Not Applicable,,2.0,4.0,0,55.0,0.0
FRB,FR,3.6666666666666665,Valid Party Vote,1.0,2.0,3.0,1,56.0,0.0
FRC,FR,4.666666666666667,Ineligible / Not Applicable,,7.0,1.0,0,74.0,0.0
FRG,FR,4.333333333333333,Ineligible / Not Applicable,,0.0,3.0,1,40.0,0.0
FRG,FR,7.0,Valid Party Vote,0.0,6.0,7.0,1,65.0,0.0
FR1,FR,6.0,Valid Party Vote,0.0,8.0,7.0,1,25.0,2.0
FRG,FR,6.0,Ineligible / Not Applicable,,5.0,4.0,0,18.0,0.0
FRG,FR,0.6666666666666666,Ineligible / Not Applicable,,5.0,7.0,0,33.0,0.0
FRF,FR,4.0,Ineligible / Not Applicable,,5.0,3.0,0,53.0,0.0
FRG,FR,2.6666666666666665,Valid Party Vote,0.0,5.0,5.0,0,35.0,0.0
FRK,FR,3.3333333333333335,Ineligible / Not Applicable,,8.0,2.0,0,18.0,0.0
FRF,FR,1.6666666666666667,Ineligible / Not Applicable,,5.0,3.0,1,39.0,0.0
FRJ,FR,3.6666666666666665,Valid Party Vote,0.0,5.0,3.0,1,58.0,0.0
FR1,FR,3.3333333333333335,Ineligible / Not Applicable,,5.0,3.0,1,31.0,2.0
FRC,FR,5.333333333333333,Ineligible / Not Applicable,,4.0,4.0,1,80.0,0.0
FRK,FR,2.3333333333333335,Ineligible / Not Applicable,,5.0,2.0,0,67.0,0.0
FRL,FR,5.0,Valid Party Vote,0.0,6.0,2.0,1,73.0,0.0
FRI,FR,3.0,Valid Party Vote,0.0,4.0,6.0,1,66.0,0.0
FRD,FR,4.0,Ineligible / Not Applicable,,5.0,3.0,0,28.0,0.0
FRK,FR,4.333333333333333,Refuse to Say,,5.0,5.0,1,53.0,0.0
FRG,FR,5.666666666666667,Ineligible / Not Applicable,,8.0,1.0,0,53.0,0.0
FR1,FR,3.3333333333333335,Valid Party Vote,0.0,,7.0,1,54.0,2.0
FRD,FR,6.0,Ineligible / Not Applicable,,10.0,4.0,0,43.0,0.0
FRE,FR,6.333333333333333,Ineligible / Not Applicable,,6.0,2.0,0,16.0,4.0
FRL,FR,2.6666666666666665,Ineligible / Not Applicable,,3.0,4.0,1,65.0,0.0
FRE,FR,4.333333333333333,Ineligible / Not Applicable,,1.0,3.0,0,58.0,4.0
FR1,FR,5.0,Valid Party Vote,0.0,5.0,7.0,0,51.0,2.0
FRF,FR,6.666666666666667,Ineligible / Not Applicable,,6.0,4.0,1,19.0,0.0
FRK,FR,5.666666666666667,Valid Party Vote,0.0,7.0,6.0,0,61.0,0.0
FRB,FR,1.3333333333333333,Valid Party Vote,0.0,1.0,3.0,0,57.0,0.0
FRK,FR,5.0,Valid Party Vote,1.0,6.0,6.0,1,35.0,0.0
FR1,FR,7.0,Valid Party Vote,0.0,7.0,7.0,1,71.0,2.0
FRF,FR,5.333333333333333,Valid Party Vote,0.0,8.0,6.0,1,57.0,0.0
FRI,FR,3.6666666666666665,Valid Party Vote,0.0,4.0,4.0,1,55.0,0.0
FRF,FR,0.0,Ineligible / Not Applicable,,0.0,3.0,1,65.0,0.0
FRK,FR,6.666666666666667,Ineligible / Not Applicable,,6.0,7.0,0,37.0,0.0
FRH,FR,3.0,Valid Party Vote,1.0,3.0,3.0,1,36.0,0.0
FRH,FR,4.333333333333333,Ineligible / Not Applicable,,5.0,5.0,0,71.0,0.0
FRJ,FR,1.6666666666666667,Ineligible / Not Applicable,,10.0,3.0,0,57.0,0.0
FRJ,FR,7.0,Valid Party Vote,0.0,8.0,6.0,1,63.0,0.0
FRD,FR,1.3333333333333333,Ineligible / Not Applicable,,,1.0,1,56.0,0.0
FR1,FR,5.333333333333333,Ineligible / Not Applicable,,7.0,5.0,0,43.0,2.0
FRF,FR,0.0,Invalid Ballot,0.0,5.0,3.0,0,35.0,0.0
FRK,FR,4.666666666666667,Valid Party Vote,0.0,5.0,6.0,1,28.0,0.0
FRG,FR,4.666666666666667,Valid Party Vote,0.0,5.0,3.0,0,60.0,0.0
FRG,FR,0.0,Valid Party Vote,1.0,1.0,1.0,1,78.0,0.0
FRI,FR,6.333333333333333,Valid Party Vote,0.0,5.0,7.0,0,43.0,0.0
FRF,FR,1.0,Ineligible / Not Applicable,,8.0,5.0,0,54.0,0.0
FRF,FR,3.0,Valid Party Vote,0.0,5.0,4.0,0,38.0,0.0
FRE,FR,6.0,Valid Party Vote,0.0,5.0,7.0,1,55.0,4.0
FRK,FR,6.666666666666667,Ineligible / Not Applicable,,7.0,2.0,0,18.0,0.0
FRF,FR,2.0,Valid Party Vote,0.0,7.0,4.0,0,51.0,0.0
FR1,FR,2.0,Ineligible / Not Applicable,,,4.0,1,51.0,2.0
FRE,FR,1.6666666666666667,Ineligible / Not Applicable,,5.0,3.0,0,58.0,4.0
FRE,FR,3.6666666666666665,Valid Party Vote,1.0,3.0,3.0,0,67.0,4.0
FRL,FR,3.5,Ineligible / Not Applicable,,8.0,3.0,1,72.0,0.0
FRD,FR,7.0,Valid Party Vote,0.0,6.0,6.0,1,59.0,0.0
FRK,FR,3.3333333333333335,Valid Party Vote,0.0,1.0,3.0,1,61.0,0.0
FRI,FR,3.0,Valid Party Vote,0.0,5.0,7.0,1,47.0,0.0
FRJ,FR,4.0,Valid Party Vote,0.0,5.0,7.0,1,60.0,0.0
FRG,FR,4.666666666666667,Valid Party Vote,0.0,5.0,3.0,0,59.0,0.0
FRE,FR,8.0,Valid Party Vote,0.0,5.0,7.0,0,53.0,4.0
FRF,FR,3.0,Valid Party Vote,1.0,2.0,3.0,1,72.0,0.0
FRD,FR,4.333333333333333,Valid Party Vote,0.0,7.0,5.0,0,76.0,0.0
FRC,FR,4.333333333333333,Valid Party Vote,1.0,4.0,5.0,0,85.0,0.0
FRB,FR,6.0,Ineligible / Not Applicable,,5.0,5.0,0,30.0,0.0
FRI,FR,2.0,Ineligible / Not Applicable,,4.0,4.0,0,66.0,0.0
FRH,FR,4.0,Ineligible / Not Applicable,,4.0,3.0,0,73.0,0.0
FR1,FR,5.0,Valid Party Vote,0.0,5.0,5.0,1,28.0,2.0
FRD,FR,4.666666666666667,Valid Party Vote,0.0,5.0,6.0,1,20.0,0.0
FR1,FR,6.333333333333333,Blank Ballot,0.0,7.0,7.0,1,56.0,2.0
FRE,FR,6.333333333333333,Ineligible / Not Applicable,,5.0,4.0,0,36.0,4.0
FRC,FR,4.0,Valid Party Vote,0.0,10.0,7.0,1,34.0,0.0
FRE,FR,3.0,Ineligible / Not Applicable,,5.0,1.0,1,74.0,4.0
FRG,FR,3.0,Ineligible / Not Applicable,,5.0,3.0,1,42.0,0.0
FR1,FR,1.0,Valid Party Vote,1.0,3.0,5.0,0,37.0,2.0
FR1,FR,2.6666666666666665,Ineligible / Not Applicable,,5.0,7.0,1,52.0,2.0
FRC,FR,7.0,Valid Party Vote,0.0,,5.0,1,57.0,0.0
FRH,FR,3.3333333333333335,Don't Know,,1.0,3.0,0,66.0,0.0
FRI,FR,5.0,Valid Party Vote,0.0,8.0,5.0,1,67.0,0.0
FRG,FR,4.0,Valid Party Vote,1.0,1.0,7.0,0,78.0,0.0
FRJ,FR,1.6666666666666667,Blank Ballot,0.0,1.0,2.0,1,80.0,0.0
FR1,FR,5.0,Ineligible / Not Applicable,,7.0,6.0,1,23.0,2.0
FRH,FR,4.666666666666667,Ineligible / Not Applicable,,5.0,4.0,0,23.0,0.0
FRI,FR,3.0,Valid Party Vote,1.0,6.0,6.0,1,31.0,0.0
FR1,FR,5.666666666666667,Valid Party Vote,1.0,6.0,5.0,0,62.0,2.0
FRB,FR,2.0,Blank Ballot,0.0,5.0,3.0,1,62.0,0.0
FRL,FR,6.666666666666667,Valid Party Vote,0.0,5.0,7.0,1,51.0,0.0
FRC,FR,1.3333333333333333,Ineligible / Not Applicable,,6.0,1.0,1,44.0,0.0
FRK,FR,1.3333333333333333,Valid Party Vote,1.0,1.0,1.0,1,86.0,0.0
FRB,FR,4.333333333333333,Ineligible / Not Applicable,,5.0,2.0,1,16.0,0.0
FRD,FR,3.0,Blank Ballot,0.0,8.0,3.0,1,57.0,0.0
FRF,FR,4.666666666666667,Valid Party Vote,0.0,6.0,7.0,0,50.0,0.0
FRB,FR,3.6666666666666665,Ineligible / Not Applicable,,8.0,7.0,1,54.0,0.0
FRJ,FR,3.3333333333333335,Valid Party Vote,0.0,9.0,2.0,0,40.0,0.0
FRB,FR,3.6666666666666665,Ineligible / Not Applicable,,5.0,1.0,0,68.0,0.0
FR1,FR,2.6666666666666665,Ineligible / Not Applicable,,5.0,5.0,1,31.0,2.0
FRI,FR,0.0,Valid Party Vote,1.0,2.0,7.0,0,67.0,0.0
FRK,FR,6.0,Valid Party Vote,1.0,5.0,7.0,0,75.0,0.0
FRK,FR,6.0,Valid Party Vote,0.0,5.0,5.0,1,81.0,0.0
FRC,FR,2.0,Valid Party Vote,1.0,5.0,5.0,0,88.0,0.0
FR1,FR,4.666666666666667,Valid Party Vote,0.0,7.0,7.0,0,40.0,2.0
FRE,FR,0.0,Valid Party Vote,1.0,5.0,5.0,1,60.0,4.0
FRB,FR,4.333333333333333,Valid Party Vote,1.0,0.0,5.0,0,56.0,0.0
FRB,FR,5.333333333333333,Valid Party Vote,0.0,5.0,5.0,1,57.0,0.0
FRK,FR,6.0,Valid Party Vote,0.0,8.0,4.0,0,53.0,0.0
FRJ,FR,1.0,Refuse to Say,,,3.0,0,39.0,0.0
FRL,FR,2.3333333333333335,Valid Party Vote,0.0,6.0,1.0,1,73.0,0.0
FR1,FR,5.333333333333333,Valid Party Vote,0.0,7.0,5.0,0,58.0,2.0
FRG,FR,3.3333333333333335,Valid Party Vote,0.0,5.0,4.0,0,20.0,0.0
FRF,FR,5.666666666666667,Don't Know,,7.0,3.0,1,53.0,0.0
FR1,FR,3.0,Valid Party Vote,0.0,4.0,4.0,0,51.0,2.0
FRI,FR,8.0,Don't Know,,9.0,7.0,1,66.0,0.0
FRK,FR,1.6666666666666667,Valid Party Vote,0.0,8.0,5.0,0,41.0,0.0
FRC,FR,2.6666666666666665,Valid Party Vote,1.0,3.0,3.0,0,42.0,0.0
FR1,FR,2.3333333333333335,Ineligible / Not Applicable,,5.0,5.0,0,25.0,2.0
FR1,FR,1.0,Ineligible / Not Applicable,,,4.0,0,45.0,2.0
FRF,FR,3.6666666666666665,Ineligible / Not Applicable,,4.0,5.0,1,44.0,0.0
FRK,FR,10.0,Ineligible / Not Applicable,,10.0,5.0,0,49.0,0.0
FRF,FR,2.6666666666666665,Don't Know,,5.0,3.0,1,62.0,0.0
FR1,FR,4.333333333333333,Valid Party Vote,0.0,8.0,7.0,1,31.0,2.0
FRF,FR,0.0,Ineligible / Not Applicable,,0.0,3.0,1,49.0,0.0
FRJ,FR,6.333333333333333,Valid Party Vote,0.0,7.0,3.0,0,59.0,0.0
FRB,FR,2.6666666666666665,Ineligible / Not Applicable,,8.0,3.0,1,52.0,0.0
FRH,FR,3.3333333333333335,Ineligible / Not Applicable,,2.0,4.0,1,29.0,0.0
FR1,FR,4.333333333333333,Valid Party Vote,0.0,3.0,7.0,0,49.0,2.0
FRI,FR,2.6666666666666665,Valid Party Vote,1.0,5.0,2.0,0,26.0,0.0
FRG,FR,0.6666666666666666,Ineligible / Not Applicable,,5.0,3.0,0,64.0,0.0
FR1,FR,6.333333333333333,Ineligible / Not Applicable,,7.0,7.0,0,46.0,2.0
FRE,FR,2.0,Don't Know,,5.0,4.0,0,52.0,4.0
FRK,FR,0.3333333333333333,Valid Party Vote,1.0,0.0,3.0,0,75.0,0.0
FRF,FR,5.666666666666667,Valid Party Vote,0.0,8.0,7.0,1,39.0,0.0
FRJ,FR,4.333333333333333,Ineligible / Not Applicable,,6.0,2.0,1,68.0,0.0
FRL,FR,2.3333333333333335,Ineligible / Not Applicable,,3.0,4.0,1,18.0,0.0
FRK,FR,2.6666666666666665,Valid Party Vote,1.0,5.0,4.0,1,49.0,0.0
FRH,FR,3.0,Ineligible / Not Applicable,,2.0,3.0,1,44.0,0.0
FRJ,FR,6.333333333333333,Don't Know,,5.0,2.0,0,36.0,0.0
FRD,FR,3.5,Ineligible / Not Applicable,,5.0,2.0,0,17.0,0.0
FRK,FR,6.0,Ineligible / Not Applicable,,5.0,1.0,0,16.0,0.0
FRE,FR,5.333333333333333,Valid Party Vote,1.0,0.0,1.0,1,34.0,4.0
FRE,FR,4.666666666666667,Valid Party Vote,1.0,5.0,5.0,0,21.0,4.0
FRJ,FR,5.0,Valid Party Vote,0.0,5.0,5.0,1,68.0,0.0
FRG,FR,4.333333333333333,Valid Party Vote,0.0,6.0,3.0,1,62.0,0.0
FRE,FR,1.3333333333333333,Ineligible / Not Applicable,,1.0,2.0,1,58.0,4.0
FRD,FR,5.333333333333333,Valid Party Vote,0.0,3.0,4.0,1,60.0,0.0
FRI,FR,1.6666666666666667,Valid Party Vote,1.0,5.0,3.0,0,70.0,0.0
FR1,FR,5.0,Valid Party Vote,0.0,6.0,4.0,0,70.0,2.0
FR1,FR,7.333333333333333,Ineligible / Not Applicable,,5.0,4.0,0,57.0,2.0
FRG,FR,5.333333333333333,Valid Party Vote,0.0,5.0,7.0,1,46.0,0.0
FRH,FR,6.0,Valid Party Vote,0.0,,3.0,1,65.0,0.0
FRJ,FR,4.666666666666667,Ineligible / Not Applicable,,4.0,1.0,1,43.0,0.0
FRE,FR,0.0,Don't Know,,0.0,5.0,1,49.0,4.0
FRC,FR,4.0,Valid Party Vote,1.0,0.0,3.0,0,23.0,0.0
FRK,FR,5.0,Valid Party Vote,0.0,5.0,3.0,0,53.0,0.0
FRJ,FR,7.0,Valid Party Vote,0.0,5.0,3.0,0,67.0,0.0
FRH,FR,6.0,Ineligible / Not Applicable,,6.0,3.0,1,36.0,0.0
FRG,FR,2.6666666666666665,Valid Party Vote,1.0,4.0,1.0,1,67.0,0.0
FRK,FR,1.6666666666666667,Ineligible / Not Applicable,,5.0,6.0,0,46.0,0.0
FRB,FR,5.0,Valid Party Vote,1.0,5.0,3.0,1,67.0,0.0
FR1,FR,4.5,Ineligible / Not Applicable,,3.0,4.0,0,18.0,2.0
FR1,FR,4.666666666666667,Ineligible / Not Applicable,,5.0,4.0,1,18.0,2.0
FRB,FR,2.0,Blank Ballot,0.0,10.0,5.0,1,45.0,0.0
FRE,FR,3.0,Ineligible / Not Applicable,,5.0,5.0,1,71.0,4.0
FRK,FR,4.0,Refuse to Say,,7.0,1.0,1,74.0,0.0
FRK,FR,3.3333333333333335,Valid Party Vote,0.0,7.0,7.0,0,52.0,0.0
FRD,FR,6.666666666666667,Ineligible / Not Applicable,,7.0,4.0,0,33.0,0.0
FRB,FR,1.6666666666666667,Valid Party Vote,0.0,,3.0,0,62.0,0.0
FRD,FR,6.333333333333333,Ineligible / Not Applicable,,8.0,3.0,1,21.0,0.0
FRI,FR,4.333333333333333,Ineligible / Not Applicable,,8.0,4.0,1,19.0,0.0
FRF,FR,1.3333333333333333,Ineligible / Not Applicable,,8.0,3.0,0,39.0,0.0
FRJ,FR,3.0,Valid Party Vote,0.0,5.0,3.0,1,58.0,0.0
FRE,FR,6.666666666666667,Valid Party Vote,0.0,5.0,7.0,1,43.0,4.0
FRI,FR,6.0,Valid Party Vote,0.0,10.0,4.0,1,69.0,0.0
FRL,FR,4.666666666666667,Valid Party Vote,0.0,4.0,5.0,0,37.0,0.0
FRD,FR,1.0,Ineligible / Not Applicable,,1.0,1.0,1,84.0,0.0
FRJ,FR,4.0,Refuse to Say,,8.0,6.0,0,56.0,0.0
FRJ,FR,5.5,Valid Party Vote,0.0,5.0,3.0,1,80.0,0.0
FRC,FR,6.666666666666667,Valid Party Vote,1.0,5.0,1.0,0,50.0,0.0
FR1,FR,4.666666666666667,Ineligible / Not Applicable,,6.0,1.0,0,50.0,2.0
FRK,FR,4.666666666666667,Ineligible / Not Applicable,,5.0,5.0,1,36.0,0.0
FRJ,FR,2.3333333333333335,Valid Party Vote,0.0,10.0,5.0,1,65.0,0.0
FR1,FR,0.6666666666666666,Ineligible / Not Applicable,,5.0,4.0,1,18.0,2.0
FRE,FR,6.0,Valid Party Vote,0.0,5.0,7.0,0,80.0,4.0
FR1,FR,5.333333333333333,Ineligible / Not Applicable,,5.0,1.0,1,54.0,2.0
FRC,FR,2.6666666666666665,Valid Party Vote,1.0,1.0,3.0,1,64.0,0.0
FRG,FR,5.0,Valid Party Vote,0.0,,1.0,1,84.0,0.0
FR1,FR,6.0,Ineligible / Not Applicable,,6.0,3.0,0,42.0,2.0
FRK,FR,3.6666666666666665,Ineligible / Not Applicable,,6.0,7.0,1,46.0,0.0
FR1,FR,5.0,Valid Party Vote,0.0,8.0,5.0,0,65.0,2.0
FRI,FR,0.0,Valid Party Vote,0.0,6.0,7.0,1,34.0,0.0
FRI,FR,5.333333333333333,Valid Party Vote,0.0,3.0,4.0,1,63.0,0.0
FRH,FR,5.0,Don't Know,,7.0,7.0,1,50.0,0.0
FRB,FR,0.6666666666666666,Valid Party Vote,0.0,5.0,1.0,0,87.0,0.0
FRG,FR,7.333333333333333,Valid Party Vote,0.0,7.0,5.0,1,41.0,0.0
FRG,FR,6.333333333333333,Don't Know,,5.0,5.0,0,31.0,0.0
FR1,FR,7.333333333333333,Ineligible / Not Applicable,,7.0,,1,72.0,2.0
FRF,FR,6.666666666666667,Ineligible / Not Applicable,,5.0,1.0,1,80.0,0.0
FRE,FR,2.3333333333333335,Valid Party Vote,0.0,3.0,4.0,0,50.0,4.0
FR1,FR,7.333333333333333,Valid Party Vote,0.0,5.0,4.0,1,75.0,2.0
FRD,FR,3.0,Ineligible / Not Applicable,,5.0,5.0,1,42.0,0.0
FRE,FR,3.3333333333333335,Valid Party Vote,1.0,3.0,4.0,0,46.0,4.0
FRE,FR,2.3333333333333335,Valid Party Vote,0.0,6.0,2.0,1,76.0,4.0
FRF,FR,2.6666666666666665,Blank Ballot,0.0,5.0,1.0,0,64.0,0.0
FRD,FR,5.333333333333333,Ineligible / Not Applicable,,7.0,5.0,1,57.0,0.0
FRD,FR,5.0,Valid Party Vote,0.0,5.0,7.0,0,28.0,0.0
FRL,FR,7.0,Blank Ballot,0.0,5.0,3.0,0,68.0,0.0
FR1,FR,3.6666666666666665,Ineligible / Not Applicable,,5.0,5.0,1,33.0,2.0
FR1,FR,2.6666666666666665,Ineligible / Not Applicable,,5.0,5.0,1,28.0,2.0
FRK,FR,1.3333333333333333,Valid Party Vote,1.0,1.0,3.0,0,77.0,0.0
FR1,FR,5.0,Ineligible / Not Applicable,,7.0,4.0,1,48.0,2.0
FRJ,FR,5.0,Ineligible / Not Applicable,,5.0,4.0,1,40.0,0.0
FRE,FR,6.666666666666667,Valid Party Vote,0.0,7.0,7.0,0,30.0,4.0
FRJ,FR,6.0,Ineligible / Not Applicable,,5.0,7.0,1,68.0,0.0
FRI,FR,4.0,Ineligible / Not Applicable,,8.0,1.0,0,32.0,0.0
FRH,FR,7.666666666666667,Valid Party Vote,0.0,5.0,4.0,1,47.0,0.0
FRL,FR,3.0,Valid Party Vote,0.0,2.0,3.0,0,64.0,0.0
FRB,FR,2.6666666666666665,Valid Party Vote,0.0,5.0,3.0,0,85.0,0.0
FRH,FR,4.5,Ineligible / Not Applicable,,5.0,4.0,0,36.0,0.0
FRC,FR,1.3333333333333333,Valid Party Vote,0.0,5.0,5.0,1,52.0,0.0
FRK,FR,3.0,Valid Party Vote,0.0,5.0,7.0,0,33.0,0.0
FRH,FR,6.666666666666667,Ineligible / Not Applicable,,7.0,4.0,1,19.0,0.0
FRD,FR,3.6666666666666665,Ineligible / Not Applicable,,5.0,3.0,0,21.0,0.0
FRJ,FR,7.0,Don't Know,,6.0,7.0,1,42.0,0.0
FRJ,FR,1.3333333333333333,Valid Party Vote,0.0,5.0,5.0,1,47.0,0.0
FRK,FR,5.333333333333333,Valid Party Vote,0.0,5.0,7.0,1,36.0,0.0
FRI,FR,4.0,Ineligible / Not Applicable,,4.0,7.0,1,44.0,0.0
FRJ,FR,1.0,Ineligible / Not Applicable,,5.0,1.0,0,63.0,0.0
FRG,FR,3.6666666666666665,Ineligible / Not Applicable,,6.0,3.0,1,65.0,0.0
FRL,FR,6.333333333333333,Valid Party Vote,0.0,5.0,5.0,0,38.0,0.0
FR1,FR,4.0,Valid Party Vote,0.0,7.0,5.0,1,20.0,2.0
FRB,FR,3.6666666666666665,Ineligible / Not Applicable,,5.0,3.0,0,24.0,0.0
FR1,FR,2.6666666666666665,Valid Party Vote,1.0,1.0,5.0,0,58.0,2.0
FR1,FR,2.3333333333333335,Ineligible / Not Applicable,,,4.0,0,26.0,2.0
FRI,FR,4.0,Valid Party Vote,0.0,10.0,7.0,0,61.0,0.0
FRC,FR,1.0,Valid Party Vote,1.0,1.0,3.0,1,52.0,0.0
FRE,FR,5.333333333333333,Ineligible / Not Applicable,,5.0,7.0,1,62.0,4.0
FRK,FR,2.6666666666666665,Valid Party Vote,0.0,4.0,1.0,1,71.0,0.0
FRK,FR,3.6666666666666665,Ineligible / Not Applicable,,,6.0,1,38.0,0.0
FRH,FR,4.0,Ineligible / Not Applicable,,6.0,3.0,0,60.0,0.0
FRF,FR,3.6666666666666665,Ineligible / Not Applicable,,4.0,3.0,1,64.0,0.0
FRE,FR,5.0,Valid Party Vote,0.0,4.0,3.0,1,70.0,4.0
FRI,FR,2.0,Ineligible / Not Applicable,,6.0,4.0,1,49.0,0.0
FRI,FR,4.0,Valid Party Vote,0.0,2.0,3.0,0,76.0,0.0
FRF,FR,2.6666666666666665,Ineligible / Not Applicable,,5.0,7.0,0,37.0,0.0
FRH,FR,7.666666666666667,Ineligible / Not Applicable,,7.0,5.0,0,42.0,0.0
FRI,FR,5.666666666666667,Valid Party Vote,0.0,8.0,5.0,0,73.0,0.0
FRI,FR,0.0,Ineligible / Not Applicable,,5.0,7.0,0,68.0,0.0
FRE,FR,1.3333333333333333,Valid Party Vote,1.0,2.0,3.0,0,61.0,4.0
FR1,FR,3.3333333333333335,Ineligible / Not Applicable,,7.0,2.0,0,23.0,2.0
FR1,FR,5.333333333333333,Ineligible / Not Applicable,,5.0,4.0,1,19.0,2.0
FRG,FR,6.0,Ineligible / Not Applicable,,5.0,5.0,1,73.0,0.0
FRH,FR,1.6666666666666667,Valid Party Vote,0.0,5.0,3.0,0,50.0,0.0
FR1,FR,4.333333333333333,Valid Party Vote,0.0,5.0,4.0,0,61.0,2.0
FRL,FR,3.3333333333333335,Ineligible / Not Applicable,,2.0,4.0,0,63.0,0.0
FRE,FR,7.0,Ineligible / Not Applicable,,3.0,1.0,1,79.0,4.0
FR1,FR,3.0,Valid Party Vote,0.0,,6.0,1,41.0,2.0
FRK,FR,4.0,Ineligible / Not Applicable,,4.0,5.0,0,27.0,0.0
FRL,FR,2.3333333333333335,Ineligible / Not Applicable,,5.0,5.0,1,55.0,0.0
FRK,FR,5.333333333333333,Ineligible / Not Applicable,,6.0,5.0,1,21.0,0.0
FR1,FR,4.333333333333333,Ineligible / Not Applicable,,5.0,7.0,1,29.0,2.0
FR1,FR,5.333333333333333,Valid Party Vote,0.0,,7.0,1,44.0,2.0
FRD,FR,4.0,Ineligible / Not Applicable,,5.0,2.0,0,16.0,0.0
FR1,FR,6.666666666666667,Ineligible / Not Applicable,,5.0,4.0,0,77.0,2.0
FRK,FR,7.0,Valid Party Vote,0.0,5.0,7.0,1,31.0,0.0
FRE,FR,7.0,Valid Party Vote,0.0,7.0,5.0,0,44.0,4.0
FRF,FR,5.333333333333333,Ineligible / Not Applicable,,6.0,6.0,0,49.0,0.0
FRI,FR,3.6666666666666665,Valid Party Vote,0.0,5.0,1.0,1,86.0,0.0
FRL,FR,7.0,Valid Party Vote,1.0,0.0,1.0,1,71.0,0.0
FRL,FR,5.0,Ineligible / Not Applicable,,5.0,7.0,1,26.0,0.0
FRE,FR,8.0,Valid Party Vote,0.0,7.0,4.0,1,75.0,4.0
FRF,FR,0.0,Ineligible / Not Applicable,,6.0,4.0,0,48.0,0.0
FRC,FR,4.666666666666667,Blank Ballot,0.0,5.0,7.0,0,73.0,0.0
FRK,FR,6.0,Ineligible / Not Applicable,,6.0,3.0,1,64.0,0.0
FRD,FR,7.0,Ineligible / Not Applicable,,9.0,,1,23.0,0.0
FRB,FR,6.666666666666667,Valid Party Vote,0.0,9.0,4.0,0,20.0,0.0
FRL,FR,5.0,Ineligible / Not Applicable,,5.0,6.0,1,56.0,0.0
FR1,FR,5.666666666666667,Valid Party Vote,0.0,7.0,7.0,0,47.0,2.0
FRF,FR,4.0,Ineligible / Not Applicable,,0.0,4.0,0,50.0,0.0
FRL,FR,3.0,Ineligible / Not Applicable,,5.0,1.0,0,56.0,0.0
FRG,FR,4.333333333333333,Valid Party Vote,0.0,5.0,5.0,1,50.0,0.0
FRL,FR,5.333333333333333,Ineligible / Not Applicable,,5.0,6.0,1,21.0,0.0
FRK,FR,6.0,Valid Party Vote,0.0,0.0,3.0,0,39.0,0.0
FR1,FR,7.0,Valid Party Vote,0.0,,3.0,0,74.0,2.0
FRI,FR,4.333333333333333,Ineligible / Not Applicable,,7.0,3.0,0,16.0,0.0
FR1,FR,5.333333333333333,Ineligible / Not Applicable,,8.0,1.0,0,68.0,2.0
FRK,FR,2.3333333333333335,Valid Party Vote,0.0,2.0,4.0,0,80.0,0.0
FR1,FR,5.0,Ineligible / Not Applicable,,5.0,2.0,0,18.0,2.0
FRB,FR,3.6666666666666665,Ineligible / Not Applicable,,4.0,4.0,1,20.0,0.0
FR1,FR,5.0,Valid Party Vote,0.0,5.0,4.0,0,46.0,2.0
FRK,FR,7.333333333333333,Valid Party Vote,0.0,5.0,3.0,0,71.0,0.0
FRK,FR,2.6666666666666665,Valid Party Vote,0.0,0.0,1.0,0,76.0,0.0
FRJ,FR,7.333333333333333,Valid Party Vote,0.0,5.0,6.0,0,60.0,0.0
FRL,FR,7.0,Valid Party Vote,0.0,7.0,7.0,0,54.0,0.0
FR1,FR,5.333333333333333,Valid Party Vote,1.0,4.0,2.0,1,69.0,2.0
FR1,FR,4.333333333333333,Valid Party Vote,0.0,6.0,7.0,1,57.0,2.0
FRB,FR,2.6666666666666665,Valid Party Vote,0.0,9.0,7.0,0,40.0,0.0
FR1,FR,4.333333333333333,Ineligible / Not Applicable,,9.0,2.0,1,68.0,2.0
FRJ,FR,2.3333333333333335,Valid Party Vote,0.0,10.0,5.0,1,39.0,0.0
FRE,FR,2.0,Valid Party Vote,1.0,0.0,1.0,1,70.0,4.0
FRE,FR,0.3333333333333333,Valid Party Vote,1.0,5.0,3.0,0,82.0,4.0
FRF,FR,2.6666666666666665,Don't Know,,5.0,4.0,0,54.0,0.0
FR1,FR,2.6666666666666665,Blank Ballot,0.0,5.0,6.0,1,23.0,2.0
FR1,FR,6.0,Ineligible / Not Applicable,,9.0,7.0,1,32.0,2.0
FR1,FR,2.0,Valid Party Vote,0.0,5.0,4.0,0,25.0,2.0
FRC,FR,5.666666666666667,Valid Party Vote,0.0,8.0,7.0,1,37.0,0.0
FR1,FR,4.0,Ineligible / Not Applicable,,8.0,5.0,1,44.0,2.0
FRL,FR,4.0,Blank Ballot,0.0,10.0,4.0,0,20.0,0.0
FRI,FR,4.0,Valid Party Vote,1.0,1.0,6.0,0,71.0,0.0
FRI,FR,1.3333333333333333,Ineligible / Not Applicable,,0.0,3.0,1,57.0,0.0
FRG,FR,5.0,Ineligible / Not Applicable,,2.0,3.0,0,22.0,0.0
FRI,FR,1.6666666666666667,Valid Party Vote,0.0,5.0,1.0,1,61.0,0.0
FRI,FR,4.666666666666667,Valid Party Vote,1.0,3.0,1.0,0,59.0,0.0
FRH,FR,6.0,Ineligible / Not Applicable,,6.0,4.0,0,18.0,0.0
FRD,FR,5.0,Valid Party Vote,0.0,5.0,5.0,0,75.0,0.0
FRF,FR,5.666666666666667,Ineligible / Not Applicable,,8.0,7.0,1,31.0,0.0
FRI,FR,0.0,Valid Party Vote,1.0,7.0,3.0,1,37.0,0.0
FRG,FR,0.3333333333333333,Ineligible / Not Applicable,,0.0,4.0,0,48.0,0.0
FRF,FR,3.3333333333333335,Valid Party Vote,0.0,5.0,6.0,1,58.0,0.0
FRL,FR,3.0,Valid Party Vote,0.0,3.0,1.0,1,82.0,0.0
FRH,FR,5.666666666666667,Valid Party Vote,0.0,6.0,6.0,1,23.0,0.0
FRK,FR,0.6666666666666666,Valid Party Vote,1.0,0.0,4.0,0,40.0,0.0
FRI,FR,4.666666666666667,Ineligible / Not Applicable,,5.0,2.0,0,16.0,0.0
FRI,FR,5.0,Valid Party Vote,0.0,4.0,7.0,1,79.0,0.0
FRE,FR,4.666666666666667,Ineligible / Not Applicable,,4.0,6.0,1,46.0,4.0
FRE,FR,6.666666666666667,Valid Party Vote,0.0,5.0,7.0,0,45.0,4.0
FR1,FR,6.333333333333333,Ineligible / Not Applicable,,4.0,2.0,1,20.0,2.0
FRJ,FR,3.3333333333333335,Ineligible / Not Applicable,,0.0,3.0,0,57.0,0.0
FRC,FR,1.6666666666666667,Ineligible / Not Applicable,,0.0,3.0,1,57.0,0.0
FRJ,FR,5.0,Valid Party Vote,0.0,6.0,7.0,1,32.0,0.0
FRB,FR,3.3333333333333335,Ineligible / Not Applicable,,5.0,5.0,1,23.0,0.0
FRK,FR,1.6666666666666667,Valid Party Vote,1.0,3.0,4.0,1,52.0,0.0
FRD,FR,5.666666666666667,Ineligible / Not Applicable,,5.0,1.0,0,72.0,0.0
FRC,FR,6.333333333333333,Valid Party Vote,0.0,6.0,5.0,1,59.0,0.0
FRG,FR,5.0,Valid Party Vote,0.0,6.0,5.0,0,39.0,0.0
FR1,FR,3.3333333333333335,Valid Party Vote,0.0,8.0,5.0,1,33.0,2.0
FRK,FR,8.333333333333334,Valid Party Vote,0.0,6.0,6.0,1,59.0,0.0
FRI,FR,6.666666666666667,Ineligible / Not Applicable,,5.0,5.0,0,46.0,0.0
FRI,FR,6.0,Don't Know,,5.0,6.0,1,21.0,0.0
FRH,FR,4.0,Ineligible / Not Applicable,,5.0,3.0,1,41.0,0.0
FRE,FR,3.0,Valid Party Vote,1.0,5.0,1.0,1,37.0,4.0
FRI,FR,6.666666666666667,Valid Party Vote,0.0,10.0,7.0,0,72.0,0.0
FRE,FR,1.6666666666666667,Ineligible / Not Applicable,,5.0,2.0,1,63.0,4.0
FRH,FR,3.3333333333333335,Ineligible / Not Applicable,,9.0,4.0,1,27.0,0.0
FR1,FR,6.333333333333333,Ineligible / Not Applicable,,7.0,3.0,1,62.0,2.0
FRJ,FR,1.0,Blank Ballot,0.0,2.0,7.0,1,39.0,0.0
FRB,FR,5.0,Don't Know,,5.0,5.0,1,70.0,0.0
FR1,FR,6.666666666666667,Ineligible / Not Applicable,,8.0,7.0,1,29.0,2.0
FRF,FR,2.6666666666666665,Ineligible / Not Applicable,,5.0,5.0,1,37.0,0.0
FRE,FR,4.333333333333333,Valid Party Vote,1.0,2.0,3.0,1,77.0,4.0
FRG,FR,1.3333333333333333,Ineligible / Not Applicable,,4.0,3.0,1,59.0,0.0
FRK,FR,2.0,Ineligible / Not Applicable,,3.0,4.0,0,34.0,0.0
FR1,FR,7.333333333333333,Valid Party Vote,1.0,5.0,4.0,0,69.0,2.0
FRJ,FR,3.5,Valid Party Vote,0.0,1.0,3.0,0,61.0,0.0
FRC,FR,4.333333333333333,Ineligible / Not Applicable,,5.0,2.0,1,31.0,0.0
FRK,FR,6.0,Valid Party Vote,0.0,8.0,7.0,1,52.0,0.0
FRF,FR,6.333333333333333,Ineligible / Not Applicable,,6.0,7.0,1,51.0,0.0
FRG,FR,1.0,Valid Party Vote,1.0,0.0,1.0,0,53.0,0.0
FRJ,FR,5.666666666666667,Valid Party Vote,0.0,5.0,7.0,0,71.0,0.0
FRD,FR,5.333333333333333,Valid Party Vote,1.0,2.0,6.0,1,49.0,0.0
FRF,FR,8.333333333333334,Ineligible / Not Applicable,,5.0,2.0,1,16.0,0.0
FRE,FR,4.5,Ineligible / Not Applicable,,5.0,2.0,1,17.0,4.0
FRI,FR,4.333333333333333,Don't Know,,5.0,5.0,1,24.0,0.0
FRG,FR,8.333333333333334,Valid Party Vote,0.0,9.0,7.0,0,51.0,0.0
FRB,FR,6.0,Valid Party Vote,0.0,4.0,3.0,0,78.0,0.0
FRK,FR,0.0,Valid Party Vote,0.0,10.0,5.0,1,49.0,0.0
FRI,FR,1.0,Ineligible / Not Applicable,,0.0,1.0,1,59.0,0.0
FRH,FR,6.0,Valid Party Vote,0.0,10.0,2.0,1,74.0,0.0
FRJ,FR,3.6666666666666665,Valid Party Vote,1.0,3.0,7.0,0,60.0,0.0
FR1,FR,3.0,Ineligible / Not Applicable,,4.0,4.0,1,20.0,2.0
FR1,FR,5.666666666666667,Ineligible / Not Applicable,,5.0,5.0,0,34.0,2.0
FRI,FR,5.333333333333333,Ineligible / Not Applicable,,9.0,6.0,1,47.0,0.0
FR1,FR,1.6666666666666667,Ineligible / Not Applicable,,3.0,3.0,1,53.0,2.0
FRL,FR,3.6666666666666665,Ineligible / Not Applicable,,4.0,4.0,1,40.0,0.0
FRK,FR,6.666666666666667,Ineligible / Not Applicable,,4.0,3.0,0,23.0,0.0
FRJ,FR,0.0,Ineligible / Not Applicable,,0.0,3.0,1,39.0,0.0
FRC,FR,1.3333333333333333,Ineligible / Not Applicable,,7.0,4.0,0,51.0,0.0
FRH,FR,5.333333333333333,Valid Party Vote,0.0,4.0,7.0,0,23.0,0.0
FRJ,FR,7.666666666666667,Valid Party Vote,0.0,,2.0,1,82.0,0.0
FRE,FR,5.0,Ineligible / Not Applicable,,8.0,4.0,0,30.0,4.0
FRI,FR,7.333333333333333,Valid Party Vote,0.0,5.0,7.0,1,60.0,0.0
FRH,FR,1.6666666666666667,Valid Party Vote,1.0,2.0,3.0,0,51.0,0.0
FRE,FR,4.333333333333333,Ineligible / Not Applicable,,4.0,3.0,1,62.0,4.0
FRK,FR,2.6666666666666665,Valid Party Vote,1.0,0.0,3.0,0,57.0,0.0
FRI,FR,5.666666666666667,Valid Party Vote,0.0,8.0,7.0,1,41.0,0.0
FRK,FR,5.666666666666667,Valid Party Vote,0.0,5.0,5.0,0,45.0,0.0
FRG,FR,3.0,Valid Party Vote,1.0,5.0,4.0,0,59.0,0.0
FRH,FR,5.0,Ineligible / Not Applicable,,5.0,3.0,0,61.0,0.0
FRE,FR,0.0,Ineligible / Not Applicable,,7.0,3.0,1,59.0,4.0
FRK,FR,1.3333333333333333,Ineligible / Not Applicable,,0.0,4.0,1,75.0,0.0
FRJ,FR,3.3333333333333335,Valid Party Vote,1.0,5.0,4.0,1,80.0,0.0
FRG,FR,0.6666666666666666,Ineligible / Not Applicable,,3.0,1.0,1,67.0,0.0
FRD,FR,1.0,Ineligible / Not Applicable,,4.0,3.0,0,59.0,0.0
FRL,FR,1.6666666666666667,Valid Party Vote,1.0,5.0,5.0,1,51.0,0.0
FRE,FR,7.666666666666667,Valid Party Vote,0.0,1.0,3.0,1,64.0,4.0
FRI,FR,7.333333333333333,Valid Party Vote,0.0,9.0,5.0,1,45.0,0.0
FRE,FR,4.0,Ineligible / Not Applicable,,5.0,6.0,0,26.0,4.0
FRE,FR,5.333333333333333,Ineligible / Not Applicable,,9.0,2.0,1,16.0,4.0
FRI,FR,3.6666666666666665,Ineligible / Not Applicable,,5.0,4.0,0,30.0,0.0
FRL,FR,4.333333333333333,Don't Know,,5.0,4.0,0,39.0,0.0
FRK,FR,3.6666666666666665,Ineligible / Not Applicable,,0.0,3.0,0,61.0,0.0
FRH,FR,5.666666666666667,Valid Party Vote,0.0,5.0,5.0,0,57.0,0.0
FRH,FR,4.666666666666667,Ineligible / Not Applicable,,6.0,2.0,1,59.0,0.0
FRL,FR,2.6666666666666665,Don't Know,,5.0,1.0,1,64.0,0.0
FRK,FR,5.0,Ineligible / Not Applicable,,5.0,7.0,1,22.0,0.0
FRJ,FR,0.6666666666666666,Refuse to Say,,3.0,2.0,1,63.0,0.0
FRI,FR,2.6666666666666665,Valid Party Vote,1.0,0.0,6.0,0,33.0,0.0
FR1,FR,3.3333333333333335,Ineligible / Not Applicable,,8.0,5.0,0,32.0,2.0
FR1,FR,2.0,Valid Party Vote,1.0,6.0,6.0,1,65.0,2.0
FR1,FR,4.666666666666667,Ineligible / Not Applicable,,10.0,7.0,1,31.0,2.0
FRL,FR,5.333333333333333,Ineligible / Not Applicable,,5.0,5.0,1,35.0,0.0
FRC,FR,3.6666666666666665,Refuse to Say,,5.0,4.0,0,59.0,0.0
FRE,FR,5.666666666666667,Ineligible / Not Applicable,,8.0,2.0,1,16.0,4.0
FRK,FR,4.0,Valid Party Vote,0.0,10.0,7.0,1,41.0,0.0
FRC,FR,1.3333333333333333,Ineligible / Not Applicable,,10.0,1.0,1,71.0,0.0
FRL,FR,6.0,Valid Party Vote,0.0,5.0,2.0,1,60.0,0.0
FRG,FR,5.666666666666667,Valid Party Vote,0.0,10.0,7.0,1,43.0,0.0
FRF,FR,3.3333333333333335,Ineligible / Not Applicable,,5.0,4.0,1,83.0,0.0
FR1,FR,3.6666666666666665,Ineligible / Not Applicable,,8.0,4.0,1,26.0,2.0
FRI,FR,4.0,Valid Party Vote,0.0,4.0,3.0,0,55.0,0.0
FR1,FR,5.666666666666667,Ineligible / Not Applicable,,5.0,2.0,0,16.0,2.0
FRC,FR,4.0,Valid Party Vote,0.0,8.0,4.0,0,22.0,0.0
FRK,FR,5.0,Ineligible / Not Applicable,,2.0,1.0,0,78.0,0.0
FRE,FR,4.666666666666667,Valid Party Vote,1.0,2.0,1.0,1,75.0,4.0
FRJ,FR,6.333333333333333,Valid Party Vote,0.0,4.0,4.0,0,70.0,0.0
FRJ,FR,3.0,Blank Ballot,0.0,8.0,5.0,1,56.0,0.0
FRH,FR,2.6666666666666665,Ineligible / Not Applicable,,6.0,3.0,1,20.0,0.0
FRE,FR,6.666666666666667,Refuse to Say,,5.0,4.0,1,90.0,4.0
FR1,FR,10.0,Ineligible / Not Applicable,,,1.0,0,55.0,2.0
FRI,FR,2.0,Ineligible / Not Applicable,,3.0,7.0,1,24.0,0.0
FRK,FR,6.666666666666667,Ineligible / Not Applicable,,8.0,7.0,1,37.0,0.0
FR1,FR,3.0,Don't Know,,,4.0,0,58.0,2.0
FRL,FR,5.0,Ineligible / Not Applicable,,8.0,6.0,0,20.0,0.0
FRE,FR,5.0,Valid Party Vote,0.0,3.0,1.0,0,90.0,4.0
FRI,FR,3.6666666666666665,Ineligible / Not Applicable,,5.0,4.0,1,32.0,0.0
FR1,FR,7.333333333333333,Ineligible / Not Applicable,,6.0,7.0,0,46.0,2.0
FRF,FR,5.666666666666667,Valid Party Vote,0.0,8.0,3.0,1,89.0,0.0
FRC,FR,3.0,Ineligible / Not Applicable,,6.0,5.0,0,37.0,0.0
FRF,FR,5.666666666666667,Ineligible / Not Applicable,,5.0,1.0,1,86.0,0.0
FRH,FR,3.0,Valid Party Vote,1.0,1.0,3.0,0,48.0,0.0
FR1,FR,4.0,Valid Party Vote,1.0,4.0,4.0,0,54.0,2.0
FRE,FR,4.666666666666667,Ineligible / Not Applicable,,2.0,2.0,0,17.0,4.0
FR1,FR,3.0,Valid Party Vote,1.0,5.0,7.0,0,36.0,2.0
FRF,FR,0.0,Ineligible / Not Applicable,,6.0,1.0,1,53.0,0.0
FRJ,FR,4.666666666666667,Ineligible / Not Applicable,,6.0,3.0,0,39.0,0.0
FRH,FR,5.0,Ineligible / Not Applicable,,5.0,5.0,0,27.0,0.0
FRK,FR,1.3333333333333333,Ineligible / Not Applicable,,10.0,4.0,0,53.0,0.0
FRI,FR,6.333333333333333,Don't Know,,5.0,7.0,0,24.0,0.0
FRG,FR,6.0,Ineligible / Not Applicable,,8.0,7.0,0,30.0,0.0
FRI,FR,2.6666666666666665,Valid Party Vote,0.0,6.0,7.0,1,49.0,0.0
FRC,FR,3.6666666666666665,Valid Party Vote,1.0,3.0,7.0,1,43.0,0.0
FR1,FR,4.666666666666667,Ineligible / Not Applicable,,6.0,6.0,0,25.0,2.0
FRJ,FR,4.0,Ineligible / Not Applicable,,4.0,6.0,0,28.0,0.0
FRF,FR,6.666666666666667,Ineligible / Not Applicable,,3.0,3.0,1,51.0,0.0
FRG,FR,5.666666666666667,Ineligible / Not Applicable,,3.0,2.0,0,17.0,0.0
FRF,FR,2.3333333333333335,Valid Party Vote,0.0,1.0,3.0,0,51.0,0.0
FRH,FR,3.3333333333333335,Ineligible / Not Applicable,,5.0,3.0,0,49.0,0.0
FRH,FR,0.3333333333333333,Ineligible / Not Applicable,,7.0,3.0,0,56.0,0.0
FR1,FR,4.666666666666667,Valid Party Vote,0.0,3.0,7.0,0,27.0,2.0
FRL,FR,3.0,Valid Party Vote,0.0,7.0,4.0,0,77.0,0.0
FRJ,FR,2.3333333333333335,Valid Party Vote,0.0,1.0,2.0,0,74.0,0.0
FRE,FR,2.6666666666666665,Valid Party Vote,1.0,0.0,1.0,0,56.0,4.0
FRJ,FR,3.6666666666666665,Valid Party Vote,0.0,5.0,7.0,0,60.0,0.0
FRJ,FR,2.0,Ineligible / Not Applicable,,1.0,2.0,1,69.0,0.0
FR1,FR,4.0,Ineligible / Not Applicable,,8.0,4.0,1,70.0,2.0
FRG,FR,7.666666666666667,Valid Party Vote,0.0,7.0,7.0,1,46.0,0.0
FRK,FR,2.6666666666666665,Ineligible / Not Applicable,,4.0,3.0,1,67.0,0.0
FRE,FR,1.6666666666666667,Valid Party Vote,0.0,3.0,1.0,0,69.0,4.0
FRE,FR,6.333333333333333,Valid Party Vote,0.0,5.0,4.0,0,25.0,4.0
FRE,FR,5.666666666666667,Valid Party Vote,0.0,7.0,7.0,1,25.0,4.0
FRH,FR,5.333333333333333,Valid Party Vote,0.0,4.0,3.0,0,64.0,0.0
FRG,FR,2.6666666666666665,Ineligible / Not Applicable,,1.0,6.0,1,30.0,0.0
FRK,FR,3.3333333333333335,Ineligible / Not Applicable,,0.0,3.0,1,46.0,0.0
FR1,FR,4.0,Ineligible / Not Applicable,,5.0,4.0,1,64.0,2.0
FR1,FR,4.0,Valid Party Vote,0.0,9.0,7.0,1,29.0,2.0
FR1,FR,2.6666666666666665,Valid Party Vote,1.0,2.0,2.0,1,63.0,2.0
FRK,FR,4.333333333333333,Valid Party Vote,0.0,2.0,3.0,0,76.0,0.0
FRF,FR,5.0,Ineligible / Not Applicable,,4.0,4.0,0,18.0,0.0
FR1,FR,4.333333333333333,Refuse to Say,,7.0,7.0,1,52.0,2.0
FRF,FR,4.666666666666667,Valid Party Vote,1.0,0.0,3.0,0,69.0,0.0
FRI,FR,2.6666666666666665,Ineligible / Not Applicable,,9.0,7.0,1,44.0,0.0
FR1,FR,5.333333333333333,Ineligible / Not Applicable,,,2.0,1,16.0,2.0
FRH,FR,0.0,Ineligible / Not Applicable,,1.0,5.0,0,60.0,0.0
FRF,FR,0.3333333333333333,Ineligible / Not Applicable,,10.0,1.0,0,77.0,0.0
FRK,FR,3.3333333333333335,Ineligible / Not Applicable,,9.0,7.0,1,37.0,0.0
FRJ,FR,1.6666666666666667,Blank Ballot,0.0,5.0,5.0,0,61.0,0.0
FRK,FR,6.666666666666667,Valid Party Vote,0.0,6.0,3.0,0,41.0,0.0
FR1,FR,4.333333333333333,Ineligible / Not Applicable,,4.0,7.0,0,29.0,2.0
FR1,FR,3.3333333333333335,Valid Party Vote,0.0,5.0,7.0,1,48.0,2.0
EL6,GR,2.3333333333333335,Ineligible / Not Applicable,,5.0,2.0,1,80.0,4.0
EL3,GR,0.6666666666666666,Ineligible / Not Applicable,,2.0,2.0,1,62.0,4.0
EL3,GR,2.0,Valid Party Vote,0.0,5.0,6.0,1,40.0,4.0
EL3,GR,3.6666666666666665,Valid Party Vote,0.0,5.0,2.0,1,57.0,4.0
EL5,GR,5.666666666666667,Refuse to Say,,4.0,1.0,1,85.0,4.0
EL3,GR,2.6666666666666665,Valid Party Vote,0.0,5.0,2.0,0,66.0,4.0
EL6,GR,2.0,Refuse to Say,,5.0,4.0,0,58.0,4.0
EL6,GR,2.3333333333333335,Valid Party Vote,0.0,2.0,4.0,1,19.0,4.0
EL6,GR,5.666666666666667,Valid Party Vote,0.0,5.0,4.0,1,29.0,4.0
EL6,GR,3.0,Valid Party Vote,0.0,1.0,2.0,0,40.0,4.0
EL6,GR,4.0,Valid Party Vote,0.0,1.0,4.0,1,21.0,4.0
EL3,GR,3.0,Ineligible / Not Applicable,,3.0,6.0,1,54.0,4.0
EL6,GR,1.0,Refuse to Say,,1.0,4.0,1,54.0,4.0
EL3,GR,5.666666666666667,Valid Party Vote,0.0,3.0,4.0,1,41.0,4.0
EL6,GR,6.333333333333333,Valid Party Vote,0.0,7.0,6.0,0,67.0,4.0
EL3,GR,2.6666666666666665,Valid Party Vote,0.0,3.0,1.0,1,66.0,4.0
EL4,GR,5.333333333333333,Ineligible / Not Applicable,,4.0,2.0,0,16.0,4.0
EL3,GR,5.666666666666667,Ineligible / Not Applicable,,2.0,4.0,1,38.0,4.0
EL6,GR,0.0,Valid Party Vote,0.0,0.0,5.0,1,68.0,4.0
EL6,GR,5.0,Refuse to Say,,5.0,4.0,1,57.0,4.0
EL5,GR,2.6666666666666665,Refuse to Say,,3.0,6.0,0,39.0,4.0
EL3,GR,5.666666666666667,Valid Party Vote,0.0,5.0,6.0,0,39.0,4.0
EL4,GR,2.3333333333333335,Valid Party Vote,0.0,2.0,1.0,0,48.0,4.0
EL6,GR,0.0,Refuse to Say,,0.0,4.0,0,34.0,4.0
EL6,GR,9.0,Valid Party Vote,0.0,2.0,6.0,1,65.0,4.0
EL6,GR,3.0,Valid Party Vote,1.0,2.0,4.0,1,50.0,4.0
EL6,GR,1.3333333333333333,Valid Party Vote,0.0,4.0,4.0,0,56.0,4.0
EL6,GR,6.0,Valid Party Vote,0.0,5.0,6.0,0,58.0,4.0
EL6,GR,7.333333333333333,Valid Party Vote,0.0,5.0,6.0,1,41.0,4.0
EL6,GR,5.666666666666667,Valid Party Vote,1.0,1.0,4.0,0,84.0,4.0
EL3,GR,4.0,Valid Party Vote,0.0,4.0,7.0,0,47.0,4.0
EL6,GR,3.3333333333333335,Valid Party Vote,0.0,3.0,7.0,1,34.0,4.0
EL4,GR,3.6666666666666665,Valid Party Vote,0.0,2.0,2.0,0,72.0,4.0
EL3,GR,5.333333333333333,Valid Party Vote,0.0,3.0,4.0,0,55.0,4.0
EL3,GR,2.3333333333333335,Ineligible / Not Applicable,,5.0,3.0,1,35.0,4.0
EL5,GR,3.6666666666666665,Valid Party Vote,0.0,5.0,2.0,1,74.0,4.0
EL3,GR,6.0,Refuse to Say,,5.0,4.0,0,55.0,4.0
EL4,GR,5.666666666666667,Valid Party Vote,0.0,7.0,3.0,1,52.0,4.0
EL5,GR,3.0,Valid Party Vote,0.0,7.0,2.0,0,36.0,4.0
EL3,GR,3.6666666666666665,Ineligible / Not Applicable,,5.0,4.0,1,78.0,4.0
EL6,GR,2.6666666666666665,Valid Party Vote,1.0,0.0,2.0,0,68.0,4.0
EL3,GR,3.3333333333333335,Valid Party Vote,0.0,6.0,6.0,1,55.0,4.0
EL4,GR,5.0,Valid Party Vote,0.0,5.0,4.0,0,20.0,4.0
EL5,GR,6.333333333333333,Valid Party Vote,0.0,8.0,4.0,0,89.0,4.0
EL3,GR,4.666666666666667,Valid Party Vote,1.0,0.0,4.0,0,66.0,4.0
EL5,GR,3.3333333333333335,Valid Party Vote,0.0,2.0,5.0,1,48.0,4.0
EL3,GR,2.0,Valid Party Vote,0.0,4.0,1.0,1,68.0,4.0
EL3,GR,2.6666666666666665,Valid Party Vote,0.0,5.0,4.0,0,19.0,4.0
EL3,GR,3.3333333333333335,Valid Party Vote,0.0,3.0,4.0,1,32.0,4.0
EL5,GR,3.3333333333333335,Ineligible / Not Applicable,,5.0,4.0,0,25.0,4.0
EL5,GR,4.666666666666667,Valid Party Vote,0.0,5.0,4.0,1,57.0,4.0
EL4,GR,5.333333333333333,Valid Party Vote,0.0,7.0,6.0,1,33.0,4.0
EL5,GR,8.333333333333334,Valid Party Vote,0.0,2.0,4.0,0,61.0,4.0
EL3,GR,3.6666666666666665,Refuse to Say,,4.0,4.0,1,57.0,4.0
EL3,GR,3.3333333333333335,Valid Party Vote,1.0,0.0,6.0,1,42.0,4.0
EL5,GR,3.0,Ineligible / Not Applicable,,6.0,4.0,0,39.0,4.0
EL6,GR,3.3333333333333335,Valid Party Vote,0.0,2.0,1.0,1,82.0,4.0
EL5,GR,4.0,Valid Party Vote,0.0,5.0,4.0,1,55.0,4.0
FRI,FR,6.333333333333333,Valid Party Vote,0.0,6.0,4.0,1,48.0,0.0
FRK,FR,5.0,Ineligible / Not Applicable,,5.0,4.0,0,35.0,0.0
FRF,FR,4.666666666666667,Valid Party Vote,0.0,5.0,7.0,1,62.0,0.0
FRC,FR,7.0,Valid Party Vote,0.0,5.0,3.0,0,69.0,0.0
FRE,FR,7.0,Ineligible / Not Applicable,,8.0,7.0,0,56.0,4.0
FRG,FR,0.6666666666666666,Ineligible / Not Applicable,,2.0,3.0,1,52.0,0.0
FRK,FR,4.333333333333333,Ineligible / Not Applicable,,5.0,5.0,1,60.0,0.0
FRD,FR,4.666666666666667,Ineligible / Not Applicable,,1.0,3.0,0,62.0,0.0
FRE,FR,4.0,Blank Ballot,0.0,8.0,5.0,1,43.0,4.0
FRF,FR,6.333333333333333,Valid Party Vote,0.0,8.0,3.0,0,67.0,0.0
FRH,FR,4.666666666666667,Ineligible / Not Applicable,,5.0,2.0,1,17.0,0.0
FR1,FR,4.333333333333333,Ineligible / Not Applicable,,5.0,4.0,1,19.0,2.0
FRI,FR,3.0,Valid Party Vote,0.0,5.0,5.0,1,77.0,0.0
FRK,FR,1.3333333333333333,Ineligible / Not Applicable,,10.0,6.0,1,36.0,0.0
FR1,FR,3.3333333333333335,Ineligible / Not Applicable,,8.0,1.0,0,56.0,2.0
FRJ,FR,6.666666666666667,Ineligible / Not Applicable,,5.0,5.0,1,62.0,0.0
FRH,FR,4.0,Refuse to Say,,3.0,3.0,1,71.0,0.0
FRI,FR,8.333333333333334,Valid Party Vote,0.0,5.0,5.0,0,64.0,0.0
FRL,FR,4.666666666666667,Don't Know,,6.0,7.0,1,39.0,0.0
FRG,FR,4.0,Valid Party Vote,0.0,7.0,3.0,0,39.0,0.0
FRK,FR,0.3333333333333333,Ineligible / Not Applicable,,7.0,5.0,0,21.0,0.0
FRC,FR,6.0,Valid Party Vote,0.0,5.0,3.0,0,89.0,0.0
FRK,FR,2.3333333333333335,Ineligible / Not Applicable,,6.0,5.0,1,52.0,0.0
FRL,FR,3.0,Ineligible / Not Applicable,,6.0,5.0,1,44.0,0.0
FRJ,FR,5.0,Valid Party Vote,0.0,5.0,7.0,0,40.0,0.0
FR1,FR,7.333333333333333,Ineligible / Not Applicable,,8.0,1.0,0,60.0,2.0
FRH,FR,4.333333333333333,Don't Know,,5.0,2.0,1,60.0,0.0
FRL,FR,4.333333333333333,Ineligible / Not Applicable,,1.0,7.0,0,45.0,0.0
FRK,FR,5.0,Ineligible / Not Applicable,,6.0,5.0,1,34.0,0.0
FR1,FR,1.0,Ineligible / Not Applicable,,5.0,5.0,1,35.0,2.0
FRI,FR,3.0,Valid Party Vote,0.0,7.0,7.0,0,43.0,0.0
FR1,FR,4.0,Valid Party Vote,0.0,5.0,2.0,0,71.0,2.0
FRJ,FR,4.333333333333333,Ineligible / Not Applicable,,5.0,6.0,1,34.0,0.0
FRB,FR,1.0,Ineligible / Not Applicable,,3.0,3.0,0,64.0,0.0
FRE,FR,3.6666666666666665,Don't Know,,1.0,3.0,0,59.0,4.0
FRE,FR,4.333333333333333,Ineligible / Not Applicable,,5.0,4.0,0,18.0,4.0
FR1,FR,3.0,Valid Party Vote,0.0,7.0,7.0,0,35.0,2.0
FRI,FR,2.3333333333333335,Blank Ballot,0.0,8.0,5.0,0,76.0,0.0
FRF,FR,4.333333333333333,Ineligible / Not Applicable,,3.0,3.0,1,46.0,0.0
FRI,FR,1.0,Ineligible / Not Applicable,,8.0,5.0,0,50.0,0.0
FRK,FR,0.0,Valid Party Vote,0.0,8.0,1.0,0,63.0,0.0
FRC,FR,3.0,Ineligible / Not Applicable,,7.0,2.0,1,60.0,0.0
FRK,FR,5.0,Valid Party Vote,0.0,5.0,5.0,0,61.0,0.0
FR1,FR,3.6666666666666665,Ineligible / Not Applicable,,8.0,4.0,0,38.0,2.0
FRL,FR,2.0,Valid Party Vote,1.0,0.0,1.0,0,85.0,0.0
FRK,FR,5.0,Ineligible / Not Applicable,,7.0,1.0,1,73.0,0.0
FRH,FR,7.0,Valid Party Vote,0.0,5.0,7.0,0,83.0,0.0
FRJ,FR,0.6666666666666666,Ineligible / Not Applicable,,4.0,4.0,0,75.0,0.0
FRG,FR,4.333333333333333,Valid Party Vote,0.0,5.0,3.0,1,68.0,0.0
FRE,FR,3.0,Blank Ballot,0.0,7.0,6.0,0,51.0,4.0
FRJ,FR,0.0,Ineligible / Not Applicable,,3.0,1.0,0,57.0,0.0
FR1,FR,5.333333333333333,Valid Party Vote,0.0,5.0,7.0,0,38.0,2.0
FR1,FR,0.6666666666666666,Valid Party Vote,0.0,0.0,3.0,1,71.0,2.0
FRG,FR,3.6666666666666665,Valid Party Vote,0.0,5.0,6.0,0,22.0,0.0
FRI,FR,6.0,Ineligible / Not Applicable,,5.0,1.0,0,71.0,0.0
FRC,FR,1.6666666666666667,Valid Party Vote,0.0,5.0,4.0,0,58.0,0.0
FR1,FR,3.6666666666666665,Valid Party Vote,0.0,5.0,7.0,0,64.0,2.0
FRC,FR,5.0,Valid Party Vote,0.0,5.0,3.0,0,58.0,0.0
FR1,FR,4.666666666666667,Ineligible / Not Applicable,,5.0,5.0,1,58.0,2.0
FRK,FR,5.0,Ineligible / Not Applicable,,5.0,5.0,1,22.0,0.0
FRK,FR,5.333333333333333,Ineligible / Not Applicable,,4.0,6.0,1,30.0,0.0
FRI,FR,4.0,Ineligible / Not Applicable,,6.0,3.0,1,26.0,0.0
FRJ,FR,3.6666666666666665,Ineligible / Not Applicable,,7.0,5.0,0,19.0,0.0
FRD,FR,1.0,Blank Ballot,0.0,1.0,4.0,1,58.0,0.0
FR1,FR,4.0,Valid Party Vote,0.0,10.0,5.0,1,58.0,2.0
FRJ,FR,5.666666666666667,Ineligible / Not Applicable,,5.0,4.0,1,18.0,0.0
FRH,FR,2.0,Valid Party Vote,0.0,8.0,3.0,0,58.0,0.0
FRE,FR,2.3333333333333335,Refuse to Say,,5.0,2.0,1,70.0,4.0
FRD,FR,2.6666666666666665,Valid Party Vote,0.0,2.0,5.0,1,48.0,0.0
FRH,FR,3.3333333333333335,Valid Party Vote,0.0,5.0,6.0,1,43.0,0.0
FRE,FR,1.3333333333333333,Valid Party Vote,0.0,0.0,1.0,0,81.0,4.0
FRH,FR,5.666666666666667,Valid Party Vote,0.0,6.0,4.0,1,54.0,0.0
FRF,FR,0.3333333333333333,Blank Ballot,0.0,8.0,3.0,0,58.0,0.0
FRG,FR,4.0,Ineligible / Not Applicable,,3.0,2.0,0,17.0,0.0
FRD,FR,3.0,Valid Party Vote,0.0,2.0,1.0,1,74.0,0.0
FRB,FR,1.6666666666666667,Valid Party Vote,0.0,3.0,4.0,0,87.0,0.0
FRC,FR,3.3333333333333335,Valid Party Vote,0.0,3.0,1.0,0,80.0,0.0
FRF,FR,5.666666666666667,Valid Party Vote,0.0,5.0,7.0,1,26.0,0.0
FRK,FR,6.333333333333333,Valid Party Vote,0.0,4.0,5.0,0,20.0,0.0
FRK,FR,0.6666666666666666,Blank Ballot,0.0,10.0,4.0,1,67.0,0.0
FRK,FR,7.666666666666667,Ineligible / Not Applicable,,5.0,5.0,1,44.0,0.0
FRH,FR,2.3333333333333335,Valid Party Vote,0.0,6.0,4.0,0,66.0,0.0
FRK,FR,4.0,Ineligible / Not Applicable,,,7.0,0,52.0,0.0
FRL,FR,5.0,Ineligible / Not Applicable,,3.0,6.0,0,51.0,0.0
FRI,FR,4.666666666666667,Valid Party Vote,0.0,7.0,5.0,0,40.0,0.0
FR1,FR,5.666666666666667,Ineligible / Not Applicable,,7.0,2.0,0,19.0,2.0
FRC,FR,5.666666666666667,Valid Party Vote,0.0,10.0,7.0,1,24.0,0.0
FRI,FR,2.5,Ineligible / Not Applicable,,8.0,2.0,0,36.0,0.0
FRE,FR,1.6666666666666667,Valid Party Vote,0.0,5.0,3.0,1,43.0,4.0
FRC,FR,3.0,Valid Party Vote,1.0,3.0,2.0,1,54.0,0.0
FRF,FR,2.0,Valid Party Vote,0.0,5.0,4.0,0,63.0,0.0
FRF,FR,0.0,Ineligible / Not Applicable,,0.0,7.0,0,60.0,0.0
FRK,FR,2.6666666666666665,Ineligible / Not Applicable,,5.0,2.0,0,25.0,0.0
FRK,FR,2.6666666666666665,Ineligible / Not Applicable,,4.0,4.0,1,18.0,0.0
FRE,FR,5.0,Refuse to Say,,0.0,3.0,0,76.0,4.0
FRJ,FR,3.3333333333333335,Ineligible / Not Applicable,,7.0,2.0,1,17.0,0.0
FR1,FR,5.333333333333333,Valid Party Vote,0.0,7.0,5.0,0,33.0,2.0
FRJ,FR,5.333333333333333,Ineligible / Not Applicable,,3.0,4.0,0,55.0,0.0
FR1,FR,5.333333333333333,Ineligible / Not Applicable,,5.0,2.0,1,17.0,2.0
FRF,FR,4.666666666666667,Ineligible / Not Applicable,,5.0,4.0,0,42.0,0.0
FRK,FR,0.0,Ineligible / Not Applicable,,5.0,6.0,1,54.0,0.0
FRI,FR,6.333333333333333,Valid Party Vote,0.0,7.0,4.0,0,77.0,0.0
FRG,FR,3.6666666666666665,Don't Know,,6.0,7.0,1,80.0,0.0
FRE,FR,3.6666666666666665,Valid Party Vote,0.0,5.0,7.0,1,45.0,4.0
FRE,FR,5.333333333333333,Invalid Ballot,0.0,6.0,4.0,1,57.0,4.0
FRF,FR,1.0,Valid Party Vote,1.0,2.0,4.0,0,28.0,0.0
FRH,FR,5.666666666666667,Valid Party Vote,0.0,7.0,5.0,0,22.0,0.0
FRE,FR,4.666666666666667,Valid Party Vote,1.0,4.0,4.0,0,62.0,4.0
FRF,FR,5.0,Valid Party Vote,0.0,4.0,4.0,1,39.0,0.0
FRJ,FR,5.333333333333333,Valid Party Vote,0.0,10.0,6.0,1,62.0,0.0
FRI,FR,8.0,Valid Party Vote,1.0,5.0,4.0,0,71.0,0.0
FRG,FR,3.6666666666666665,Invalid Ballot,0.0,1.0,3.0,0,49.0,0.0
FRI,FR,0.0,Valid Party Vote,0.0,5.0,3.0,1,74.0,0.0
FRH,FR,7.0,Blank Ballot,0.0,8.0,5.0,1,73.0,0.0
FRC,FR,2.6666666666666665,Ineligible / Not Applicable,,3.0,5.0,0,28.0,0.0
FRC,FR,4.333333333333333,Ineligible / Not Applicable,,4.0,3.0,0,22.0,0.0
FRH,FR,1.0,Valid Party Vote,0.0,10.0,2.0,0,77.0,0.0
FRB,FR,3.3333333333333335,Ineligible / Not Applicable,,5.0,4.0,0,20.0,0.0
FRD,FR,3.3333333333333335,Don't Know,,8.0,7.0,1,28.0,0.0
FRG,FR,0.6666666666666666,Don't Know,,3.0,1.0,0,72.0,0.0
FRK,FR,3.3333333333333335,Valid Party Vote,0.0,5.0,5.0,1,65.0,0.0
FRI,FR,5.666666666666667,Ineligible / Not Applicable,,3.0,5.0,0,32.0,0.0
FR1,FR,5.0,Valid Party Vote,0.0,10.0,5.0,0,53.0,2.0
FRE,FR,6.333333333333333,Valid Party Vote,0.0,7.0,4.0,0,74.0,4.0
FRC,FR,2.6666666666666665,Ineligible / Not Applicable,,4.0,5.0,1,41.0,0.0
FRG,FR,6.0,Valid Party Vote,0.0,5.0,4.0,0,38.0,0.0
FR1,FR,6.333333333333333,Valid Party Vote,0.0,5.0,7.0,0,64.0,2.0
FRH,FR,5.0,Ineligible / Not Applicable,,5.0,3.0,1,62.0,0.0
FRF,FR,6.333333333333333,Ineligible / Not Applicable,,5.0,,1,25.0,0.0
FR1,FR,0.0,Valid Party Vote,0.0,3.0,1.0,1,90.0,2.0
FRB,FR,4.0,Valid Party Vote,1.0,0.0,5.0,1,22.0,0.0
FRK,FR,5.666666666666667,Ineligible / Not Applicable,,7.0,2.0,1,16.0,0.0
FRJ,FR,6.666666666666667,Valid Party Vote,0.0,5.0,5.0,0,55.0,0.0
FR1,FR,7.333333333333333,Ineligible / Not Applicable,,5.0,2.0,1,17.0,2.0
FR1,FR,3.0,Ineligible / Not Applicable,,8.0,2.0,1,17.0,2.0
FRH,FR,4.333333333333333,Ineligible / Not Applicable,,5.0,2.0,1,79.0,0.0
FRI,FR,3.3333333333333335,Ineligible / Not Applicable,,5.0,4.0,0,54.0,0.0
FRC,FR,2.0,Valid Party Vote,0.0,2.0,7.0,0,86.0,0.0
FRH,FR,1.6666666666666667,Ineligible / Not Applicable,,5.0,4.0,0,49.0,0.0
FRD,FR,4.333333333333333,Valid Party Vote,0.0,6.0,7.0,0,25.0,0.0
FRJ,FR,7.0,Valid Party Vote,0.0,5.0,5.0,0,57.0,0.0
FR1,FR,3.6666666666666665,Ineligible / Not Applicable,,3.0,1.0,1,84.0,2.0
FRI,FR,2.3333333333333335,Valid Party Vote,1.0,5.0,4.0,1,48.0,0.0
FRD,FR,5.0,Ineligible / Not Applicable,,5.0,4.0,1,18.0,0.0
FR1,FR,4.333333333333333,Ineligible / Not Applicable,,8.0,4.0,0,18.0,2.0
FRF,FR,5.0,Ineligible / Not Applicable,,7.0,4.0,1,50.0,0.0
FRK,FR,5.333333333333333,Ineligible / Not Applicable,,6.0,3.0,0,40.0,0.0
FRG,FR,5.0,Ineligible / Not Applicable,,7.0,2.0,0,16.0,0.0
FR1,FR,4.666666666666667,Valid Party Vote,0.0,5.0,7.0,1,59.0,2.0
FR1,FR,3.3333333333333335,Valid Party Vote,0.0,7.0,7.0,1,35.0,2.0
FR1,FR,4.333333333333333,Blank Ballot,0.0,5.0,4.0,0,21.0,2.0
FRI,FR,5.0,Ineligible / Not Applicable,,5.0,4.0,1,45.0,0.0
FRK,FR,6.0,Valid Party Vote,0.0,8.0,4.0,1,33.0,0.0
FRB,FR,4.333333333333333,Ineligible / Not Applicable,,3.0,4.0,1,43.0,0.0
FRK,FR,3.6666666666666665,Ineligible / Not Applicable,,4.0,4.0,0,35.0,0.0
FRF,FR,7.0,Ineligible / Not Applicable,,4.0,6.0,0,36.0,0.0
FRH,FR,7.0,Don't Know,,6.0,5.0,0,49.0,0.0
FRH,FR,5.333333333333333,Valid Party Vote,0.0,4.0,6.0,0,48.0,0.0
FRH,FR,4.666666666666667,Ineligible / Not Applicable,,8.0,1.0,1,40.0,0.0
FRK,FR,3.6666666666666665,Ineligible / Not Applicable,,5.0,3.0,1,70.0,0.0
FRB,FR,4.0,Ineligible / Not Applicable,,5.0,4.0,1,60.0,0.0
FR1,FR,4.0,Valid Party Vote,0.0,5.0,3.0,0,35.0,2.0
FRL,FR,6.333333333333333,Valid Party Vote,1.0,3.0,3.0,0,62.0,0.0
FRJ,FR,6.666666666666667,Ineligible / Not Applicable,,5.0,2.0,0,66.0,0.0
FRJ,FR,5.666666666666667,Ineligible / Not Applicable,,5.0,4.0,0,18.0,0.0
FRH,FR,8.0,Valid Party Vote,0.0,5.0,6.0,0,63.0,0.0
FRB,FR,7.0,Valid Party Vote,0.0,3.0,7.0,0,74.0,0.0
FRK,FR,6.0,Ineligible / Not Applicable,,4.0,5.0,1,59.0,0.0
FRD,FR,6.333333333333333,Ineligible / Not Applicable,,3.0,1.0,1,89.0,0.0
FRH,FR,2.3333333333333335,Valid Party Vote,0.0,0.0,3.0,1,63.0,0.0
FRF,FR,5.333333333333333,Blank Ballot,0.0,5.0,3.0,0,68.0,0.0
FRK,FR,2.5,Ineligible / Not Applicable,,3.0,3.0,0,17.0,0.0
FRK,FR,4.333333333333333,Valid Party Vote,0.0,5.0,7.0,0,47.0,0.0
FRK,FR,2.6666666666666665,Ineligible / Not Applicable,,10.0,3.0,1,44.0,0.0
FRI,FR,3.3333333333333335,Don't Know,,,3.0,0,45.0,0.0
FRK,FR,6.666666666666667,Ineligible / Not Applicable,,7.0,7.0,0,42.0,0.0
FRK,FR,7.0,Invalid Ballot,0.0,8.0,3.0,0,69.0,0.0
FRD,FR,5.0,Ineligible / Not Applicable,,7.0,5.0,1,48.0,0.0
FRH,FR,4.5,Valid Party Vote,0.0,7.0,3.0,0,68.0,0.0
FRB,FR,2.6666666666666665,Ineligible / Not Applicable,,5.0,3.0,1,39.0,0.0
FR1,FR,5.666666666666667,Valid Party Vote,0.0,6.0,7.0,1,72.0,2.0
FRI,FR,1.6666666666666667,Don't Know,,5.0,3.0,1,42.0,0.0
FRJ,FR,0.0,Valid Party Vote,1.0,3.0,2.0,0,78.0,0.0
FRK,FR,0.6666666666666666,Ineligible / Not Applicable,,3.0,4.0,1,68.0,0.0
FRH,FR,2.3333333333333335,Don't Know,,5.0,7.0,0,76.0,0.0
FR1,FR,2.6666666666666665,Valid Party Vote,0.0,5.0,5.0,0,61.0,2.0
FRK,FR,3.3333333333333335,Valid Party Vote,0.0,6.0,5.0,0,27.0,0.0
FRG,FR,6.333333333333333,Valid Party Vote,1.0,7.0,5.0,0,39.0,0.0
FRE,FR,0.0,Ineligible / Not Applicable,,5.0,3.0,0,30.0,4.0
FRJ,FR,2.6666666666666665,Valid Party Vote,1.0,3.0,6.0,0,72.0,0.0
FRH,FR,2.6666666666666665,Ineligible / Not Applicable,,3.0,5.0,0,39.0,0.0
FRI,FR,3.3333333333333335,Ineligible / Not Applicable,,5.0,1.0,1,87.0,0.0
FRG,FR,1.6666666666666667,Ineligible / Not Applicable,,4.0,3.0,1,30.0,0.0
FRJ,FR,3.0,Valid Party Vote,0.0,,5.0,1,49.0,0.0
FRK,FR,5.0,Ineligible / Not Applicable,,5.0,4.0,1,67.0,0.0
FR1,FR,6.0,Ineligible / Not Applicable,,7.0,3.0,0,43.0,2.0
FRI,FR,5.666666666666667,Valid Party Vote,0.0,8.0,3.0,0,49.0,0.0
FRG,FR,4.333333333333333,Ineligible / Not Applicable,,5.0,3.0,1,43.0,0.0
FRE,FR,4.0,Ineligible / Not Applicable,,4.0,5.0,1,30.0,4.0
FRE,FR,5.666666666666667,Ineligible / Not Applicable,,5.0,5.0,1,20.0,4.0
FRG,FR,6.0,Ineligible / Not Applicable,,8.0,2.0,0,33.0,0.0
FRH,FR,0.6666666666666666,Blank Ballot,0.0,4.0,3.0,0,76.0,0.0
FRL,FR,2.0,Ineligible / Not Applicable,,5.0,6.0,1,42.0,0.0
FRF,FR,1.0,Ineligible / Not Applicable,,5.0,3.0,0,72.0,0.0
FRG,FR,3.6666666666666665,Valid Party Vote,1.0,5.0,3.0,1,29.0,0.0
FRF,FR,4.333333333333333,Ineligible / Not Applicable,,7.0,3.0,0,62.0,0.0
FRK,FR,7.333333333333333,Ineligible / Not Applicable,,5.0,6.0,1,29.0,0.0
FR1,FR,5.0,Ineligible / Not Applicable,,10.0,3.0,0,52.0,2.0
FRK,FR,3.0,Ineligible / Not Applicable,,5.0,4.0,0,21.0,0.0
FRB,FR,6.666666666666667,Valid Party Vote,0.0,5.0,7.0,0,56.0,0.0
FR1,FR,6.333333333333333,Ineligible / Not Applicable,,9.0,7.0,1,31.0,2.0
FRK,FR,2.3333333333333335,Valid Party Vote,0.0,6.0,6.0,0,22.0,0.0
FRB,FR,5.666666666666667,Ineligible / Not Applicable,,5.0,1.0,0,29.0,0.0
FR1,FR,5.333333333333333,Refuse to Say,,5.0,5.0,1,82.0,2.0
FRK,FR,3.3333333333333335,Valid Party Vote,0.0,5.0,1.0,1,85.0,0.0
FRH,FR,2.6666666666666665,Ineligible / Not Applicable,,2.0,1.0,1,77.0,0.0
FRL,FR,5.666666666666667,Valid Party Vote,0.0,5.0,2.0,0,84.0,0.0
FRJ,FR,5.333333333333333,Valid Party Vote,0.0,5.0,3.0,0,41.0,0.0
FRF,FR,3.3333333333333335,Ineligible / Not Applicable,,4.0,3.0,0,70.0,0.0
FRI,FR,2.0,Valid Party Vote,0.0,5.0,3.0,0,41.0,0.0
FRE,FR,7.0,Don't Know,,2.0,5.0,1,34.0,4.0
FRF,FR,4.666666666666667,Blank Ballot,0.0,5.0,6.0,0,22.0,0.0
FRC,FR,4.0,Ineligible / Not Applicable,,5.0,6.0,1,36.0,0.0
FRF,FR,6.0,Valid Party Vote,0.0,6.0,2.0,1,74.0,0.0
FRE,FR,2.0,Valid Party Vote,0.0,3.0,2.0,1,55.0,4.0
FRK,FR,7.0,Valid Party Vote,0.0,9.0,6.0,1,20.0,0.0
FRI,FR,2.3333333333333335,Valid Party Vote,0.0,5.0,4.0,1,27.0,0.0
FRK,FR,5.333333333333333,Valid Party Vote,0.0,5.0,5.0,1,39.0,0.0
FRF,FR,2.6666666666666665,Valid Party Vote,0.0,4.0,6.0,0,20.0,0.0
FR1,FR,6.333333333333333,Valid Party Vote,0.0,8.0,4.0,1,71.0,2.0
FRB,FR,0.3333333333333333,Ineligible / Not Applicable,,9.0,3.0,0,48.0,0.0
FRE,FR,6.0,Don't Know,,,1.0,1,86.0,4.0
FRG,FR,7.666666666666667,Valid Party Vote,0.0,8.0,1.0,0,64.0,0.0
FRK,FR,1.6666666666666667,Valid Party Vote,0.0,7.0,7.0,1,48.0,0.0
FRK,FR,4.666666666666667,Refuse to Say,,6.0,5.0,0,,0.0
FRG,FR,7.0,Valid Party Vote,0.0,7.0,7.0,1,44.0,0.0
FRE,FR,3.6666666666666665,Valid Party Vote,1.0,4.0,3.0,1,60.0,4.0
FRE,FR,3.6666666666666665,Refuse to Say,,5.0,7.0,1,55.0,4.0
FRI,FR,4.0,Valid Party Vote,0.0,8.0,7.0,0,72.0,0.0
FRK,FR,2.0,Valid Party Vote,0.0,10.0,6.0,1,22.0,0.0
FRJ,FR,4.333333333333333,Valid Party Vote,0.0,8.0,4.0,1,64.0,0.0
FRF,FR,4.666666666666667,Ineligible / Not Applicable,,4.0,4.0,0,41.0,0.0
FR1,FR,6.333333333333333,Valid Party Vote,0.0,7.0,6.0,1,38.0,2.0
FRK,FR,6.333333333333333,Valid Party Vote,0.0,6.0,4.0,1,36.0,0.0
FRK,FR,7.666666666666667,Ineligible / Not Applicable,,5.0,2.0,1,16.0,0.0
FRJ,FR,4.666666666666667,Valid Party Vote,0.0,5.0,3.0,0,84.0,0.0
FRF,FR,2.0,Valid Party Vote,1.0,3.0,4.0,0,41.0,0.0
FRC,FR,5.333333333333333,Ineligible / Not Applicable,,3.0,1.0,1,83.0,0.0
FRB,FR,5.666666666666667,Ineligible / Not Applicable,,8.0,1.0,0,75.0,0.0
FRE,FR,5.333333333333333,Ineligible / Not Applicable,,6.0,4.0,1,19.0,4.0
FRI,FR,3.3333333333333335,Ineligible / Not Applicable,,5.0,4.0,0,70.0,0.0
FRK,FR,7.666666666666667,Valid Party Vote,0.0,6.0,4.0,0,22.0,0.0
FRF,FR,6.333333333333333,Valid Party Vote,0.0,4.0,7.0,0,63.0,0.0
FRL,FR,6.333333333333333,Ineligible / Not Applicable,,6.0,2.0,1,63.0,0.0
FR1,FR,3.0,Ineligible / Not Applicable,,10.0,4.0,1,19.0,2.0
FRI,FR,2.6666666666666665,Valid Party Vote,0.0,7.0,3.0,0,83.0,0.0
FRK,FR,5.333333333333333,Ineligible / Not Applicable,,6.0,3.0,0,71.0,0.0
FRK,FR,2.6666666666666665,Valid Party Vote,0.0,5.0,4.0,1,64.0,0.0
FRF,FR,6.666666666666667,Valid Party Vote,0.0,6.0,7.0,0,39.0,0.0
FRG,FR,6.0,Valid Party Vote,0.0,7.0,4.0,1,88.0,0.0
FRC,FR,4.333333333333333,Ineligible / Not Applicable,,5.0,4.0,0,17.0,0.0
FRK,FR,6.0,Valid Party Vote,0.0,6.0,7.0,1,81.0,0.0
FR1,FR,2.0,Don't Know,,5.0,6.0,1,35.0,2.0
FRH,FR,5.666666666666667,Valid Party Vote,0.0,5.0,5.0,1,50.0,0.0
FRJ,FR,6.333333333333333,Valid Party Vote,0.0,8.0,7.0,0,54.0,0.0
FRI,FR,5.666666666666667,Valid Party Vote,0.0,2.0,7.0,0,26.0,0.0
FRF,FR,7.333333333333333,Invalid Ballot,0.0,7.0,7.0,0,48.0,0.0
FRC,FR,5.0,Valid Party Vote,1.0,7.0,3.0,0,54.0,0.0
FRK,FR,1.6666666666666667,Valid Party Vote,0.0,6.0,3.0,0,76.0,0.0
FRK,FR,6.333333333333333,Valid Party Vote,0.0,5.0,5.0,1,43.0,0.0
FRG,FR,5.666666666666667,Ineligible / Not Applicable,,6.0,5.0,1,29.0,0.0
FR1,FR,5.333333333333333,Ineligible / Not Applicable,,3.0,2.0,1,86.0,2.0
FRI,FR,5.333333333333333,Ineligible / Not Applicable,,8.0,7.0,0,32.0,0.0
FRF,FR,5.333333333333333,Ineligible / Not Applicable,,7.0,4.0,1,17.0,0.0
FRD,FR,5.0,Valid Party Vote,0.0,5.0,1.0,1,89.0,0.0
FRH,FR,0.6666666666666666,Valid Party Vote,0.0,4.0,5.0,0,74.0,0.0
FRF,FR,6.333333333333333,Valid Party Vote,0.0,7.0,7.0,0,28.0,0.0
FRJ,FR,6.333333333333333,Ineligible / Not Applicable,,10.0,2.0,0,16.0,0.0
FRG,FR,4.666666666666667,Ineligible / Not Applicable,,2.0,5.0,0,45.0,0.0
FRJ,FR,2.6666666666666665,Valid Party Vote,0.0,8.0,7.0,1,53.0,0.0
FRJ,FR,7.0,Valid Party Vote,0.0,8.0,5.0,1,33.0,0.0
FRG,FR,5.0,Valid Party Vote,0.0,6.0,7.0,1,51.0,0.0
FRK,FR,5.666666666666667,Valid Party Vote,0.0,5.0,4.0,0,52.0,0.0
FRD,FR,3.3333333333333335,Ineligible / Not Applicable,,3.0,3.0,1,45.0,0.0
FRE,FR,5.666666666666667,Ineligible / Not Applicable,,5.0,5.0,1,47.0,4.0
FRI,FR,3.3333333333333335,Ineligible / Not Applicable,,5.0,7.0,1,50.0,0.0
FR1,FR,4.666666666666667,Ineligible / Not Applicable,,6.0,5.0,1,42.0,2.0
FR1,FR,4.0,Valid Party Vote,0.0,4.0,3.0,1,65.0,2.0
FRF,FR,5.333333333333333,Ineligible / Not Applicable,,10.0,3.0,1,84.0,0.0
FRK,FR,6.666666666666667,Valid Party Vote,0.0,5.0,7.0,0,61.0,0.0
FRK,FR,3.6666666666666665,Ineligible / Not Applicable,,6.0,6.0,1,38.0,0.0
FRH,FR,4.666666666666667,Ineligible / Not Applicable,,8.0,7.0,1,73.0,0.0
FR1,FR,6.0,Ineligible / Not Applicable,,,5.0,1,61.0,2.0
FRB,FR,4.333333333333333,Ineligible / Not Applicable,,7.0,2.0,1,75.0,0.0
FRF,FR,1.3333333333333333,Refuse to Say,,,1.0,1,67.0,0.0
FRD,FR,3.0,Ineligible / Not Applicable,,5.0,2.0,0,40.0,0.0
FRG,FR,7.0,Ineligible / Not Applicable,,5.0,7.0,1,68.0,0.0
FRK,FR,6.666666666666667,Valid Party Vote,0.0,5.0,7.0,0,64.0,0.0
FRH,FR,6.333333333333333,Valid Party Vote,0.0,2.0,2.0,1,61.0,0.0
FRG,FR,4.666666666666667,Ineligible / Not Applicable,,5.0,4.0,1,18.0,0.0
FRF,FR,3.0,Valid Party Vote,1.0,4.0,3.0,1,52.0,0.0
FRI,FR,5.0,Ineligible / Not Applicable,,5.0,3.0,1,55.0,0.0
FRC,FR,6.666666666666667,Ineligible / Not Applicable,,7.0,2.0,0,17.0,0.0
FRI,FR,0.3333333333333333,Ineligible / Not Applicable,,2.0,3.0,0,62.0,0.0
FRG,FR,5.0,Valid Party Vote,0.0,5.0,7.0,1,61.0,0.0
FR1,FR,8.0,Ineligible / Not Applicable,,10.0,3.0,0,33.0,2.0
FRJ,FR,5.333333333333333,Ineligible / Not Applicable,,5.0,6.0,1,18.0,0.0
FRF,FR,0.6666666666666666,Valid Party Vote,1.0,2.0,4.0,0,40.0,0.0
FRG,FR,5.666666666666667,Valid Party Vote,0.0,2.0,5.0,1,28.0,0.0
FRE,FR,4.666666666666667,Ineligible / Not Applicable,,5.0,1.0,0,68.0,4.0
FRJ,FR,3.3333333333333335,Ineligible / Not Applicable,,10.0,1.0,0,37.0,0.0
FRH,FR,4.0,Valid Party Vote,0.0,8.0,3.0,0,71.0,0.0
FRG,FR,5.333333333333333,Valid Party Vote,0.0,5.0,5.0,0,52.0,0.0
FRL,FR,6.0,Valid Party Vote,0.0,5.0,7.0,0,40.0,0.0
FRH,FR,7.333333333333333,Valid Party Vote,0.0,5.0,5.0,0,55.0,0.0
FR1,FR,3.3333333333333335,Valid Party Vote,0.0,2.0,7.0,0,54.0,2.0
FRI,FR,5.0,Ineligible / Not Applicable,,2.0,3.0,1,32.0,0.0
FRJ,FR,4.333333333333333,Valid Party Vote,0.0,5.0,7.0,1,42.0,0.0
FRJ,FR,2.6666666666666665,Valid Party Vote,0.0,5.0,5.0,1,59.0,0.0
FRH,FR,5.0,Ineligible / Not Applicable,,7.0,7.0,1,43.0,0.0
FRG,FR,3.0,Ineligible / Not Applicable,,4.0,5.0,0,33.0,0.0
FR1,FR,3.3333333333333335,Ineligible / Not Applicable,,5.0,7.0,0,70.0,2.0
FRF,FR,7.333333333333333,Valid Party Vote,0.0,7.0,7.0,0,73.0,0.0
FRI,FR,3.0,Valid Party Vote,0.0,2.0,1.0,1,69.0,0.0
FR1,FR,3.3333333333333335,Ineligible / Not Applicable,,7.0,1.0,0,58.0,2.0
FRH,FR,7.0,Valid Party Vote,1.0,4.0,6.0,0,51.0,0.0
FRF,FR,4.333333333333333,Valid Party Vote,0.0,6.0,4.0,1,66.0,0.0
FR1,FR,8.333333333333334,Valid Party Vote,0.0,8.0,7.0,0,46.0,2.0
FRJ,FR,7.666666666666667,Valid Party Vote,0.0,5.0,7.0,0,58.0,0.0
FRK,FR,3.6666666666666665,Ineligible / Not Applicable,,4.0,5.0,0,25.0,0.0
FRK,FR,6.666666666666667,Valid Party Vote,0.0,5.0,5.0,0,59.0,0.0
FRB,FR,6.0,Valid Party Vote,0.0,3.0,3.0,1,76.0,0.0
FRH,FR,3.6666666666666665,Valid Party Vote,0.0,5.0,3.0,0,88.0,0.0
FRB,FR,3.3333333333333335,Refuse to Say,,1.0,2.0,0,82.0,0.0
FRF,FR,5.0,Ineligible / Not Applicable,,5.0,6.0,1,36.0,0.0
FRG,FR,3.0,Ineligible / Not Applicable,,5.0,4.0,0,41.0,0.0
FRK,FR,5.666666666666667,Ineligible / Not Applicable,,5.0,3.0,1,44.0,0.0
FRH,FR,5.666666666666667,Valid Party Vote,0.0,6.0,7.0,1,49.0,0.0
FRL,FR,4.0,Ineligible / Not Applicable,,0.0,3.0,1,35.0,0.0
FRE,FR,2.6666666666666665,Ineligible / Not Applicable,,6.0,5.0,1,35.0,4.0
FRC,FR,0.0,Ineligible / Not Applicable,,0.0,7.0,1,32.0,0.0
FRF,FR,8.333333333333334,Ineligible / Not Applicable,,3.0,1.0,0,41.0,0.0
FR1,FR,6.0,Valid Party Vote,0.0,3.0,5.0,1,63.0,2.0
FRF,FR,5.0,Valid Party Vote,0.0,7.0,5.0,1,64.0,0.0
FRB,FR,4.666666666666667,Valid Party Vote,0.0,8.0,4.0,1,58.0,0.0
FRJ,FR,6.666666666666667,Valid Party Vote,0.0,8.0,7.0,0,34.0,0.0
FRB,FR,0.3333333333333333,Valid Party Vote,1.0,2.0,1.0,1,55.0,0.0
FRE,FR,5.333333333333333,Valid Party Vote,0.0,7.0,7.0,1,68.0,4.0
FRF,FR,4.0,Valid Party Vote,0.0,7.0,4.0,0,27.0,0.0
FRG,FR,4.666666666666667,Ineligible / Not Applicable,,2.0,3.0,0,21.0,0.0
FRG,FR,5.0,Valid Party Vote,0.0,6.0,7.0,1,38.0,0.0
FRJ,FR,1.6666666666666667,Refuse to Say,,0.0,4.0,1,44.0,0.0
FRG,FR,9.0,Valid Party Vote,0.0,8.0,7.0,1,53.0,0.0
FRE,FR,7.0,Ineligible / Not Applicable,,5.0,6.0,1,37.0,4.0
FRD,FR,1.6666666666666667,Ineligible / Not Applicable,,2.0,1.0,0,59.0,0.0
FRD,FR,1.0,Valid Party Vote,1.0,1.0,3.0,1,74.0,0.0
FRE,FR,1.6666666666666667,Ineligible / Not Applicable,,5.0,3.0,0,39.0,4.0
FRD,FR,3.3333333333333335,Blank Ballot,0.0,5.0,5.0,1,76.0,0.0
FR1,FR,3.6666666666666665,Ineligible / Not Applicable,,3.0,3.0,1,38.0,2.0
FRK,FR,8.333333333333334,Ineligible / Not Applicable,,2.0,3.0,0,74.0,0.0
FRF,FR,6.666666666666667,Ineligible / Not Applicable,,7.0,4.0,0,19.0,0.0
FRJ,FR,6.333333333333333,Valid Party Vote,0.0,5.0,3.0,0,84.0,0.0
FRK,FR,2.3333333333333335,Valid Party Vote,0.0,10.0,4.0,0,33.0,0.0
FRG,FR,5.0,Valid Party Vote,0.0,5.0,7.0,0,45.0,0.0
FRF,FR,6.666666666666667,Ineligible / Not Applicable,,7.0,4.0,0,19.0,0.0
FR1,FR,6.0,Ineligible / Not Applicable,,8.0,4.0,1,18.0,2.0
FRI,FR,5.0,Ineligible / Not Applicable,,5.0,4.0,1,54.0,0.0
FRE,FR,2.3333333333333335,Valid Party Vote,0.0,5.0,3.0,0,78.0,4.0
FRC,FR,3.0,Don't Know,,5.0,6.0,0,45.0,0.0
FR1,FR,3.6666666666666665,Ineligible / Not Applicable,,10.0,7.0,1,28.0,2.0
FRB,FR,2.6666666666666665,Valid Party Vote,0.0,3.0,2.0,1,83.0,0.0
FRB,FR,6.666666666666667,Valid Party Vote,0.0,5.0,7.0,0,55.0,0.0
FRD,FR,3.6666666666666665,Valid Party Vote,0.0,2.0,3.0,0,64.0,0.0
FRB,FR,6.333333333333333,Valid Party Vote,0.0,8.0,3.0,0,64.0,0.0
FRE,FR,0.0,Ineligible / Not Applicable,,2.0,4.0,0,37.0,4.0
FRB,FR,7.0,Ineligible / Not Applicable,,6.0,3.0,1,43.0,0.0
FRI,FR,0.3333333333333333,Refuse to Say,,0.0,3.0,0,64.0,0.0
FRJ,FR,3.6666666666666665,Valid Party Vote,0.0,3.0,4.0,0,47.0,0.0
FRJ,FR,6.0,Valid Party Vote,1.0,4.0,4.0,0,23.0,0.0
EL3,GR,7.333333333333333,Ineligible / Not Applicable,,6.0,2.0,1,16.0,4.0
EL5,GR,2.6666666666666665,Refuse to Say,,3.0,7.0,1,39.0,4.0
EL6,GR,4.333333333333333,Valid Party Vote,0.0,5.0,6.0,0,58.0,4.0
EL5,GR,2.3333333333333335,Valid Party Vote,0.0,10.0,4.0,1,44.0,4.0
EL5,GR,2.3333333333333335,Valid Party Vote,0.0,6.0,6.0,1,60.0,4.0
EL3,GR,2.3333333333333335,Valid Party Vote,0.0,3.0,1.0,1,81.0,4.0
EL3,GR,4.0,Valid Party Vote,0.0,4.0,4.0,1,62.0,4.0
EL3,GR,4.333333333333333,Valid Party Vote,0.0,3.0,4.0,1,67.0,4.0
EL6,GR,2.3333333333333335,Valid Party Vote,0.0,0.0,1.0,1,82.0,4.0
EL3,GR,2.0,Valid Party Vote,0.0,6.0,6.0,0,44.0,4.0
EL6,GR,2.3333333333333335,Ineligible / Not Applicable,,3.0,4.0,1,19.0,4.0
EL5,GR,1.0,Ineligible / Not Applicable,,3.0,4.0,0,22.0,4.0
EL6,GR,7.333333333333333,Valid Party Vote,0.0,5.0,6.0,0,76.0,4.0
EL6,GR,2.0,Valid Party Vote,0.0,4.0,2.0,0,61.0,4.0
EL3,GR,2.3333333333333335,Valid Party Vote,1.0,5.0,4.0,1,76.0,4.0
EL3,GR,4.333333333333333,Valid Party Vote,0.0,4.0,4.0,1,72.0,4.0
EL5,GR,3.0,Valid Party Vote,0.0,6.0,4.0,1,56.0,4.0
EL5,GR,3.3333333333333335,Ineligible / Not Applicable,,3.0,4.0,0,19.0,4.0
EL5,GR,3.6666666666666665,Valid Party Vote,0.0,6.0,2.0,0,75.0,4.0
EL3,GR,7.0,Valid Party Vote,0.0,2.0,6.0,1,44.0,4.0
EL3,GR,4.0,Valid Party Vote,0.0,6.0,6.0,1,41.0,4.0
EL3,GR,3.6666666666666665,Valid Party Vote,0.0,2.0,4.0,1,24.0,4.0
EL3,GR,2.0,Ineligible / Not Applicable,,10.0,4.0,1,64.0,4.0
EL6,GR,2.3333333333333335,Invalid Ballot,0.0,3.0,5.0,1,34.0,4.0
EL4,GR,1.6666666666666667,Blank Ballot,0.0,0.0,4.0,0,34.0,4.0
EL3,GR,6.0,Ineligible / Not Applicable,,5.0,4.0,1,20.0,4.0
EL5,GR,4.666666666666667,Valid Party Vote,0.0,5.0,2.0,1,62.0,4.0
EL5,GR,2.0,Ineligible / Not Applicable,,5.0,2.0,0,44.0,4.0
EL3,GR,5.0,Valid Party Vote,0.0,5.0,4.0,0,28.0,4.0
EL3,GR,0.6666666666666666,Valid Party Vote,0.0,2.0,5.0,1,35.0,4.0
EL6,GR,4.666666666666667,Valid Party Vote,0.0,4.0,2.0,1,64.0,4.0
EL5,GR,3.6666666666666665,Ineligible / Not Applicable,,5.0,4.0,0,20.0,4.0
EL3,GR,1.6666666666666667,Valid Party Vote,1.0,2.0,1.0,0,58.0,4.0
EL3,GR,2.0,Valid Party Vote,0.0,5.0,4.0,1,50.0,4.0
EL6,GR,2.0,Valid Party Vote,0.0,3.0,2.0,0,70.0,4.0
EL3,GR,7.0,Valid Party Vote,0.0,6.0,4.0,1,55.0,4.0
EL5,GR,4.666666666666667,Valid Party Vote,0.0,5.0,4.0,1,61.0,4.0
EL5,GR,2.6666666666666665,Valid Party Vote,0.0,3.0,5.0,1,36.0,4.0
EL5,GR,2.6666666666666665,Ineligible / Not Applicable,,5.0,5.0,1,44.0,4.0
EL5,GR,5.0,Valid Party Vote,0.0,4.0,5.0,1,35.0,4.0
EL4,GR,3.6666666666666665,Refuse to Say,,3.0,6.0,1,26.0,4.0
EL4,GR,1.6666666666666667,Valid Party Vote,0.0,0.0,4.0,0,45.0,4.0
EL3,GR,7.333333333333333,Ineligible / Not Applicable,,7.0,6.0,1,35.0,4.0
EL6,GR,3.0,Valid Party Vote,0.0,3.0,6.0,1,32.0,4.0
EL6,GR,4.666666666666667,Ineligible / Not Applicable,,5.0,4.0,1,22.0,4.0
EL6,GR,4.333333333333333,Valid Party Vote,0.0,1.0,6.0,1,37.0,4.0
EL3,GR,4.666666666666667,Valid Party Vote,0.0,6.0,4.0,0,20.0,4.0
EL6,GR,1.6666666666666667,Ineligible / Not Applicable,,5.0,6.0,1,60.0,4.0
EL6,GR,0.3333333333333333,Refuse to Say,,3.0,4.0,1,46.0,4.0
EL3,GR,5.0,Ineligible / Not Applicable,,5.0,4.0,1,20.0,4.0
EL3,GR,0.3333333333333333,Ineligible / Not Applicable,,8.0,4.0,1,63.0,4.0
EL5,GR,2.6666666666666665,Ineligible / Not Applicable,,7.0,4.0,0,53.0,4.0
EL3,GR,0.0,Ineligible / Not Applicable,,8.0,4.0,0,29.0,4.0
EL3,GR,4.333333333333333,Valid Party Vote,0.0,5.0,6.0,1,30.0,4.0
EL6,GR,1.6666666666666667,Refuse to Say,,0.0,6.0,1,30.0,4.0
EL3,GR,1.0,Refuse to Say,,4.0,2.0,1,57.0,4.0
EL5,GR,3.0,Valid Party Vote,0.0,7.0,4.0,0,35.0,4.0
EL6,GR,3.6666666666666665,Valid Party Vote,0.0,4.0,4.0,0,51.0,4.0
EL6,GR,0.0,Refuse to Say,,5.0,4.0,1,20.0,4.0
EL3,GR,3.3333333333333335,Valid Party Vote,0.0,5.0,4.0,1,32.0,4.0
EL6,GR,2.0,Refuse to Say,,3.0,4.0,1,51.0,4.0
EL6,GR,2.0,Valid Party Vote,0.0,3.0,4.0,1,58.0,4.0
EL5,GR,4.666666666666667,Valid Party Vote,0.0,5.0,6.0,0,30.0,4.0
EL3,GR,2.6666666666666665,Valid Party Vote,1.0,5.0,4.0,0,54.0,4.0
EL3,GR,1.6666666666666667,Ineligible / Not Applicable,,5.0,4.0,0,47.0,4.0
EL3,GR,0.0,Ineligible / Not Applicable,,8.0,4.0,0,35.0,4.0
EL6,GR,6.0,Valid Party Vote,0.0,5.0,6.0,1,59.0,4.0
EL3,GR,5.0,Valid Party Vote,0.0,6.0,4.0,1,57.0,4.0
FRK,FR,5.666666666666667,Valid Party Vote,0.0,7.0,5.0,1,57.0,0.0
FRG,FR,3.3333333333333335,Ineligible / Not Applicable,,7.0,6.0,0,40.0,0.0
FRH,FR,4.333333333333333,Valid Party Vote,0.0,5.0,7.0,0,30.0,0.0
FRH,FR,6.666666666666667,Valid Party Vote,0.0,6.0,6.0,1,56.0,0.0
FRJ,FR,4.333333333333333,Valid Party Vote,0.0,4.0,7.0,1,43.0,0.0
EL6,GR,6.333333333333333,Valid Party Vote,0.0,5.0,6.0,1,53.0,4.0
EL5,GR,4.333333333333333,Valid Party Vote,0.0,3.0,1.0,1,75.0,4.0
EL5,GR,4.666666666666667,Valid Party Vote,0.0,7.0,4.0,1,66.0,4.0
EL6,GR,3.0,Refuse to Say,,2.0,4.0,1,41.0,4.0
EL3,GR,2.6666666666666665,Valid Party Vote,0.0,5.0,2.0,0,67.0,4.0
EL6,GR,5.0,Valid Party Vote,0.0,0.0,4.0,1,37.0,4.0
EL5,GR,4.0,Valid Party Vote,0.0,5.0,7.0,0,32.0,4.0
EL4,GR,1.3333333333333333,Valid Party Vote,0.0,4.0,4.0,0,63.0,4.0
EL6,GR,1.6666666666666667,Valid Party Vote,0.0,0.0,4.0,1,40.0,4.0
EL3,GR,3.3333333333333335,Ineligible / Not Applicable,,5.0,2.0,0,56.0,4.0
EL5,GR,2.6666666666666665,Ineligible / Not Applicable,,4.0,4.0,0,24.0,4.0
EL5,GR,4.666666666666667,Valid Party Vote,1.0,5.0,4.0,0,55.0,4.0
EL3,GR,0.0,Valid Party Vote,0.0,8.0,4.0,1,64.0,4.0
EL3,GR,7.666666666666667,Valid Party Vote,0.0,3.0,4.0,1,37.0,4.0
EL5,GR,3.6666666666666665,Refuse to Say,,4.0,2.0,0,50.0,4.0
EL5,GR,3.6666666666666665,Refuse to Say,,4.0,6.0,1,47.0,4.0
EL6,GR,1.3333333333333333,Valid Party Vote,0.0,3.0,2.0,0,67.0,4.0
EL6,GR,4.333333333333333,Refuse to Say,,5.0,4.0,1,20.0,4.0
EL5,GR,4.666666666666667,Valid Party Vote,0.0,6.0,4.0,0,58.0,4.0
EL6,GR,1.6666666666666667,Refuse to Say,,,4.0,1,23.0,4.0
EL6,GR,6.333333333333333,Valid Party Vote,0.0,5.0,6.0,1,34.0,4.0
EL6,GR,3.0,Valid Party Vote,0.0,2.0,4.0,1,54.0,4.0
EL6,GR,2.0,Blank Ballot,0.0,0.0,1.0,0,57.0,4.0
EL3,GR,2.3333333333333335,Ineligible / Not Applicable,,7.0,5.0,1,58.0,4.0
EL5,GR,4.0,Valid Party Vote,0.0,4.0,4.0,0,46.0,4.0
EL3,GR,0.0,Ineligible / Not Applicable,,7.0,4.0,1,38.0,4.0
EL6,GR,3.3333333333333335,Valid Party Vote,1.0,4.0,4.0,0,73.0,4.0
EL5,GR,2.6666666666666665,Refuse to Say,,3.0,4.0,1,49.0,4.0
EL5,GR,2.6666666666666665,Ineligible / Not Applicable,,4.0,4.0,1,24.0,4.0
EL5,GR,4.333333333333333,Valid Party Vote,0.0,4.0,4.0,0,19.0,4.0
EL6,GR,7.666666666666667,Valid Party Vote,0.0,8.0,6.0,0,65.0,4.0
EL5,GR,3.6666666666666665,Valid Party Vote,0.0,6.0,2.0,1,37.0,4.0
EL3,GR,5.0,Ineligible / Not Applicable,,5.0,6.0,1,68.0,4.0
EL3,GR,3.3333333333333335,Ineligible / Not Applicable,,2.0,5.0,0,37.0,4.0
EL3,GR,4.666666666666667,Ineligible / Not Applicable,,5.0,6.0,0,51.0,4.0
EL3,GR,1.6666666666666667,Valid Party Vote,0.0,7.0,2.0,0,67.0,4.0
EL4,GR,1.6666666666666667,Ineligible / Not Applicable,,2.0,4.0,0,47.0,4.0
EL4,GR,6.0,Valid Party Vote,0.0,6.0,4.0,1,44.0,4.0
EL3,GR,3.6666666666666665,Valid Party Vote,0.0,4.0,4.0,1,65.0,4.0
EL3,GR,6.333333333333333,Valid Party Vote,0.0,5.0,6.0,0,52.0,4.0
EL3,GR,2.3333333333333335,Valid Party Vote,0.0,4.0,4.0,0,47.0,4.0
EL3,GR,4.0,Refuse to Say,,6.0,7.0,0,35.0,4.0
EL5,GR,2.6666666666666665,Refuse to Say,,3.0,6.0,1,26.0,4.0
EL5,GR,4.666666666666667,Valid Party Vote,0.0,4.0,5.0,0,52.0,4.0
EL3,GR,5.333333333333333,Valid Party Vote,0.0,5.0,1.0,0,76.0,4.0
EL3,GR,5.0,Valid Party Vote,0.0,8.0,6.0,0,34.0,4.0
EL3,GR,0.0,Valid Party Vote,0.0,3.0,2.0,1,65.0,4.0
EL3,GR,2.3333333333333335,Valid Party Vote,0.0,5.0,4.0,1,39.0,4.0
EL3,GR,2.6666666666666665,Valid Party Vote,0.0,5.0,5.0,0,30.0,4.0
EL5,GR,4.333333333333333,Valid Party Vote,0.0,7.0,4.0,1,52.0,4.0
EL3,GR,1.6666666666666667,Refuse to Say,,3.0,4.0,1,63.0,4.0
EL6,GR,4.0,Valid Party Vote,0.0,1.0,4.0,1,53.0,4.0
EL5,GR,4.0,Refuse to Say,,6.0,1.0,1,69.0,4.0
EL5,GR,5.666666666666667,Valid Party Vote,0.0,9.0,6.0,0,43.0,4.0
EL3,GR,0.6666666666666666,Valid Party Vote,0.0,3.0,2.0,0,64.0,4.0
EL6,GR,3.6666666666666665,Refuse to Say,,3.0,4.0,0,21.0,4.0
EL6,GR,3.0,Ineligible / Not Applicable,,4.0,2.0,1,16.0,4.0
EL3,GR,3.3333333333333335,Valid Party Vote,0.0,5.0,5.0,0,47.0,4.0
EL5,GR,3.6666666666666665,Valid Party Vote,1.0,4.0,4.0,1,39.0,4.0
EL5,GR,3.3333333333333335,Refuse to Say,,1.0,6.0,1,32.0,4.0
EL6,GR,1.0,Valid Party Vote,0.0,1.0,2.0,0,75.0,4.0
EL6,GR,6.333333333333333,Valid Party Vote,0.0,8.0,4.0,0,26.0,4.0
EL3,GR,0.6666666666666666,Valid Party Vote,0.0,2.0,4.0,1,64.0,4.0
EL6,GR,5.0,Valid Party Vote,0.0,5.0,1.0,1,86.0,4.0
EL3,GR,2.6666666666666665,Ineligible / Not Applicable,,4.0,4.0,1,43.0,4.0
EL3,GR,3.3333333333333335,Valid Party Vote,0.0,5.0,6.0,1,50.0,4.0
EL5,GR,5.0,Valid Party Vote,0.0,4.0,2.0,1,75.0,4.0
EL5,GR,4.0,Valid Party Vote,0.0,2.0,6.0,0,57.0,4.0
EL4,GR,4.0,Ineligible / Not Applicable,,7.0,1.0,0,50.0,4.0
EL6,GR,3.6666666666666665,Valid Party Vote,0.0,2.0,6.0,1,24.0,4.0
EL6,GR,2.6666666666666665,Ineligible / Not Applicable,,5.0,4.0,0,40.0,4.0
EL6,GR,6.333333333333333,Valid Party Vote,0.0,5.0,4.0,0,64.0,4.0
EL5,GR,4.0,Valid Party Vote,0.0,2.0,4.0,1,40.0,4.0
EL3,GR,5.333333333333333,Ineligible / Not Applicable,,1.0,4.0,0,29.0,4.0
EL6,GR,3.6666666666666665,Refuse to Say,,4.0,4.0,0,42.0,4.0
EL6,GR,5.666666666666667,Valid Party Vote,0.0,3.0,4.0,0,46.0,4.0
EL5,GR,7.333333333333333,Valid Party Vote,0.0,4.0,1.0,0,80.0,4.0
EL4,GR,2.6666666666666665,Valid Party Vote,0.0,5.0,1.0,0,64.0,4.0
EL5,GR,3.6666666666666665,Valid Party Vote,0.0,6.0,2.0,0,54.0,4.0
EL6,GR,3.0,Valid Party Vote,0.0,1.0,7.0,0,58.0,4.0
EL6,GR,5.666666666666667,Valid Party Vote,0.0,7.0,4.0,1,57.0,4.0
EL5,GR,4.0,Valid Party Vote,0.0,1.0,6.0,0,60.0,4.0
EL5,GR,4.333333333333333,Valid Party Vote,0.0,4.0,2.0,0,69.0,4.0
EL5,GR,4.333333333333333,Valid Party Vote,0.0,3.0,4.0,0,34.0,4.0
EL6,GR,1.6666666666666667,Valid Party Vote,0.0,2.0,4.0,1,52.0,4.0
EL3,GR,0.6666666666666666,Valid Party Vote,0.0,0.0,6.0,0,58.0,4.0
EL4,GR,4.333333333333333,Valid Party Vote,0.0,7.0,5.0,1,58.0,4.0
EL3,GR,2.3333333333333335,Valid Party Vote,0.0,3.0,7.0,0,66.0,4.0
EL5,GR,3.3333333333333335,Refuse to Say,,2.0,6.0,1,31.0,4.0
EL5,GR,4.666666666666667,Valid Party Vote,0.0,3.0,4.0,1,43.0,4.0
EL3,GR,4.666666666666667,Valid Party Vote,0.0,,4.0,1,79.0,4.0
EL6,GR,4.0,Refuse to Say,,5.0,4.0,1,35.0,4.0
EL6,GR,0.3333333333333333,Refuse to Say,,4.0,4.0,1,57.0,4.0
EL6,GR,6.0,Valid Party Vote,0.0,5.0,6.0,0,33.0,4.0
EL5,GR,3.3333333333333335,Refuse to Say,,8.0,4.0,0,19.0,4.0
EL5,GR,3.0,Refuse to Say,,2.0,1.0,1,82.0,4.0
EL3,GR,7.666666666666667,Ineligible / Not Applicable,,2.0,4.0,1,75.0,4.0
EL3,GR,4.666666666666667,Refuse to Say,,3.0,4.0,1,37.0,4.0
EL6,GR,2.3333333333333335,Valid Party Vote,0.0,7.0,4.0,1,48.0,4.0
EL4,GR,5.333333333333333,Valid Party Vote,0.0,4.0,1.0,1,79.0,4.0
EL6,GR,1.6666666666666667,Don't Know,,1.0,1.0,1,70.0,4.0
EL5,GR,4.333333333333333,Ineligible / Not Applicable,,0.0,5.0,1,49.0,4.0
EL5,GR,3.6666666666666665,Valid Party Vote,0.0,4.0,4.0,0,38.0,4.0
EL5,GR,2.6666666666666665,Valid Party Vote,0.0,3.0,6.0,0,44.0,4.0
EL3,GR,7.666666666666667,Don't Know,,5.0,4.0,1,30.0,4.0
EL4,GR,3.0,Valid Party Vote,0.0,0.0,1.0,0,79.0,4.0
EL6,GR,0.3333333333333333,Refuse to Say,,3.0,4.0,1,50.0,4.0
EL5,GR,2.3333333333333335,Valid Party Vote,0.0,3.0,4.0,1,56.0,4.0
EL4,GR,2.6666666666666665,Valid Party Vote,0.0,10.0,4.0,0,28.0,4.0
EL5,GR,3.0,Valid Party Vote,0.0,5.0,4.0,0,77.0,4.0
EL3,GR,4.0,Valid Party Vote,0.0,7.0,4.0,1,26.0,4.0
EL3,GR,4.0,Ineligible / Not Applicable,,3.0,4.0,1,21.0,4.0
EL3,GR,6.0,Valid Party Vote,0.0,2.0,3.0,0,44.0,4.0
EL5,GR,4.0,Ineligible / Not Applicable,,4.0,4.0,0,27.0,4.0
EL5,GR,3.6666666666666665,Valid Party Vote,0.0,1.0,4.0,0,60.0,4.0
EL6,GR,1.6666666666666667,Refuse to Say,,0.0,4.0,1,37.0,4.0
EL3,GR,4.0,Valid Party Vote,0.0,5.0,6.0,0,54.0,4.0
EL4,GR,3.6666666666666665,Valid Party Vote,0.0,3.0,4.0,0,41.0,4.0
EL4,GR,2.0,Valid Party Vote,0.0,3.0,1.0,1,79.0,4.0
EL3,GR,2.0,Valid Party Vote,1.0,7.0,6.0,1,35.0,4.0
EL6,GR,2.6666666666666665,Valid Party Vote,0.0,2.0,5.0,1,41.0,4.0
EL3,GR,0.6666666666666666,Valid Party Vote,0.0,3.0,4.0,0,38.0,4.0
EL6,GR,4.666666666666667,Valid Party Vote,0.0,4.0,2.0,1,40.0,4.0
EL4,GR,2.3333333333333335,Valid Party Vote,0.0,4.0,6.0,1,40.0,4.0
EL3,GR,0.0,Refuse to Say,,5.0,4.0,1,57.0,4.0
EL6,GR,7.0,Valid Party Vote,0.0,6.0,4.0,0,46.0,4.0
EL6,GR,4.666666666666667,Valid Party Vote,0.0,6.0,7.0,1,65.0,4.0
EL5,GR,4.333333333333333,Valid Party Vote,0.0,9.0,4.0,1,30.0,4.0
EL4,GR,5.666666666666667,Valid Party Vote,0.0,3.0,6.0,0,31.0,4.0
EL5,GR,5.0,Valid Party Vote,0.0,1.0,1.0,1,70.0,4.0
EL3,GR,6.333333333333333,Valid Party Vote,0.0,1.0,6.0,1,76.0,4.0
EL3,GR,7.666666666666667,Valid Party Vote,0.0,8.0,4.0,1,44.0,4.0
EL3,GR,2.3333333333333335,Valid Party Vote,0.0,5.0,4.0,0,24.0,4.0
EL5,GR,5.333333333333333,Valid Party Vote,0.0,7.0,2.0,1,39.0,4.0
EL4,GR,3.6666666666666665,Valid Party Vote,0.0,4.0,6.0,1,59.0,4.0
EL5,GR,2.0,Ineligible / Not Applicable,,5.0,4.0,1,57.0,4.0
EL3,GR,6.666666666666667,Valid Party Vote,0.0,3.0,6.0,1,42.0,4.0
EL3,GR,5.333333333333333,Valid Party Vote,0.0,2.0,7.0,1,57.0,4.0
EL6,GR,6.0,Valid Party Vote,0.0,7.0,6.0,1,34.0,4.0
EL6,GR,5.666666666666667,Valid Party Vote,0.0,5.0,4.0,0,43.0,4.0
EL4,GR,4.0,Valid Party Vote,0.0,5.0,6.0,1,38.0,4.0
EL6,GR,5.0,Don't Know,,5.0,4.0,1,70.0,4.0
EL6,GR,5.0,Valid Party Vote,0.0,2.0,6.0,0,53.0,4.0
EL6,GR,4.0,Refuse to Say,,4.0,4.0,1,54.0,4.0
EL6,GR,5.666666666666667,Valid Party Vote,0.0,6.0,6.0,0,69.0,4.0
EL4,GR,1.6666666666666667,Valid Party Vote,0.0,0.0,4.0,0,28.0,4.0
EL6,GR,4.0,Valid Party Vote,0.0,2.0,1.0,0,77.0,4.0
EL3,GR,5.333333333333333,Valid Party Vote,0.0,6.0,4.0,1,51.0,4.0
EL3,GR,0.6666666666666666,Ineligible / Not Applicable,,5.0,4.0,1,33.0,4.0
EL5,GR,6.666666666666667,Valid Party Vote,0.0,5.0,6.0,0,40.0,4.0
EL5,GR,5.333333333333333,Refuse to Say,,5.0,4.0,1,42.0,4.0
EL6,GR,0.6666666666666666,Refuse to Say,,4.0,6.0,1,38.0,4.0
EL5,GR,4.0,Valid Party Vote,0.0,1.0,4.0,0,57.0,4.0
EL4,GR,7.0,Ineligible / Not Applicable,,5.0,1.0,1,85.0,4.0
EL3,GR,6.333333333333333,Valid Party Vote,0.0,8.0,4.0,0,42.0,4.0
EL4,GR,3.0,Valid Party Vote,0.0,5.0,2.0,0,53.0,4.0
EL5,GR,2.6666666666666665,Valid Party Vote,0.0,3.0,6.0,1,60.0,4.0
EL6,GR,5.333333333333333,Valid Party Vote,0.0,5.0,7.0,1,42.0,4.0
EL6,GR,3.6666666666666665,Valid Party Vote,0.0,6.0,4.0,1,58.0,4.0
EL6,GR,0.6666666666666666,Valid Party Vote,0.0,2.0,7.0,1,27.0,4.0
EL3,GR,8.333333333333334,Ineligible / Not Applicable,,5.0,4.0,1,32.0,4.0
EL5,GR,5.0,Valid Party Vote,0.0,5.0,6.0,1,48.0,4.0
EL6,GR,1.3333333333333333,Valid Party Vote,0.0,5.0,4.0,0,58.0,4.0
EL4,GR,2.6666666666666665,Valid Party Vote,0.0,3.0,2.0,1,21.0,4.0
EL3,GR,2.3333333333333335,Refuse to Say,,3.0,3.0,1,22.0,4.0
EL3,GR,2.0,Valid Party Vote,0.0,6.0,5.0,0,64.0,4.0
EL5,GR,6.666666666666667,Valid Party Vote,0.0,1.0,2.0,0,62.0,4.0
EL5,GR,4.333333333333333,Valid Party Vote,0.0,10.0,4.0,0,43.0,4.0
EL6,GR,3.3333333333333335,Valid Party Vote,0.0,2.0,6.0,1,45.0,4.0
EL3,GR,7.333333333333333,Valid Party Vote,0.0,5.0,4.0,0,78.0,4.0
EL5,GR,4.666666666666667,Ineligible / Not Applicable,,7.0,6.0,0,50.0,4.0
EL3,GR,1.3333333333333333,Valid Party Vote,0.0,4.0,2.0,0,66.0,4.0
EL6,GR,7.0,Valid Party Vote,0.0,5.0,2.0,0,64.0,4.0
EL6,GR,3.3333333333333335,Valid Party Vote,1.0,1.0,1.0,1,74.0,4.0
EL5,GR,3.3333333333333335,Refuse to Say,,8.0,1.0,1,78.0,4.0
EL4,GR,1.6666666666666667,Ineligible / Not Applicable,,8.0,2.0,0,19.0,4.0
EL3,GR,2.6666666666666665,Valid Party Vote,0.0,5.0,6.0,0,44.0,4.0
EL4,GR,2.3333333333333335,Valid Party Vote,0.0,2.0,4.0,0,54.0,4.0
EL5,GR,4.0,Valid Party Vote,1.0,3.0,7.0,1,53.0,4.0
EL6,GR,5.0,Valid Party Vote,0.0,0.0,6.0,1,34.0,4.0
EL5,GR,3.0,Valid Party Vote,0.0,5.0,3.0,1,29.0,4.0
EL5,GR,3.0,Valid Party Vote,0.0,3.0,4.0,1,32.0,4.0
EL6,GR,8.333333333333334,Valid Party Vote,0.0,7.0,4.0,0,52.0,4.0
EL6,GR,3.3333333333333335,Valid Party Vote,0.0,5.0,4.0,0,60.0,4.0
EL5,GR,5.0,Valid Party Vote,0.0,4.0,1.0,1,65.0,4.0
EL5,GR,4.0,Ineligible / Not Applicable,,3.0,6.0,0,53.0,4.0
EL6,GR,6.0,Valid Party Vote,0.0,6.0,6.0,1,30.0,4.0
EL3,GR,5.333333333333333,Valid Party Vote,0.0,6.0,4.0,0,40.0,4.0
EL5,GR,4.0,Valid Party Vote,0.0,5.0,6.0,1,53.0,4.0
EL5,GR,4.666666666666667,Ineligible / Not Applicable,,4.0,4.0,0,24.0,4.0
EL4,GR,2.6666666666666665,Valid Party Vote,0.0,5.0,7.0,1,32.0,4.0
EL5,GR,3.6666666666666665,Valid Party Vote,0.0,3.0,1.0,1,67.0,4.0
EL3,GR,3.0,Valid Party Vote,1.0,3.0,2.0,0,72.0,4.0
EL5,GR,3.3333333333333335,Refuse to Say,,4.0,,1,41.0,4.0
EL5,GR,3.0,Refuse to Say,,3.0,6.0,1,41.0,4.0
EL6,GR,4.666666666666667,Valid Party Vote,0.0,3.0,4.0,1,47.0,4.0
EL4,GR,5.666666666666667,Valid Party Vote,0.0,7.0,4.0,1,26.0,4.0
EL3,GR,2.0,Ineligible / Not Applicable,,5.0,4.0,1,24.0,4.0
EL5,GR,4.333333333333333,Ineligible / Not Applicable,,5.0,4.0,0,54.0,4.0
EL3,GR,2.6666666666666665,Ineligible / Not Applicable,,5.0,4.0,1,54.0,4.0
EL3,GR,5.333333333333333,Valid Party Vote,0.0,4.0,6.0,1,39.0,4.0
EL3,GR,4.333333333333333,Ineligible / Not Applicable,,5.0,4.0,1,24.0,4.0
EL3,GR,1.6666666666666667,Valid Party Vote,1.0,1.0,4.0,0,39.0,4.0
EL6,GR,4.0,Ineligible / Not Applicable,,1.0,1.0,1,90.0,4.0
EL3,GR,3.0,Valid Party Vote,0.0,4.0,2.0,0,59.0,4.0
EL3,GR,6.333333333333333,Valid Party Vote,0.0,5.0,6.0,1,27.0,4.0
EL4,GR,2.3333333333333335,Refuse to Say,,4.0,4.0,0,49.0,4.0
EL5,GR,3.0,Valid Party Vote,1.0,,4.0,1,52.0,4.0
EL4,GR,5.0,Ineligible / Not Applicable,,8.0,2.0,1,18.0,4.0
EL5,GR,5.333333333333333,Valid Party Vote,0.0,3.0,1.0,0,81.0,4.0
EL5,GR,2.0,Ineligible / Not Applicable,,2.0,4.0,0,37.0,4.0
EL5,GR,4.666666666666667,Refuse to Say,,9.0,4.0,0,47.0,4.0
EL3,GR,3.6666666666666665,Valid Party Vote,0.0,5.0,6.0,1,42.0,4.0
EL5,GR,4.333333333333333,Valid Party Vote,0.0,2.0,4.0,0,50.0,4.0
EL6,GR,5.0,Refuse to Say,,5.0,6.0,0,53.0,4.0
EL5,GR,5.0,Ineligible / Not Applicable,,6.0,6.0,0,23.0,4.0
EL3,GR,0.3333333333333333,Ineligible / Not Applicable,,9.0,6.0,0,46.0,4.0
EL3,GR,6.333333333333333,Valid Party Vote,0.0,5.0,5.0,1,25.0,4.0
EL6,GR,1.0,Valid Party Vote,0.0,4.0,6.0,0,50.0,4.0
EL3,GR,2.3333333333333335,Valid Party Vote,1.0,2.0,4.0,0,22.0,4.0
EL3,GR,7.333333333333333,Valid Party Vote,0.0,2.0,2.0,1,63.0,4.0
EL6,GR,1.3333333333333333,Refuse to Say,,3.0,5.0,1,28.0,4.0
EL6,GR,4.666666666666667,Valid Party Vote,0.0,3.0,5.0,1,51.0,4.0
EL5,GR,5.333333333333333,Ineligible / Not Applicable,,5.0,2.0,1,60.0,4.0
EL5,GR,1.6666666666666667,Ineligible / Not Applicable,,5.0,4.0,0,26.0,4.0
EL6,GR,3.6666666666666665,Valid Party Vote,0.0,3.0,6.0,1,46.0,4.0
EL3,GR,4.666666666666667,Valid Party Vote,0.0,5.0,4.0,0,58.0,4.0
EL6,GR,3.3333333333333335,Valid Party Vote,0.0,5.0,1.0,0,74.0,4.0
EL4,GR,5.0,Valid Party Vote,0.0,2.0,1.0,1,80.0,4.0
EL3,GR,1.6666666666666667,Ineligible / Not Applicable,,5.0,2.0,1,67.0,4.0
EL3,GR,3.6666666666666665,Refuse to Say,,8.0,4.0,1,20.0,4.0
EL5,GR,4.0,Valid Party Vote,0.0,4.0,6.0,0,47.0,4.0
EL6,GR,5.666666666666667,Valid Party Vote,0.0,5.0,3.0,0,38.0,4.0
EL3,GR,5.666666666666667,Refuse to Say,,2.0,4.0,0,38.0,4.0
EL3,GR,3.3333333333333335,Valid Party Vote,0.0,7.0,4.0,1,29.0,4.0
EL5,GR,3.3333333333333335,Valid Party Vote,0.0,3.0,2.0,1,64.0,4.0
EL5,GR,5.0,Ineligible / Not Applicable,,6.0,4.0,1,21.0,4.0
EL5,GR,3.3333333333333335,Valid Party Vote,0.0,3.0,4.0,1,64.0,4.0
EL3,GR,2.6666666666666665,Valid Party Vote,1.0,3.0,3.0,1,56.0,4.0
EL3,GR,3.0,Valid Party Vote,0.0,5.0,4.0,1,57.0,4.0
EL3,GR,3.6666666666666665,Valid Party Vote,0.0,4.0,4.0,1,40.0,4.0
EL6,GR,3.0,Refuse to Say,,2.0,4.0,1,60.0,4.0
EL3,GR,2.0,Valid Party Vote,0.0,4.0,2.0,1,62.0,4.0
EL5,GR,3.6666666666666665,Refuse to Say,,5.0,5.0,0,57.0,4.0
EL5,GR,2.6666666666666665,Valid Party Vote,0.0,3.0,3.0,0,68.0,4.0
EL4,GR,3.0,Valid Party Vote,0.0,2.0,1.0,1,75.0,4.0
EL5,GR,1.3333333333333333,Valid Party Vote,0.0,2.0,4.0,0,38.0,4.0
EL4,GR,6.666666666666667,Refuse to Say,,5.0,6.0,1,39.0,4.0
EL5,GR,4.333333333333333,Ineligible / Not Applicable,,5.0,6.0,0,36.0,4.0
EL3,GR,2.0,Ineligible / Not Applicable,,5.0,1.0,1,62.0,4.0
EL4,GR,2.6666666666666665,Valid Party Vote,0.0,8.0,4.0,0,51.0,4.0
EL6,GR,4.666666666666667,Valid Party Vote,0.0,1.0,6.0,1,52.0,4.0
EL4,GR,3.3333333333333335,Valid Party Vote,0.0,2.0,4.0,0,51.0,4.0
EL6,GR,6.666666666666667,Valid Party Vote,0.0,4.0,4.0,0,59.0,4.0
EL3,GR,4.0,Ineligible / Not Applicable,,7.0,1.0,1,82.0,4.0
EL3,GR,5.0,Refuse to Say,,5.0,4.0,1,27.0,4.0
EL3,GR,6.0,Valid Party Vote,0.0,4.0,6.0,1,46.0,4.0
EL3,GR,3.0,Valid Party Vote,0.0,5.0,4.0,1,81.0,4.0
EL3,GR,5.333333333333333,Refuse to Say,,5.0,6.0,0,37.0,4.0
EL6,GR,0.0,Valid Party Vote,0.0,6.0,4.0,1,50.0,4.0
EL5,GR,2.0,Ineligible / Not Applicable,,4.0,4.0,1,44.0,4.0
EL6,GR,4.666666666666667,Valid Party Vote,0.0,2.0,2.0,0,60.0,4.0
EL6,GR,2.6666666666666665,Valid Party Vote,0.0,5.0,1.0,0,57.0,4.0
EL3,GR,4.666666666666667,Valid Party Vote,0.0,3.0,4.0,1,20.0,4.0
EL3,GR,3.6666666666666665,Valid Party Vote,0.0,3.0,2.0,0,47.0,4.0
EL6,GR,4.666666666666667,Refuse to Say,,6.0,4.0,0,60.0,4.0
EL5,GR,3.3333333333333335,Valid Party Vote,0.0,2.0,1.0,0,73.0,4.0
EL3,GR,2.3333333333333335,Ineligible / Not Applicable,,,6.0,0,33.0,4.0
EL5,GR,1.6666666666666667,Refuse to Say,,5.0,5.0,1,45.0,4.0
EL5,GR,4.666666666666667,Valid Party Vote,0.0,3.0,2.0,0,79.0,4.0
EL6,GR,5.666666666666667,Valid Party Vote,0.0,3.0,2.0,1,64.0,4.0
EL6,GR,2.3333333333333335,Valid Party Vote,0.0,6.0,2.0,1,72.0,4.0
EL4,GR,4.333333333333333,Valid Party Vote,0.0,4.0,4.0,1,39.0,4.0
EL4,GR,2.3333333333333335,Refuse to Say,,5.0,4.0,0,34.0,4.0
EL6,GR,6.666666666666667,Ineligible / Not Applicable,,4.0,2.0,0,17.0,4.0
EL6,GR,8.0,Valid Party Vote,0.0,3.0,2.0,0,65.0,4.0
EL6,GR,4.0,Valid Party Vote,0.0,5.0,7.0,0,44.0,4.0
EL6,GR,6.333333333333333,Valid Party Vote,0.0,6.0,4.0,1,30.0,4.0
EL4,GR,5.0,Refuse to Say,,8.0,4.0,0,43.0,4.0
EL5,GR,2.0,Ineligible / Not Applicable,,4.0,4.0,1,34.0,4.0
EL6,GR,4.666666666666667,Valid Party Vote,0.0,3.0,1.0,1,78.0,4.0
EL5,GR,4.666666666666667,Valid Party Vote,0.0,5.0,2.0,1,64.0,4.0
EL3,GR,2.3333333333333335,Ineligible / Not Applicable,,2.0,4.0,0,20.0,4.0
EL5,GR,3.3333333333333335,Valid Party Vote,0.0,10.0,5.0,0,56.0,4.0
EL3,GR,8.666666666666666,Valid Party Vote,0.0,9.0,4.0,0,54.0,4.0
EL3,GR,3.3333333333333335,Ineligible / Not Applicable,,0.0,6.0,0,32.0,4.0
EL5,GR,3.6666666666666665,Valid Party Vote,1.0,10.0,6.0,0,56.0,4.0
EL5,GR,1.6666666666666667,Valid Party Vote,0.0,2.0,2.0,1,83.0,4.0
EL6,GR,6.666666666666667,Valid Party Vote,0.0,3.0,6.0,1,42.0,4.0
EL5,GR,4.666666666666667,Valid Party Vote,0.0,5.0,6.0,0,58.0,4.0
EL3,GR,5.0,Ineligible / Not Applicable,,2.0,4.0,1,65.0,4.0
EL6,GR,8.666666666666666,Valid Party Vote,0.0,2.0,6.0,0,38.0,4.0
EL5,GR,5.0,Valid Party Vote,0.0,10.0,4.0,1,57.0,4.0
EL5,GR,3.0,Refuse to Say,,4.0,7.0,1,35.0,4.0
EL3,GR,1.3333333333333333,Valid Party Vote,0.0,10.0,4.0,0,29.0,4.0
EL6,GR,4.0,Valid Party Vote,0.0,4.0,1.0,0,82.0,4.0
EL6,GR,7.666666666666667,Valid Party Vote,0.0,5.0,4.0,1,40.0,4.0
EL3,GR,4.0,Ineligible / Not Applicable,,7.0,4.0,0,23.0,4.0
EL3,GR,5.666666666666667,Valid Party Vote,0.0,5.0,4.0,0,45.0,4.0
EL3,GR,6.333333333333333,Valid Party Vote,0.0,1.0,6.0,1,78.0,4.0
EL5,GR,4.666666666666667,Valid Party Vote,0.0,2.0,4.0,1,32.0,4.0
EL6,GR,3.3333333333333335,Valid Party Vote,1.0,0.0,4.0,0,32.0,4.0
EL5,GR,5.0,Valid Party Vote,0.0,4.0,4.0,1,61.0,4.0
EL4,GR,2.0,Refuse to Say,,6.0,7.0,0,47.0,4.0
EL5,GR,3.6666666666666665,Valid Party Vote,0.0,7.0,6.0,1,48.0,4.0
EL3,GR,2.6666666666666665,Valid Party Vote,0.0,3.0,4.0,1,65.0,4.0
EL6,GR,4.333333333333333,Valid Party Vote,1.0,3.0,1.0,0,74.0,4.0
EL3,GR,2.0,Refuse to Say,,4.0,6.0,0,40.0,4.0
EL3,GR,8.666666666666666,Valid Party Vote,0.0,9.0,4.0,1,24.0,4.0
EL6,GR,8.0,Valid Party Vote,0.0,5.0,2.0,0,68.0,4.0
EL3,GR,1.3333333333333333,Valid Party Vote,0.0,3.0,2.0,1,72.0,4.0
EL3,GR,5.333333333333333,Valid Party Vote,0.0,5.0,7.0,1,68.0,4.0
EL5,GR,6.666666666666667,Valid Party Vote,0.0,5.0,4.0,0,39.0,4.0
EL3,GR,6.0,Refuse to Say,,6.0,6.0,1,31.0,4.0
EL5,GR,7.666666666666667,Valid Party Vote,0.0,5.0,4.0,1,60.0,4.0
EL3,GR,2.6666666666666665,Ineligible / Not Applicable,,3.0,4.0,1,44.0,4.0
EL6,GR,3.6666666666666665,Ineligible / Not Applicable,,7.0,6.0,0,46.0,4.0
EL5,GR,4.0,Valid Party Vote,0.0,2.0,1.0,1,72.0,4.0
EL3,GR,3.3333333333333335,Don't Know,,5.0,4.0,0,78.0,4.0
EL6,GR,6.0,Valid Party Vote,0.0,3.0,6.0,0,58.0,4.0
EL3,GR,4.0,Don't Know,,7.0,4.0,1,34.0,4.0
EL5,GR,2.6666666666666665,Ineligible / Not Applicable,,1.0,1.0,1,66.0,4.0
EL5,GR,2.3333333333333335,Valid Party Vote,0.0,2.0,4.0,0,70.0,4.0
EL6,GR,1.0,Refuse to Say,,1.0,7.0,1,29.0,4.0
EL3,GR,9.0,Valid Party Vote,0.0,8.0,4.0,0,54.0,4.0
EL3,GR,0.0,Valid Party Vote,0.0,8.0,4.0,1,65.0,4.0
EL6,GR,7.0,Valid Party Vote,0.0,7.0,6.0,0,49.0,4.0
EL6,GR,5.666666666666667,Valid Party Vote,0.0,2.0,6.0,0,49.0,4.0
EL6,GR,3.3333333333333335,Valid Party Vote,1.0,4.0,4.0,0,57.0,4.0
EL3,GR,3.0,Valid Party Vote,0.0,1.0,4.0,0,55.0,4.0
EL6,GR,2.3333333333333335,Valid Party Vote,0.0,2.0,4.0,1,40.0,4.0
EL6,GR,2.0,Ineligible / Not Applicable,,2.0,1.0,0,82.0,4.0
EL3,GR,8.0,Valid Party Vote,0.0,0.0,6.0,0,70.0,4.0
EL5,GR,3.0,Valid Party Vote,0.0,3.0,4.0,0,43.0,4.0
EL6,GR,1.6666666666666667,Valid Party Vote,0.0,2.0,3.0,1,50.0,4.0
EL5,GR,3.6666666666666665,Valid Party Vote,0.0,8.0,4.0,0,43.0,4.0
EL6,GR,0.0,Refuse to Say,,3.0,4.0,0,57.0,4.0
EL5,GR,4.333333333333333,Valid Party Vote,0.0,5.0,6.0,1,52.0,4.0
EL3,GR,6.0,Valid Party Vote,0.0,7.0,6.0,0,50.0,4.0
EL3,GR,3.6666666666666665,Valid Party Vote,0.0,5.0,6.0,1,66.0,4.0
EL6,GR,6.0,Valid Party Vote,0.0,3.0,6.0,0,54.0,4.0
EL3,GR,7.333333333333333,Ineligible / Not Applicable,,5.0,2.0,1,60.0,4.0
EL5,GR,3.3333333333333335,Valid Party Vote,0.0,4.0,4.0,0,43.0,4.0
EL5,GR,3.3333333333333335,Ineligible / Not Applicable,,5.0,4.0,0,20.0,4.0
EL3,GR,7.333333333333333,Valid Party Vote,0.0,2.0,2.0,1,69.0,4.0
EL5,GR,3.3333333333333335,Valid Party Vote,0.0,3.0,1.0,0,69.0,4.0
EL6,GR,0.3333333333333333,Ineligible / Not Applicable,,1.0,1.0,0,49.0,4.0
EL6,GR,8.333333333333334,Valid Party Vote,0.0,4.0,4.0,1,62.0,4.0
EL6,GR,2.6666666666666665,Valid Party Vote,0.0,2.0,6.0,1,40.0,4.0
EL6,GR,1.0,Ineligible / Not Applicable,,2.0,1.0,1,72.0,4.0
EL6,GR,3.6666666666666665,Valid Party Vote,0.0,2.0,6.0,1,41.0,4.0
EL3,GR,6.666666666666667,Valid Party Vote,0.0,3.0,6.0,0,72.0,4.0
EL5,GR,3.0,Valid Party Vote,0.0,3.0,6.0,0,29.0,4.0
EL5,GR,3.3333333333333335,Valid Party Vote,0.0,6.0,4.0,1,46.0,4.0
EL5,GR,3.6666666666666665,Valid Party Vote,0.0,7.0,2.0,0,35.0,4.0
EL3,GR,6.0,Refuse to Say,,6.0,6.0,0,47.0,4.0
EL6,GR,6.0,Valid Party Vote,0.0,7.0,4.0,1,52.0,4.0
EL3,GR,3.3333333333333335,Valid Party Vote,0.0,6.0,6.0,0,44.0,4.0
EL5,GR,3.6666666666666665,Valid Party Vote,1.0,5.0,6.0,1,50.0,4.0
EL3,GR,2.0,Valid Party Vote,0.0,1.0,6.0,1,34.0,4.0
EL3,GR,7.333333333333333,Valid Party Vote,0.0,4.0,6.0,1,67.0,4.0
EL5,GR,4.666666666666667,Valid Party Vote,0.0,5.0,1.0,0,82.0,4.0
EL6,GR,6.333333333333333,Valid Party Vote,0.0,5.0,4.0,1,64.0,4.0
EL4,GR,5.0,Valid Party Vote,0.0,6.0,2.0,1,44.0,4.0
EL5,GR,3.6666666666666665,Valid Party Vote,0.0,5.0,1.0,1,71.0,4.0
EL6,GR,5.333333333333333,Valid Party Vote,0.0,6.0,6.0,1,69.0,4.0
EL3,GR,3.3333333333333335,Valid Party Vote,0.0,3.0,4.0,1,69.0,4.0
EL5,GR,2.0,Valid Party Vote,0.0,1.0,4.0,1,60.0,4.0
EL6,GR,5.0,Ineligible / Not Applicable,,8.0,2.0,0,19.0,4.0
EL3,GR,2.3333333333333335,Valid Party Vote,0.0,3.0,6.0,0,67.0,4.0
EL5,GR,2.6666666666666665,Ineligible / Not Applicable,,5.0,4.0,1,44.0,4.0
EL5,GR,3.6666666666666665,Ineligible / Not Applicable,,9.0,4.0,1,50.0,4.0
EL4,GR,3.0,Valid Party Vote,0.0,7.0,2.0,0,64.0,4.0
EL5,GR,6.0,Valid Party Vote,0.0,10.0,4.0,0,53.0,4.0
EL6,GR,2.6666666666666665,Refuse to Say,,3.0,4.0,1,69.0,4.0
EL3,GR,3.3333333333333335,Valid Party Vote,0.0,5.0,4.0,1,51.0,4.0
EL5,GR,3.0,Valid Party Vote,0.0,6.0,6.0,1,36.0,4.0
EL6,GR,4.0,Valid Party Vote,1.0,1.0,4.0,0,52.0,4.0
EL5,GR,4.0,Ineligible / Not Applicable,,4.0,1.0,0,76.0,4.0
EL5,GR,3.0,Valid Party Vote,0.0,4.0,6.0,1,68.0,4.0
EL3,GR,2.3333333333333335,Valid Party Vote,0.0,5.0,2.0,0,67.0,4.0
EL3,GR,5.0,Valid Party Vote,0.0,8.0,6.0,1,28.0,4.0
EL6,GR,2.3333333333333335,Valid Party Vote,0.0,1.0,5.0,0,43.0,4.0
EL3,GR,0.0,Valid Party Vote,0.0,7.0,6.0,0,56.0,4.0
EL6,GR,3.0,Valid Party Vote,0.0,0.0,7.0,0,37.0,4.0
EL4,GR,6.0,Ineligible / Not Applicable,,10.0,1.0,1,40.0,4.0
EL5,GR,4.0,Valid Party Vote,0.0,7.0,5.0,1,37.0,4.0
EL4,GR,4.666666666666667,Valid Party Vote,0.0,1.0,6.0,1,74.0,4.0
EL3,GR,3.0,Ineligible / Not Applicable,,1.0,6.0,0,53.0,4.0
EL5,GR,3.3333333333333335,Valid Party Vote,0.0,3.0,4.0,0,65.0,4.0
EL6,GR,2.0,Ineligible / Not Applicable,,5.0,1.0,1,86.0,4.0
EL6,GR,2.3333333333333335,Valid Party Vote,0.0,0.0,4.0,0,58.0,4.0
EL6,GR,0.0,Refuse to Say,,3.0,6.0,1,59.0,4.0
EL5,GR,1.3333333333333333,Ineligible / Not Applicable,,2.0,4.0,1,49.0,4.0
EL6,GR,3.6666666666666665,Refuse to Say,,3.0,4.0,1,49.0,4.0
EL6,GR,7.333333333333333,Valid Party Vote,0.0,4.0,7.0,0,57.0,4.0
EL6,GR,2.6666666666666665,Ineligible / Not Applicable,,3.0,4.0,0,40.0,4.0
EL5,GR,1.6666666666666667,Ineligible / Not Applicable,,4.0,4.0,1,22.0,4.0
EL3,GR,6.333333333333333,Ineligible / Not Applicable,,6.0,4.0,0,78.0,4.0
EL3,GR,7.0,Valid Party Vote,0.0,3.0,4.0,1,64.0,4.0
EL3,GR,5.0,Valid Party Vote,0.0,5.0,4.0,0,39.0,4.0
EL6,GR,2.3333333333333335,Valid Party Vote,0.0,2.0,4.0,0,50.0,4.0
EL6,GR,1.6666666666666667,Ineligible / Not Applicable,,2.0,1.0,1,88.0,4.0
EL5,GR,2.6666666666666665,Refuse to Say,,3.0,4.0,1,48.0,4.0
EL4,GR,5.333333333333333,Valid Party Vote,0.0,4.0,6.0,1,36.0,4.0
EL5,GR,4.333333333333333,Valid Party Vote,0.0,5.0,1.0,1,79.0,4.0
EL6,GR,3.6666666666666665,Valid Party Vote,0.0,1.0,1.0,0,87.0,4.0
EL3,GR,5.0,Refuse to Say,,2.0,1.0,1,70.0,4.0
EL3,GR,1.3333333333333333,Ineligible / Not Applicable,,0.0,4.0,1,39.0,4.0
EL3,GR,3.3333333333333335,Valid Party Vote,0.0,6.0,6.0,1,59.0,4.0
EL5,GR,5.333333333333333,Valid Party Vote,0.0,3.0,4.0,0,57.0,4.0
EL4,GR,2.6666666666666665,Valid Party Vote,0.0,0.0,6.0,0,34.0,4.0
EL4,GR,3.6666666666666665,Valid Party Vote,0.0,6.0,4.0,1,36.0,4.0
EL3,GR,5.0,Refuse to Say,,5.0,4.0,1,37.0,4.0
EL6,GR,3.3333333333333335,Refuse to Say,,3.0,4.0,1,52.0,4.0
EL6,GR,2.3333333333333335,Ineligible / Not Applicable,,5.0,4.0,0,45.0,4.0
EL4,GR,4.666666666666667,Valid Party Vote,0.0,6.0,6.0,1,51.0,4.0
EL5,GR,4.0,Valid Party Vote,0.0,4.0,6.0,1,55.0,4.0
EL5,GR,3.6666666666666665,Ineligible / Not Applicable,,9.0,4.0,1,29.0,4.0
EL4,GR,6.333333333333333,Valid Party Vote,0.0,8.0,4.0,1,59.0,4.0
EL3,GR,2.6666666666666665,Valid Party Vote,0.0,6.0,4.0,0,54.0,4.0
EL3,GR,3.6666666666666665,Ineligible / Not Applicable,,5.0,4.0,1,40.0,4.0
EL3,GR,3.0,Valid Party Vote,0.0,4.0,6.0,0,32.0,4.0
EL5,GR,3.0,Valid Party Vote,0.0,3.0,4.0,0,36.0,4.0
EL4,GR,3.6666666666666665,Valid Party Vote,0.0,5.0,4.0,1,41.0,4.0
EL6,GR,4.0,Valid Party Vote,0.0,2.0,1.0,0,88.0,4.0
EL3,GR,2.0,Valid Party Vote,0.0,3.0,4.0,1,63.0,4.0
EL6,GR,2.0,Refuse to Say,,4.0,4.0,0,53.0,4.0
EL6,GR,,Ineligible / Not Applicable,,8.0,1.0,0,35.0,4.0
EL3,GR,1.0,Valid Party Vote,0.0,4.0,6.0,1,45.0,4.0
EL4,GR,1.3333333333333333,Valid Party Vote,0.0,5.0,3.0,1,57.0,4.0
EL5,GR,4.333333333333333,Refuse to Say,,9.0,4.0,1,34.0,4.0
EL5,GR,4.333333333333333,Valid Party Vote,0.0,5.0,4.0,1,41.0,4.0
EL6,GR,0.6666666666666666,Valid Party Vote,0.0,1.0,4.0,0,33.0,4.0
EL5,GR,2.6666666666666665,Refuse to Say,,2.0,4.0,1,57.0,4.0
EL5,GR,4.0,Valid Party Vote,0.0,7.0,1.0,1,68.0,4.0
EL6,GR,4.333333333333333,Valid Party Vote,0.0,4.0,6.0,0,34.0,4.0
EL5,GR,2.6666666666666665,Valid Party Vote,0.0,5.0,4.0,0,34.0,4.0
EL3,GR,1.0,Refuse to Say,,3.0,6.0,1,36.0,4.0
EL4,GR,6.333333333333333,Valid Party Vote,0.0,6.0,6.0,0,31.0,4.0
EL5,GR,5.0,Ineligible / Not Applicable,,4.0,4.0,1,70.0,4.0
EL3,GR,6.0,Ineligible / Not Applicable,,8.0,4.0,0,50.0,4.0
EL3,GR,5.333333333333333,Ineligible / Not Applicable,,6.0,7.0,0,63.0,4.0
EL5,GR,4.0,Refuse to Say,,8.0,4.0,1,54.0,4.0
EL6,GR,4.0,Ineligible / Not Applicable,,3.0,4.0,1,53.0,4.0
EL6,GR,7.0,Valid Party Vote,0.0,6.0,6.0,0,40.0,4.0
EL5,GR,6.333333333333333,Valid Party Vote,0.0,5.0,2.0,0,58.0,4.0
EL5,GR,3.6666666666666665,Valid Party Vote,0.0,5.0,6.0,1,47.0,4.0
EL3,GR,2.0,Valid Party Vote,0.0,5.0,1.0,1,67.0,4.0
EL5,GR,3.3333333333333335,Valid Party Vote,0.0,2.0,1.0,0,77.0,4.0
EL3,GR,2.6666666666666665,Valid Party Vote,0.0,4.0,4.0,1,53.0,4.0
EL5,GR,3.3333333333333335,Refuse to Say,,4.0,2.0,1,66.0,4.0
EL3,GR,0.6666666666666666,Valid Party Vote,0.0,5.0,6.0,1,45.0,4.0
EL4,GR,2.6666666666666665,Valid Party Vote,0.0,3.0,4.0,1,54.0,4.0
EL3,GR,6.0,Valid Party Vote,0.0,4.0,6.0,0,66.0,4.0
EL5,GR,4.666666666666667,Valid Party Vote,0.0,6.0,1.0,0,82.0,4.0
EL5,GR,3.0,Ineligible / Not Applicable,,5.0,4.0,0,59.0,4.0
EL3,GR,0.0,Valid Party Vote,0.0,8.0,6.0,0,57.0,4.0
EL6,GR,4.0,Valid Party Vote,0.0,4.0,4.0,0,53.0,4.0
EL6,GR,3.3333333333333335,Refuse to Say,,5.0,6.0,1,36.0,4.0
EL4,GR,4.333333333333333,Ineligible / Not Applicable,,,1.0,1,76.0,4.0
EL4,GR,2.3333333333333335,Valid Party Vote,0.0,4.0,6.0,1,36.0,4.0
EL4,GR,2.6666666666666665,Valid Party Vote,0.0,1.0,6.0,0,51.0,4.0
EL3,GR,3.0,Ineligible / Not Applicable,,6.0,2.0,1,17.0,4.0
EL6,GR,4.333333333333333,Refuse to Say,,2.0,4.0,0,39.0,4.0
EL5,GR,3.0,Ineligible / Not Applicable,,10.0,1.0,1,78.0,4.0
EL6,GR,5.666666666666667,Valid Party Vote,0.0,3.0,4.0,1,58.0,4.0
EL3,GR,2.6666666666666665,Valid Party Vote,0.0,5.0,4.0,0,44.0,4.0
EL3,GR,8.666666666666666,Valid Party Vote,0.0,9.0,4.0,1,57.0,4.0
EL4,GR,2.6666666666666665,Refuse to Say,,2.0,7.0,0,48.0,4.0
EL3,GR,6.333333333333333,Valid Party Vote,0.0,5.0,4.0,0,62.0,4.0
EL5,GR,3.0,Valid Party Vote,0.0,3.0,2.0,1,40.0,4.0
EL6,GR,4.333333333333333,Valid Party Vote,0.0,2.0,4.0,0,51.0,4.0
EL3,GR,3.3333333333333335,Valid Party Vote,0.0,2.0,3.0,0,78.0,4.0
EL6,GR,4.0,Refuse to Say,,6.0,4.0,1,51.0,4.0
EL5,GR,2.6666666666666665,Refuse to Say,,3.0,5.0,0,28.0,4.0
EL3,GR,7.0,Valid Party Vote,0.0,5.0,4.0,1,45.0,4.0
EL5,GR,4.333333333333333,Valid Party Vote,0.0,5.0,1.0,0,76.0,4.0
EL4,GR,6.0,Valid Party Vote,0.0,6.0,4.0,0,56.0,4.0
EL3,GR,4.333333333333333,Valid Party Vote,0.0,6.0,6.0,0,36.0,4.0
EL3,GR,5.333333333333333,Ineligible / Not Applicable,,5.0,4.0,1,82.0,4.0
EL6,GR,7.0,Valid Party Vote,0.0,8.0,6.0,1,60.0,4.0
EL4,GR,3.3333333333333335,Ineligible / Not Applicable,,5.0,7.0,0,30.0,4.0
EL3,GR,2.6666666666666665,Valid Party Vote,0.0,3.0,2.0,1,64.0,4.0
EL5,GR,5.333333333333333,Ineligible / Not Applicable,,5.0,2.0,0,45.0,4.0
EL5,GR,3.6666666666666665,Valid Party Vote,0.0,2.0,5.0,0,62.0,4.0
EL5,GR,3.0,Valid Party Vote,0.0,3.0,4.0,1,56.0,4.0
EL3,GR,4.333333333333333,Valid Party Vote,0.0,5.0,6.0,1,54.0,4.0
EL6,GR,2.3333333333333335,Valid Party Vote,0.0,2.0,2.0,1,58.0,4.0
EL4,GR,3.0,Valid Party Vote,0.0,7.0,2.0,0,54.0,4.0
EL4,GR,5.666666666666667,Valid Party Vote,0.0,9.0,6.0,1,47.0,4.0
EL6,GR,6.0,Blank Ballot,0.0,7.0,7.0,1,49.0,4.0
EL6,GR,2.6666666666666665,Valid Party Vote,0.0,1.0,1.0,0,74.0,4.0
EL5,GR,4.0,Valid Party Vote,0.0,4.0,4.0,1,47.0,4.0
EL4,GR,4.0,Valid Party Vote,0.0,6.0,4.0,0,62.0,4.0
EL5,GR,4.666666666666667,Valid Party Vote,0.0,6.0,6.0,1,35.0,4.0
EL6,GR,5.0,Refuse to Say,,3.0,5.0,1,47.0,4.0
EL6,GR,7.0,Valid Party Vote,0.0,4.0,4.0,0,28.0,4.0
EL4,GR,5.666666666666667,Valid Party Vote,0.0,3.0,4.0,1,39.0,4.0
EL5,GR,6.0,Valid Party Vote,0.0,2.0,4.0,1,65.0,4.0
EL6,GR,1.6666666666666667,Refuse to Say,,6.0,2.0,0,69.0,4.0
EL5,GR,4.333333333333333,Valid Party Vote,0.0,5.0,2.0,1,72.0,4.0
EL3,GR,6.333333333333333,Valid Party Vote,0.0,3.0,6.0,1,68.0,4.0
EL6,GR,6.333333333333333,Valid Party Vote,0.0,5.0,6.0,1,52.0,4.0
EL5,GR,3.3333333333333335,Ineligible / Not Applicable,,3.0,4.0,0,50.0,4.0
EL3,GR,2.3333333333333335,Valid Party Vote,0.0,6.0,6.0,0,39.0,4.0
EL5,GR,5.666666666666667,Valid Party Vote,1.0,2.0,1.0,1,76.0,4.0
EL6,GR,4.0,Valid Party Vote,0.0,1.0,1.0,1,80.0,4.0
EL5,GR,2.6666666666666665,Ineligible / Not Applicable,,2.0,1.0,1,86.0,4.0
EL6,GR,2.3333333333333335,Valid Party Vote,1.0,0.0,4.0,1,39.0,4.0
EL5,GR,4.666666666666667,Valid Party Vote,0.0,5.0,1.0,0,79.0,4.0
EL3,GR,0.0,Refuse to Say,,5.0,4.0,1,49.0,4.0
EL3,GR,1.6666666666666667,Valid Party Vote,0.0,5.0,6.0,1,66.0,4.0
EL6,GR,3.3333333333333335,Valid Party Vote,0.0,6.0,4.0,1,60.0,4.0
EL5,GR,4.0,Ineligible / Not Applicable,,3.0,4.0,1,23.0,4.0
EL3,GR,7.0,Ineligible / Not Applicable,,3.0,6.0,1,47.0,4.0
EL3,GR,1.3333333333333333,Valid Party Vote,0.0,5.0,3.0,0,67.0,4.0
EL3,GR,5.0,Valid Party Vote,0.0,4.0,6.0,0,52.0,4.0
EL4,GR,4.333333333333333,Ineligible / Not Applicable,,9.0,1.0,1,48.0,4.0
EL5,GR,2.6666666666666665,Valid Party Vote,0.0,3.0,4.0,0,56.0,4.0
EL5,GR,5.0,Refuse to Say,,5.0,6.0,0,37.0,4.0
EL3,GR,4.666666666666667,Valid Party Vote,1.0,0.0,6.0,1,44.0,4.0
EL3,GR,0.0,Valid Party Vote,0.0,8.0,6.0,0,75.0,4.0
EL6,GR,4.0,Ineligible / Not Applicable,,6.0,4.0,1,56.0,4.0
EL3,GR,4.333333333333333,Ineligible / Not Applicable,,5.0,6.0,1,30.0,4.0
EL6,GR,3.3333333333333335,Valid Party Vote,0.0,4.0,2.0,1,54.0,4.0
EL4,GR,3.3333333333333335,Refuse to Say,,3.0,4.0,0,44.0,4.0
EL6,GR,7.0,Valid Party Vote,0.0,6.0,6.0,0,26.0,4.0
EL5,GR,4.0,Valid Party Vote,0.0,7.0,1.0,1,74.0,4.0
EL5,GR,4.0,Ineligible / Not Applicable,,2.0,1.0,1,80.0,4.0
EL5,GR,3.0,Valid Party Vote,0.0,4.0,4.0,0,54.0,4.0
EL6,GR,3.6666666666666665,Ineligible / Not Applicable,,4.0,4.0,1,21.0,4.0
EL6,GR,2.3333333333333335,Refuse to Say,,4.0,4.0,1,39.0,4.0
EL3,GR,7.666666666666667,Valid Party Vote,0.0,7.0,6.0,0,77.0,4.0
EL4,GR,0.6666666666666666,Blank Ballot,0.0,0.0,4.0,1,54.0,4.0
EL5,GR,4.0,Ineligible / Not Applicable,,1.0,4.0,1,23.0,4.0
EL5,GR,2.6666666666666665,Valid Party Vote,0.0,5.0,4.0,1,61.0,4.0
EL5,GR,3.0,Valid Party Vote,0.0,4.0,6.0,1,31.0,4.0
EL3,GR,5.333333333333333,Valid Party Vote,0.0,8.0,6.0,0,45.0,4.0
EL6,GR,2.3333333333333335,Ineligible / Not Applicable,,3.0,2.0,0,16.0,4.0
EL6,GR,7.333333333333333,Valid Party Vote,0.0,6.0,4.0,0,42.0,4.0
EL6,GR,6.666666666666667,Valid Party Vote,0.0,5.0,6.0,0,59.0,4.0
EL3,GR,2.0,Valid Party Vote,1.0,5.0,4.0,1,77.0,4.0
EL6,GR,3.3333333333333335,Valid Party Vote,0.0,3.0,6.0,1,29.0,4.0
EL3,GR,8.333333333333334,Valid Party Vote,0.0,8.0,4.0,1,49.0,4.0
EL5,GR,4.666666666666667,Valid Party Vote,0.0,5.0,4.0,0,54.0,4.0
EL3,GR,2.6666666666666665,Valid Party Vote,0.0,3.0,6.0,0,53.0,4.0
EL3,GR,6.0,Valid Party Vote,0.0,5.0,4.0,1,50.0,4.0
EL6,GR,4.666666666666667,Valid Party Vote,0.0,1.0,6.0,0,35.0,4.0
EL6,GR,3.6666666666666665,Ineligible / Not Applicable,,3.0,4.0,1,58.0,4.0
EL6,GR,3.6666666666666665,Valid Party Vote,0.0,4.0,4.0,1,37.0,4.0
EL5,GR,3.3333333333333335,Valid Party Vote,0.0,8.0,4.0,1,43.0,4.0
EL4,GR,5.0,Valid Party Vote,0.0,6.0,2.0,0,60.0,4.0
EL5,GR,1.6666666666666667,Valid Party Vote,0.0,1.0,4.0,1,46.0,4.0
EL5,GR,4.0,Ineligible / Not Applicable,,5.0,4.0,0,44.0,4.0
EL3,GR,7.0,Valid Party Vote,0.0,5.0,4.0,1,56.0,4.0
EL5,GR,3.3333333333333335,Valid Party Vote,0.0,5.0,3.0,1,47.0,4.0
EL3,GR,3.0,Valid Party Vote,1.0,0.0,4.0,0,50.0,4.0
EL3,GR,2.3333333333333335,Valid Party Vote,0.0,0.0,6.0,0,49.0,4.0
EL5,GR,4.0,Refuse to Say,,10.0,4.0,1,57.0,4.0
EL5,GR,4.666666666666667,Ineligible / Not Applicable,,1.0,4.0,1,52.0,4.0
EL3,GR,5.0,Valid Party Vote,0.0,4.0,4.0,1,54.0,4.0
EL3,GR,5.666666666666667,Valid Party Vote,0.0,1.0,4.0,1,59.0,4.0
EL5,GR,2.3333333333333335,Valid Party Vote,0.0,3.0,4.0,0,46.0,4.0
EL6,GR,1.3333333333333333,Valid Party Vote,0.0,4.0,4.0,1,59.0,4.0
EL5,GR,3.0,Valid Party Vote,0.0,3.0,4.0,1,58.0,4.0
EL3,GR,3.3333333333333335,Valid Party Vote,0.0,4.0,5.0,1,64.0,4.0
EL6,GR,3.6666666666666665,Valid Party Vote,0.0,5.0,4.0,1,59.0,4.0
EL4,GR,5.0,Valid Party Vote,0.0,5.0,4.0,1,55.0,4.0
EL6,GR,2.0,Valid Party Vote,0.0,1.0,1.0,1,78.0,4.0
EL6,GR,6.666666666666667,Valid Party Vote,0.0,4.0,1.0,1,68.0,4.0
EL5,GR,5.0,Refuse to Say,,4.0,4.0,1,57.0,4.0
EL3,GR,4.0,Valid Party Vote,0.0,5.0,6.0,1,55.0,4.0
EL3,GR,7.0,Valid Party Vote,0.0,4.0,4.0,0,55.0,4.0
EL5,GR,4.0,Valid Party Vote,0.0,5.0,4.0,1,46.0,4.0
EL4,GR,6.0,Valid Party Vote,0.0,3.0,6.0,0,47.0,4.0
EL5,GR,3.3333333333333335,Valid Party Vote,0.0,7.0,3.0,0,49.0,4.0
EL5,GR,1.3333333333333333,Refuse to Say,,2.0,6.0,1,44.0,4.0
EL5,GR,2.6666666666666665,Ineligible / Not Applicable,,2.0,4.0,1,50.0,4.0
EL5,GR,6.0,Valid Party Vote,0.0,5.0,1.0,1,86.0,4.0
EL3,GR,7.0,Valid Party Vote,0.0,1.0,4.0,0,55.0,4.0
EL5,GR,2.3333333333333335,Valid Party Vote,0.0,,4.0,0,38.0,4.0
EL3,GR,4.333333333333333,Valid Party Vote,1.0,0.0,7.0,1,43.0,4.0
EL3,GR,5.0,Refuse to Say,,3.0,4.0,0,62.0,4.0
EL3,GR,2.3333333333333335,Refuse to Say,,4.0,2.0,1,73.0,4.0
EL5,GR,5.0,Refuse to Say,,6.0,6.0,1,44.0,4.0
EL4,GR,3.0,Valid Party Vote,0.0,5.0,4.0,1,54.0,4.0
EL3,GR,3.0,Ineligible / Not Applicable,,5.0,6.0,0,26.0,4.0
EL5,GR,1.3333333333333333,Ineligible / Not Applicable,,,4.0,0,31.0,4.0
EL6,GR,3.6666666666666665,Valid Party Vote,0.0,2.0,5.0,1,34.0,4.0
EL4,GR,1.3333333333333333,Valid Party Vote,0.0,1.0,6.0,1,23.0,4.0
EL5,GR,3.0,Valid Party Vote,0.0,4.0,6.0,1,54.0,4.0
EL3,GR,4.0,Valid Party Vote,0.0,2.0,4.0,0,44.0,4.0
EL4,GR,2.6666666666666665,Valid Party Vote,0.0,1.0,6.0,0,42.0,4.0
EL3,GR,5.666666666666667,Valid Party Vote,0.0,6.0,2.0,1,78.0,4.0
EL5,GR,4.0,Valid Party Vote,0.0,3.0,4.0,0,52.0,4.0
EL3,GR,1.6666666666666667,Valid Party Vote,0.0,2.0,4.0,0,44.0,4.0
EL5,GR,2.6666666666666665,Valid Party Vote,0.0,3.0,4.0,1,53.0,4.0
EL3,GR,4.333333333333333,Valid Party Vote,1.0,4.0,6.0,1,60.0,4.0
EL3,GR,2.6666666666666665,Ineligible / Not Applicable,,3.0,6.0,1,66.0,4.0
EL5,GR,1.0,Ineligible / Not Applicable,,3.0,1.0,1,76.0,4.0
EL6,GR,4.0,Valid Party Vote,0.0,4.0,4.0,0,57.0,4.0
EL6,GR,4.333333333333333,Ineligible / Not Applicable,,0.0,1.0,1,80.0,4.0
EL3,GR,3.0,Valid Party Vote,0.0,6.0,4.0,1,65.0,4.0
EL5,GR,4.666666666666667,Refuse to Say,,5.0,4.0,1,52.0,4.0
EL3,GR,3.0,Valid Party Vote,0.0,4.0,5.0,1,21.0,4.0
EL3,GR,3.3333333333333335,Ineligible / Not Applicable,,5.0,4.0,0,39.0,4.0
EL3,GR,3.3333333333333335,Ineligible / Not Applicable,,7.0,5.0,1,44.0,4.0
EL5,GR,6.333333333333333,Valid Party Vote,0.0,9.0,6.0,1,62.0,4.0
EL6,GR,3.3333333333333335,Valid Party Vote,0.0,0.0,1.0,0,66.0,4.0
EL3,GR,9.0,Valid Party Vote,0.0,2.0,4.0,0,33.0,4.0
EL5,GR,3.3333333333333335,Valid Party Vote,0.0,3.0,4.0,1,26.0,4.0
EL6,GR,6.666666666666667,Ineligible / Not Applicable,,8.0,6.0,1,22.0,4.0
EL5,GR,3.6666666666666665,Valid Party Vote,1.0,3.0,6.0,1,32.0,4.0
EL6,GR,5.0,Valid Party Vote,0.0,5.0,1.0,0,71.0,4.0
EL3,GR,9.0,Valid Party Vote,0.0,2.0,4.0,0,24.0,4.0
EL6,GR,0.0,Refuse to Say,,3.0,6.0,0,50.0,4.0
EL6,GR,4.0,Valid Party Vote,0.0,1.0,6.0,1,29.0,4.0
EL6,GR,1.6666666666666667,Valid Party Vote,0.0,3.0,2.0,1,62.0,4.0
EL3,GR,5.666666666666667,Valid Party Vote,0.0,5.0,4.0,1,66.0,4.0
EL5,GR,2.6666666666666665,Refuse to Say,,3.0,1.0,1,83.0,4.0
EL3,GR,3.6666666666666665,Refuse to Say,,5.0,4.0,1,65.0,4.0
EL4,GR,2.6666666666666665,Ineligible / Not Applicable,,5.0,4.0,0,23.0,4.0
EL6,GR,3.0,Valid Party Vote,0.0,2.0,6.0,1,24.0,4.0
EL5,GR,1.6666666666666667,Ineligible / Not Applicable,,2.0,1.0,1,79.0,4.0
EL3,GR,3.0,Ineligible / Not Applicable,,5.0,4.0,0,24.0,4.0
EL5,GR,3.3333333333333335,Valid Party Vote,0.0,3.0,6.0,0,51.0,4.0
EL5,GR,2.3333333333333335,Valid Party Vote,1.0,3.0,4.0,0,31.0,4.0
EL5,GR,2.6666666666666665,Valid Party Vote,0.0,3.0,5.0,0,20.0,4.0
EL5,GR,1.3333333333333333,Ineligible / Not Applicable,,2.0,4.0,1,18.0,4.0
EL3,GR,7.333333333333333,Valid Party Vote,0.0,2.0,4.0,0,70.0,4.0
EL3,GR,2.3333333333333335,Ineligible / Not Applicable,,5.0,2.0,1,70.0,4.0
EL5,GR,3.0,Refuse to Say,,10.0,4.0,1,30.0,4.0
EL6,GR,4.0,Valid Party Vote,0.0,0.0,1.0,0,57.0,4.0
EL3,GR,2.6666666666666665,Ineligible / Not Applicable,,3.0,6.0,1,40.0,4.0
EL4,GR,4.666666666666667,Ineligible / Not Applicable,,2.0,1.0,1,85.0,4.0
EL6,GR,2.0,Valid Party Vote,0.0,2.0,1.0,1,65.0,4.0
EL3,GR,4.666666666666667,Valid Party Vote,1.0,1.0,4.0,0,44.0,4.0
EL6,GR,4.0,Valid Party Vote,0.0,4.0,4.0,1,51.0,4.0
EL3,GR,7.333333333333333,Valid Party Vote,0.0,2.0,6.0,0,72.0,4.0
EL3,GR,0.0,Valid Party Vote,0.0,7.0,4.0,0,39.0,4.0
EL3,GR,7.666666666666667,Ineligible / Not Applicable,,2.0,4.0,1,18.0,4.0
EL3,GR,5.333333333333333,Valid Party Vote,0.0,5.0,6.0,0,49.0,4.0
EL3,GR,1.0,Valid Party Vote,0.0,9.0,5.0,1,22.0,4.0
EL3,GR,8.333333333333334,Valid Party Vote,0.0,8.0,4.0,1,49.0,4.0
EL5,GR,4.0,Valid Party Vote,0.0,3.0,4.0,1,47.0,4.0
EL3,GR,0.0,Refuse to Say,,4.0,4.0,0,33.0,4.0
EL6,GR,1.6666666666666667,Valid Party Vote,0.0,3.0,6.0,1,39.0,4.0
EL3,GR,7.0,Ineligible / Not Applicable,,3.0,7.0,0,38.0,4.0
EL3,GR,3.3333333333333335,Valid Party Vote,0.0,3.0,2.0,0,54.0,4.0
EL6,GR,2.0,Ineligible / Not Applicable,,2.0,1.0,1,76.0,4.0
EL5,GR,4.666666666666667,Refuse to Say,,9.0,1.0,0,84.0,4.0
EL5,GR,4.0,Valid Party Vote,0.0,5.0,2.0,1,69.0,4.0
EL6,GR,3.0,Valid Party Vote,0.0,2.0,6.0,1,35.0,4.0
EL5,GR,4.666666666666667,Valid Party Vote,0.0,5.0,2.0,1,70.0,4.0
EL6,GR,4.666666666666667,Valid Party Vote,0.0,2.0,2.0,1,62.0,4.0
EL5,GR,3.0,Refuse to Say,,3.0,6.0,1,48.0,4.0
EL6,GR,3.3333333333333335,Valid Party Vote,0.0,2.0,4.0,1,57.0,4.0
EL6,GR,5.666666666666667,Valid Party Vote,0.0,1.0,6.0,0,37.0,4.0
EL5,GR,3.6666666666666665,Ineligible / Not Applicable,,3.0,2.0,1,78.0,4.0
EL4,GR,3.6666666666666665,Valid Party Vote,0.0,4.0,3.0,0,53.0,4.0
EL6,GR,7.0,Ineligible / Not Applicable,,5.0,6.0,0,46.0,4.0
EL5,GR,6.0,Valid Party Vote,0.0,4.0,2.0,1,75.0,4.0
EL6,GR,6.0,Valid Party Vote,0.0,5.0,7.0,0,35.0,4.0
EL5,GR,3.6666666666666665,Refuse to Say,,2.0,4.0,0,31.0,4.0
EL3,GR,3.3333333333333335,Valid Party Vote,0.0,1.0,4.0,1,40.0,4.0
EL3,GR,6.333333333333333,Valid Party Vote,0.0,3.0,6.0,0,70.0,4.0
EL4,GR,4.666666666666667,Valid Party Vote,0.0,6.0,6.0,1,43.0,4.0
EL3,GR,5.333333333333333,Valid Party Vote,0.0,7.0,6.0,1,32.0,4.0
EL3,GR,0.0,Refuse to Say,,7.0,4.0,1,25.0,4.0
EL5,GR,6.0,Valid Party Vote,0.0,9.0,7.0,1,52.0,4.0
EL4,GR,5.333333333333333,Valid Party Vote,0.0,7.0,6.0,1,49.0,4.0
EL4,GR,2.0,Valid Party Vote,1.0,0.0,1.0,0,24.0,4.0
EL5,GR,2.6666666666666665,Valid Party Vote,1.0,2.0,6.0,1,32.0,4.0
EL5,GR,3.0,Valid Party Vote,0.0,3.0,4.0,0,70.0,4.0
EL3,GR,4.333333333333333,Valid Party Vote,0.0,4.0,4.0,0,22.0,4.0
EL3,GR,5.0,Ineligible / Not Applicable,,5.0,6.0,0,31.0,4.0
EL5,GR,1.3333333333333333,Valid Party Vote,0.0,2.0,6.0,0,33.0,4.0
EL6,GR,1.3333333333333333,Valid Party Vote,0.0,5.0,2.0,0,75.0,4.0
EL4,GR,5.0,Valid Party Vote,0.0,2.0,6.0,0,34.0,4.0
EL6,GR,5.333333333333333,Valid Party Vote,0.0,6.0,4.0,1,21.0,4.0
EL5,GR,3.6666666666666665,Valid Party Vote,0.0,3.0,6.0,0,65.0,4.0
EL3,GR,2.0,Valid Party Vote,1.0,2.0,7.0,1,40.0,4.0
EL3,GR,6.0,Valid Party Vote,0.0,6.0,4.0,0,27.0,4.0
EL6,GR,1.0,Refuse to Say,,2.0,5.0,1,48.0,4.0
EL3,GR,2.6666666666666665,Valid Party Vote,0.0,2.0,6.0,1,55.0,4.0
EL5,GR,1.6666666666666667,Valid Party Vote,0.0,3.0,4.0,0,55.0,4.0
EL5,GR,8.0,Refuse to Say,,9.0,2.0,1,19.0,4.0
EL3,GR,5.333333333333333,Valid Party Vote,0.0,7.0,4.0,0,73.0,4.0
EL4,GR,4.666666666666667,Valid Party Vote,0.0,4.0,4.0,1,59.0,4.0
EL3,GR,2.6666666666666665,Ineligible / Not Applicable,,3.0,4.0,1,64.0,4.0
EL5,GR,2.3333333333333335,Valid Party Vote,0.0,2.0,4.0,0,70.0,4.0
EL6,GR,2.3333333333333335,Valid Party Vote,0.0,6.0,6.0,1,40.0,4.0
EL6,GR,7.0,Valid Party Vote,0.0,3.0,6.0,0,36.0,4.0
EL3,GR,4.666666666666667,Ineligible / Not Applicable,,2.0,4.0,1,31.0,4.0
EL5,GR,5.333333333333333,Valid Party Vote,0.0,4.0,7.0,0,38.0,4.0
EL5,GR,2.0,Ineligible / Not Applicable,,7.0,5.0,1,30.0,4.0
EL5,GR,4.0,Valid Party Vote,0.0,4.0,1.0,1,83.0,4.0
EL3,GR,4.333333333333333,Ineligible / Not Applicable,,6.0,5.0,1,26.0,4.0
EL5,GR,4.333333333333333,Valid Party Vote,0.0,5.0,4.0,1,54.0,4.0
EL6,GR,3.3333333333333335,Valid Party Vote,0.0,1.0,7.0,1,43.0,4.0
EL5,GR,4.666666666666667,Valid Party Vote,0.0,5.0,5.0,0,54.0,4.0
EL4,GR,4.0,Valid Party Vote,0.0,4.0,4.0,1,57.0,4.0
EL3,GR,5.0,Refuse to Say,,6.0,6.0,0,37.0,4.0
EL5,GR,2.3333333333333335,Ineligible / Not Applicable,,7.0,4.0,1,64.0,4.0
EL5,GR,3.6666666666666665,Valid Party Vote,0.0,3.0,6.0,0,44.0,4.0
EL3,GR,1.0,Valid Party Vote,0.0,1.0,2.0,1,76.0,4.0
EL5,GR,4.666666666666667,Valid Party Vote,0.0,5.0,4.0,0,34.0,4.0
EL6,GR,2.0,Valid Party Vote,0.0,5.0,4.0,1,44.0,4.0
EL5,GR,4.666666666666667,Ineligible / Not Applicable,,5.0,6.0,1,28.0,4.0
EL6,GR,5.0,Refuse to Say,,6.0,4.0,1,45.0,4.0
EL6,GR,5.0,Valid Party Vote,0.0,2.0,1.0,1,69.0,4.0
EL4,GR,2.3333333333333335,Valid Party Vote,0.0,5.0,3.0,0,29.0,4.0
EL5,GR,3.6666666666666665,Refuse to Say,,3.0,4.0,1,48.0,4.0
EL5,GR,2.6666666666666665,Valid Party Vote,0.0,3.0,6.0,0,43.0,4.0
EL4,GR,6.333333333333333,Valid Party Vote,0.0,6.0,6.0,0,39.0,4.0
EL5,GR,4.0,Valid Party Vote,0.0,1.0,5.0,0,36.0,4.0
EL4,GR,4.333333333333333,Refuse to Say,,8.0,2.0,1,67.0,4.0
EL6,GR,5.666666666666667,Ineligible / Not Applicable,,5.0,2.0,1,17.0,4.0
EL6,GR,6.333333333333333,Valid Party Vote,0.0,4.0,4.0,1,52.0,4.0
EL3,GR,6.333333333333333,Ineligible / Not Applicable,,2.0,4.0,0,64.0,4.0
EL6,GR,5.333333333333333,Valid Party Vote,0.0,3.0,5.0,0,41.0,4.0
EL6,GR,3.0,Don't Know,,0.0,1.0,1,76.0,4.0
EL6,GR,6.666666666666667,Valid Party Vote,0.0,3.0,7.0,0,56.0,4.0
EL6,GR,2.0,Refuse to Say,,2.0,4.0,0,48.0,4.0
EL3,GR,6.333333333333333,Ineligible / Not Applicable,,7.0,4.0,0,50.0,4.0
EL3,GR,4.0,Refuse to Say,,3.0,2.0,1,70.0,4.0
EL5,GR,4.0,Valid Party Vote,0.0,2.0,2.0,0,69.0,4.0
EL5,GR,2.6666666666666665,Refuse to Say,,2.0,1.0,1,59.0,4.0
EL6,GR,2.6666666666666665,Valid Party Vote,0.0,4.0,2.0,0,53.0,4.0
EL3,GR,4.0,Refuse to Say,,0.0,7.0,0,41.0,4.0
EL3,GR,6.0,Valid Party Vote,0.0,5.0,4.0,1,45.0,4.0
EL5,GR,7.0,Ineligible / Not Applicable,,5.0,2.0,1,84.0,4.0
EL3,GR,4.333333333333333,Valid Party Vote,1.0,10.0,2.0,0,49.0,4.0
EL3,GR,2.6666666666666665,Valid Party Vote,0.0,4.0,6.0,0,53.0,4.0
EL5,GR,6.0,Valid Party Vote,0.0,9.0,4.0,0,55.0,4.0
EL3,GR,9.0,Valid Party Vote,0.0,9.0,4.0,0,64.0,4.0
EL5,GR,2.0,Ineligible / Not Applicable,,4.0,4.0,1,64.0,4.0
EL3,GR,6.666666666666667,Valid Party Vote,0.0,2.0,1.0,0,75.0,4.0
EL3,GR,3.3333333333333335,Refuse to Say,,2.0,6.0,0,34.0,4.0
EL5,GR,3.0,Refuse to Say,,4.0,4.0,1,45.0,4.0
EL6,GR,3.3333333333333335,Valid Party Vote,0.0,3.0,7.0,1,71.0,4.0
EL5,GR,4.0,Valid Party Vote,0.0,4.0,2.0,0,66.0,4.0
EL3,GR,2.0,Valid Party Vote,0.0,1.0,4.0,1,65.0,4.0
EL3,GR,0.0,Ineligible / Not Applicable,,7.0,4.0,1,23.0,4.0
EL6,GR,8.0,Valid Party Vote,0.0,1.0,6.0,0,70.0,4.0
EL3,GR,4.666666666666667,Valid Party Vote,0.0,5.0,4.0,1,77.0,4.0
EL3,GR,6.0,Ineligible / Not Applicable,,4.0,4.0,1,70.0,4.0
EL4,GR,5.0,Valid Party Vote,0.0,0.0,1.0,0,62.0,4.0
EL3,GR,5.0,Valid Party Vote,0.0,2.0,4.0,1,55.0,4.0
EL3,GR,2.0,Valid Party Vote,1.0,3.0,4.0,1,54.0,4.0
EL5,GR,4.333333333333333,Valid Party Vote,0.0,4.0,4.0,1,56.0,4.0
EL3,GR,3.3333333333333335,Refuse to Say,,4.0,4.0,1,64.0,4.0
EL3,GR,1.0,Valid Party Vote,1.0,0.0,4.0,1,84.0,4.0
EL3,GR,1.6666666666666667,Ineligible / Not Applicable,,4.0,4.0,0,22.0,4.0
EL5,GR,6.666666666666667,Valid Party Vote,0.0,2.0,2.0,0,75.0,4.0
EL4,GR,4.666666666666667,Valid Party Vote,0.0,2.0,1.0,0,85.0,4.0
EL3,GR,6.333333333333333,Valid Party Vote,0.0,3.0,4.0,0,33.0,4.0
EL3,GR,4.666666666666667,Valid Party Vote,0.0,5.0,5.0,1,30.0,4.0
EL5,GR,2.0,Ineligible / Not Applicable,,5.0,1.0,1,79.0,4.0
EL6,GR,2.3333333333333335,Refuse to Say,,7.0,4.0,1,42.0,4.0
EL6,GR,4.666666666666667,Ineligible / Not Applicable,,3.0,1.0,1,78.0,4.0
EL4,GR,5.666666666666667,Don't Know,,8.0,4.0,1,62.0,4.0
EL3,GR,3.0,Valid Party Vote,0.0,8.0,6.0,1,55.0,4.0
EL6,GR,4.333333333333333,Valid Party Vote,0.0,6.0,6.0,0,30.0,4.0
EL3,GR,3.3333333333333335,Valid Party Vote,0.0,6.0,4.0,1,24.0,4.0
EL6,GR,3.6666666666666665,Valid Party Vote,0.0,3.0,6.0,1,27.0,4.0
EL6,GR,7.0,Valid Party Vote,0.0,2.0,5.0,0,32.0,4.0
EL3,GR,4.0,Valid Party Vote,0.0,6.0,6.0,0,37.0,4.0
EL3,GR,0.0,Valid Party Vote,0.0,7.0,2.0,0,66.0,4.0
EL3,GR,0.0,Valid Party Vote,0.0,7.0,6.0,0,33.0,4.0
EL3,GR,2.0,Ineligible / Not Applicable,,5.0,6.0,0,35.0,4.0
EL6,GR,3.0,Valid Party Vote,0.0,4.0,4.0,0,19.0,4.0
EL3,GR,1.0,Valid Party Vote,0.0,8.0,6.0,1,64.0,4.0
EL5,GR,2.6666666666666665,Valid Party Vote,0.0,4.0,5.0,0,34.0,4.0
EL6,GR,1.6666666666666667,Valid Party Vote,0.0,1.0,1.0,1,74.0,4.0
EL4,GR,3.6666666666666665,Ineligible / Not Applicable,,8.0,2.0,1,17.0,4.0
EL3,GR,3.6666666666666665,Valid Party Vote,0.0,7.0,6.0,0,35.0,4.0
EL5,GR,2.3333333333333335,Refuse to Say,,5.0,7.0,0,41.0,4.0
EL6,GR,5.333333333333333,Valid Party Vote,0.0,4.0,4.0,1,60.0,4.0
EL5,GR,3.0,Valid Party Vote,0.0,2.0,1.0,1,82.0,4.0
EL4,GR,4.666666666666667,Valid Party Vote,0.0,2.0,6.0,0,39.0,4.0
EL5,GR,4.333333333333333,Valid Party Vote,0.0,10.0,4.0,0,53.0,4.0
EL6,GR,4.0,Valid Party Vote,1.0,3.0,5.0,0,22.0,4.0
EL3,GR,5.333333333333333,Valid Party Vote,0.0,1.0,1.0,1,78.0,4.0
EL5,GR,4.0,Refuse to Say,,9.0,1.0,0,64.0,4.0
EL3,GR,6.0,Valid Party Vote,0.0,1.0,2.0,0,60.0,4.0
EL5,GR,3.3333333333333335,Valid Party Vote,0.0,8.0,5.0,0,56.0,4.0
EL6,GR,4.0,Valid Party Vote,0.0,4.0,6.0,1,34.0,4.0
EL6,GR,0.0,Refuse to Say,,2.0,6.0,0,40.0,4.0
EL5,GR,4.333333333333333,Valid Party Vote,0.0,2.0,5.0,0,25.0,4.0
EL3,GR,1.0,Valid Party Vote,0.0,6.0,4.0,1,61.0,4.0
EL6,GR,6.666666666666667,Don't Know,,5.0,6.0,1,53.0,4.0
EL6,GR,4.0,Valid Party Vote,0.0,0.0,2.0,0,48.0,4.0
EL3,GR,1.3333333333333333,Valid Party Vote,0.0,2.0,6.0,1,72.0,4.0
EL3,GR,2.0,Valid Party Vote,0.0,2.0,2.0,0,68.0,4.0
EL3,GR,2.3333333333333335,Valid Party Vote,0.0,3.0,6.0,1,49.0,4.0
EL6,GR,6.333333333333333,Valid Party Vote,0.0,5.0,1.0,1,83.0,4.0
EL4,GR,3.0,Valid Party Vote,0.0,4.0,4.0,1,63.0,4.0
EL3,GR,5.666666666666667,Valid Party Vote,1.0,8.0,7.0,0,42.0,4.0
EL5,GR,0.6666666666666666,Valid Party Vote,0.0,2.0,2.0,1,76.0,4.0
EL6,GR,5.0,Valid Party Vote,0.0,4.0,6.0,0,70.0,4.0
EL6,GR,2.0,Refuse to Say,,5.0,6.0,1,32.0,4.0
EL3,GR,4.0,Valid Party Vote,0.0,4.0,6.0,1,59.0,4.0
EL5,GR,4.0,Ineligible / Not Applicable,,6.0,4.0,1,19.0,4.0
EL3,GR,3.0,Refuse to Say,,5.0,6.0,1,24.0,4.0
EL5,GR,3.0,Ineligible / Not Applicable,,7.0,2.0,1,33.0,4.0
EL5,GR,4.333333333333333,Valid Party Vote,0.0,3.0,1.0,1,78.0,4.0
EL6,GR,3.0,Valid Party Vote,0.0,4.0,4.0,1,57.0,4.0
EL5,GR,3.6666666666666665,Valid Party Vote,1.0,4.0,4.0,0,57.0,4.0
EL5,GR,7.333333333333333,Valid Party Vote,0.0,7.0,2.0,0,70.0,4.0
EL5,GR,1.6666666666666667,Valid Party Vote,0.0,4.0,4.0,0,46.0,4.0
EL5,GR,5.0,Ineligible / Not Applicable,,4.0,1.0,1,72.0,4.0
EL3,GR,0.0,Valid Party Vote,0.0,5.0,4.0,1,57.0,4.0
EL4,GR,3.6666666666666665,Valid Party Vote,0.0,5.0,4.0,0,54.0,4.0
EL5,GR,3.6666666666666665,Valid Party Vote,0.0,7.0,4.0,1,34.0,4.0
EL6,GR,5.333333333333333,Valid Party Vote,0.0,4.0,5.0,0,37.0,4.0
EL6,GR,3.0,Valid Party Vote,0.0,1.0,1.0,0,69.0,4.0
EL4,GR,3.6666666666666665,Valid Party Vote,1.0,2.0,6.0,0,53.0,4.0
EL4,GR,3.0,Valid Party Vote,0.0,0.0,1.0,0,74.0,4.0
EL3,GR,6.0,Valid Party Vote,0.0,6.0,4.0,0,26.0,4.0
EL3,GR,1.6666666666666667,Ineligible / Not Applicable,,7.0,4.0,1,34.0,4.0
EL6,GR,5.0,Valid Party Vote,0.0,4.0,6.0,0,70.0,4.0
EL4,GR,3.6666666666666665,Ineligible / Not Applicable,,5.0,7.0,1,36.0,4.0
EL3,GR,5.0,Don't Know,,6.0,4.0,0,55.0,4.0
EL5,GR,3.3333333333333335,Valid Party Vote,0.0,4.0,6.0,0,60.0,4.0
EL6,GR,1.6666666666666667,Ineligible / Not Applicable,,1.0,1.0,1,86.0,4.0
EL6,GR,2.0,Refuse to Say,,5.0,3.0,0,56.0,4.0
EL5,GR,6.0,Refuse to Say,,7.0,6.0,1,38.0,4.0
EL3,GR,8.0,Valid Party Vote,0.0,3.0,1.0,1,74.0,4.0
EL6,GR,1.0,Valid Party Vote,1.0,0.0,6.0,0,25.0,4.0
EL5,GR,7.333333333333333,Valid Party Vote,0.0,8.0,2.0,0,46.0,4.0
EL3,GR,5.666666666666667,Valid Party Vote,0.0,5.0,4.0,1,51.0,4.0
EL3,GR,4.333333333333333,Valid Party Vote,1.0,0.0,6.0,0,39.0,4.0
EL6,GR,0.0,Refuse to Say,,2.0,4.0,1,48.0,4.0
EL5,GR,6.0,Valid Party Vote,0.0,3.0,6.0,0,25.0,4.0
EL6,GR,4.0,Valid Party Vote,0.0,4.0,4.0,0,27.0,4.0
EL5,GR,4.666666666666667,Refuse to Say,,9.0,4.0,1,28.0,4.0
EL5,GR,4.333333333333333,Valid Party Vote,0.0,3.0,6.0,1,60.0,4.0
EL3,GR,3.6666666666666665,Refuse to Say,,6.0,4.0,1,47.0,4.0
EL3,GR,6.0,Valid Party Vote,0.0,8.0,4.0,1,60.0,4.0
EL5,GR,1.6666666666666667,Valid Party Vote,0.0,1.0,1.0,1,81.0,4.0
EL3,GR,2.3333333333333335,Valid Party Vote,0.0,0.0,4.0,0,34.0,4.0
EL6,GR,4.666666666666667,Valid Party Vote,0.0,4.0,6.0,0,65.0,4.0
EL3,GR,7.0,Ineligible / Not Applicable,,6.0,2.0,0,18.0,4.0
EL3,GR,6.0,Refuse to Say,,1.0,2.0,0,73.0,4.0
EL5,GR,1.3333333333333333,Refuse to Say,,6.0,6.0,1,66.0,4.0
EL6,GR,3.0,Ineligible / Not Applicable,,5.0,1.0,1,85.0,4.0
EL4,GR,4.333333333333333,Valid Party Vote,0.0,4.0,4.0,1,25.0,4.0
EL6,GR,5.0,Valid Party Vote,0.0,5.0,4.0,1,67.0,4.0
EL6,GR,2.6666666666666665,Valid Party Vote,0.0,2.0,4.0,1,40.0,4.0
EL3,GR,6.0,Valid Party Vote,0.0,4.0,6.0,1,62.0,4.0
EL6,GR,3.6666666666666665,Refuse to Say,,3.0,6.0,0,60.0,4.0
EL6,GR,1.3333333333333333,Refuse to Say,,2.0,2.0,1,60.0,4.0
EL6,GR,0.3333333333333333,Refuse to Say,,6.0,4.0,1,42.0,4.0
EL6,GR,0.0,Refuse to Say,,4.0,4.0,1,53.0,4.0
EL3,GR,5.333333333333333,Valid Party Vote,0.0,1.0,4.0,1,56.0,4.0
EL5,GR,0.3333333333333333,Ineligible / Not Applicable,,2.0,5.0,0,66.0,4.0
EL3,GR,3.0,Valid Party Vote,0.0,0.0,4.0,0,53.0,4.0
EL6,GR,2.3333333333333335,Ineligible / Not Applicable,,3.0,2.0,1,68.0,4.0
EL4,GR,2.6666666666666665,Valid Party Vote,0.0,5.0,6.0,1,30.0,4.0
EL5,GR,8.666666666666666,Valid Party Vote,0.0,1.0,1.0,0,75.0,4.0
EL3,GR,8.333333333333334,Valid Party Vote,0.0,5.0,2.0,1,65.0,4.0
EL3,GR,2.6666666666666665,Ineligible / Not Applicable,,1.0,4.0,0,64.0,4.0
EL5,GR,5.0,Valid Party Vote,0.0,3.0,4.0,1,64.0,4.0
EL5,GR,3.6666666666666665,Valid Party Vote,0.0,4.0,2.0,0,87.0,4.0
EL5,GR,2.6666666666666665,Ineligible / Not Applicable,,3.0,4.0,0,25.0,4.0
EL3,GR,4.0,Valid Party Vote,0.0,2.0,2.0,0,65.0,4.0
EL3,GR,3.6666666666666665,Valid Party Vote,0.0,5.0,4.0,0,49.0,4.0
EL5,GR,2.6666666666666665,Refuse to Say,,4.0,6.0,1,38.0,4.0
EL5,GR,1.6666666666666667,Refuse to Say,,2.0,6.0,1,38.0,4.0
EL4,GR,5.0,Valid Party Vote,0.0,4.0,4.0,0,49.0,4.0
EL4,GR,2.3333333333333335,Valid Party Vote,1.0,9.0,4.0,0,19.0,4.0
EL3,GR,1.3333333333333333,Refuse to Say,,4.0,6.0,0,67.0,4.0
EL6,GR,6.0,Valid Party Vote,0.0,5.0,7.0,1,52.0,4.0
EL3,GR,7.0,Valid Party Vote,0.0,6.0,4.0,0,78.0,4.0
EL6,GR,2.6666666666666665,Ineligible / Not Applicable,,2.0,1.0,1,82.0,4.0
EL3,GR,4.333333333333333,Valid Party Vote,0.0,1.0,2.0,0,73.0,4.0
EL5,GR,4.333333333333333,Valid Party Vote,0.0,9.0,4.0,0,48.0,4.0
EL3,GR,7.333333333333333,Valid Party Vote,0.0,2.0,1.0,0,81.0,4.0
EL6,GR,1.3333333333333333,Refuse to Say,,0.0,4.0,1,64.0,4.0
EL6,GR,4.333333333333333,Valid Party Vote,0.0,1.0,4.0,0,57.0,4.0
EL6,GR,5.0,Valid Party Vote,0.0,3.0,6.0,1,31.0,4.0
EL6,GR,3.0,Valid Party Vote,0.0,5.0,4.0,0,38.0,4.0
EL5,GR,4.333333333333333,Valid Party Vote,0.0,7.0,1.0,0,85.0,4.0
EL3,GR,2.0,Refuse to Say,,2.0,2.0,0,18.0,4.0
EL6,GR,1.3333333333333333,Valid Party Vote,0.0,0.0,1.0,1,70.0,4.0
EL5,GR,2.6666666666666665,Ineligible / Not Applicable,,3.0,4.0,1,19.0,4.0
EL5,GR,2.6666666666666665,Valid Party Vote,0.0,1.0,4.0,1,31.0,4.0
EL5,GR,4.666666666666667,Valid Party Vote,1.0,6.0,2.0,1,74.0,4.0
EL6,GR,4.333333333333333,Ineligible / Not Applicable,,4.0,6.0,0,51.0,4.0
EL4,GR,4.666666666666667,Refuse to Say,,5.0,4.0,0,22.0,4.0
EL3,GR,0.0,Refuse to Say,,7.0,4.0,1,56.0,4.0
EL4,GR,3.3333333333333335,Valid Party Vote,0.0,5.0,5.0,0,45.0,4.0
EL3,GR,2.0,Ineligible / Not Applicable,,3.0,4.0,1,45.0,4.0
EL5,GR,4.0,Valid Party Vote,0.0,1.0,6.0,0,27.0,4.0
EL3,GR,5.0,Valid Party Vote,0.0,2.0,5.0,1,65.0,4.0
EL6,GR,0.0,Valid Party Vote,0.0,1.0,4.0,0,18.0,4.0
EL5,GR,3.6666666666666665,Valid Party Vote,0.0,3.0,4.0,0,68.0,4.0
EL5,GR,7.666666666666667,Valid Party Vote,0.0,0.0,1.0,1,76.0,4.0
EL5,GR,3.0,Valid Party Vote,0.0,2.0,4.0,0,49.0,4.0
EL3,GR,2.6666666666666665,Valid Party Vote,0.0,7.0,4.0,1,38.0,4.0
EL6,GR,3.6666666666666665,Valid Party Vote,0.0,3.0,1.0,0,59.0,4.0
EL6,GR,3.0,Valid Party Vote,0.0,0.0,4.0,0,60.0,4.0
EL6,GR,1.3333333333333333,Refuse to Say,,2.0,4.0,1,57.0,4.0
EL3,GR,3.6666666666666665,Valid Party Vote,0.0,7.0,4.0,1,21.0,4.0
EL5,GR,3.0,Refuse to Say,,3.0,7.0,1,31.0,4.0
EL4,GR,4.666666666666667,Valid Party Vote,0.0,5.0,4.0,1,54.0,4.0
EL3,GR,2.0,Ineligible / Not Applicable,,3.0,4.0,1,23.0,4.0
EL5,GR,5.5,Valid Party Vote,0.0,2.0,2.0,0,75.0,4.0
EL5,GR,2.0,Refuse to Say,,10.0,4.0,1,30.0,4.0
EL5,GR,2.6666666666666665,Valid Party Vote,0.0,3.0,4.0,1,19.0,4.0
EL5,GR,3.0,Ineligible / Not Applicable,,4.0,4.0,0,18.0,4.0
EL6,GR,3.6666666666666665,Refuse to Say,,4.0,4.0,1,53.0,4.0
EL6,GR,5.333333333333333,Valid Party Vote,0.0,7.0,4.0,0,59.0,4.0
EL6,GR,6.333333333333333,Valid Party Vote,0.0,2.0,6.0,0,56.0,4.0
EL5,GR,5.666666666666667,Valid Party Vote,0.0,10.0,4.0,0,31.0,4.0
EL4,GR,4.0,Ineligible / Not Applicable,,9.0,2.0,0,52.0,4.0
EL3,GR,4.0,Ineligible / Not Applicable,,2.0,6.0,0,57.0,4.0
EL6,GR,3.3333333333333335,Refuse to Say,,3.0,4.0,0,63.0,4.0
EL5,GR,4.666666666666667,Valid Party Vote,0.0,6.0,4.0,1,26.0,4.0
EL3,GR,5.0,Valid Party Vote,0.0,5.0,1.0,1,68.0,4.0
EL5,GR,4.666666666666667,Valid Party Vote,0.0,5.0,1.0,0,86.0,4.0
EL3,GR,3.0,Valid Party Vote,0.0,3.0,2.0,0,73.0,4.0
EL3,GR,6.666666666666667,Valid Party Vote,0.0,4.0,6.0,1,40.0,4.0
EL6,GR,6.333333333333333,Valid Party Vote,0.0,4.0,6.0,1,40.0,4.0
EL6,GR,4.666666666666667,Valid Party Vote,0.0,5.0,1.0,1,83.0,4.0
EL3,GR,4.666666666666667,Valid Party Vote,0.0,6.0,4.0,1,42.0,4.0
EL6,GR,6.0,Valid Party Vote,0.0,5.0,7.0,0,50.0,4.0
EL5,GR,3.6666666666666665,Valid Party Vote,0.0,2.0,6.0,0,59.0,4.0
EL3,GR,5.666666666666667,Valid Party Vote,0.0,4.0,6.0,0,69.0,4.0
EL4,GR,2.6666666666666665,Valid Party Vote,0.0,3.0,1.0,1,78.0,4.0
EL5,GR,3.6666666666666665,Valid Party Vote,0.0,5.0,2.0,1,83.0,4.0
EL4,GR,3.6666666666666665,Valid Party Vote,0.0,5.0,4.0,0,37.0,4.0
EL3,GR,1.6666666666666667,Refuse to Say,,5.0,4.0,1,57.0,4.0
EL3,GR,2.0,Valid Party Vote,0.0,4.0,6.0,1,52.0,4.0
EL6,GR,0.3333333333333333,Refuse to Say,,3.0,2.0,1,59.0,4.0
EL3,GR,2.0,Ineligible / Not Applicable,,5.0,6.0,1,35.0,4.0
EL5,GR,4.333333333333333,Ineligible / Not Applicable,,8.0,1.0,1,80.0,4.0
EL3,GR,1.0,Valid Party Vote,0.0,5.0,1.0,1,47.0,4.0
EL5,GR,2.3333333333333335,Ineligible / Not Applicable,,2.0,6.0,0,28.0,4.0
EL5,GR,2.3333333333333335,Valid Party Vote,0.0,5.0,4.0,1,31.0,4.0
EL5,GR,2.3333333333333335,Valid Party Vote,0.0,3.0,4.0,0,43.0,4.0
EL5,GR,5.333333333333333,Valid Party Vote,0.0,6.0,1.0,0,83.0,4.0
EL6,GR,3.3333333333333335,Valid Party Vote,0.0,2.0,4.0,1,74.0,4.0
EL3,GR,3.3333333333333335,Valid Party Vote,0.0,6.0,2.0,1,64.0,4.0
EL6,GR,2.6666666666666665,Valid Party Vote,1.0,4.0,4.0,0,71.0,4.0
EL5,GR,3.0,Ineligible / Not Applicable,,3.0,6.0,0,43.0,4.0
EL3,GR,6.333333333333333,Ineligible / Not Applicable,,0.0,6.0,0,38.0,4.0
EL4,GR,4.333333333333333,Ineligible / Not Applicable,,7.0,2.0,1,41.0,4.0
EL3,GR,2.6666666666666665,Valid Party Vote,0.0,1.0,2.0,1,62.0,4.0
EL6,GR,4.333333333333333,Ineligible / Not Applicable,,1.0,1.0,1,86.0,4.0
EL4,GR,3.6666666666666665,Valid Party Vote,0.0,5.0,3.0,0,66.0,4.0
EL5,GR,3.3333333333333335,Valid Party Vote,0.0,2.0,6.0,0,33.0,4.0
EL3,GR,0.0,Valid Party Vote,0.0,4.0,6.0,1,49.0,4.0
EL6,GR,2.0,Refuse to Say,,2.0,2.0,1,56.0,4.0
EL5,GR,4.0,Ineligible / Not Applicable,,5.0,6.0,0,44.0,4.0
EL3,GR,5.0,Valid Party Vote,0.0,6.0,4.0,1,57.0,4.0
EL5,GR,6.0,Valid Party Vote,0.0,2.0,1.0,0,71.0,4.0
EL5,GR,3.6666666666666665,Ineligible / Not Applicable,,3.0,4.0,1,41.0,4.0
EL3,GR,7.333333333333333,Valid Party Vote,0.0,5.0,6.0,0,46.0,4.0
EL5,GR,5.666666666666667,Valid Party Vote,0.0,4.0,1.0,1,75.0,4.0
EL6,GR,5.0,Valid Party Vote,0.0,5.0,6.0,1,34.0,4.0
EL3,GR,0.0,Ineligible / Not Applicable,,6.0,6.0,1,36.0,4.0
EL3,GR,7.333333333333333,Valid Party Vote,0.0,1.0,4.0,0,71.0,4.0
EL4,GR,5.333333333333333,Valid Party Vote,0.0,5.0,6.0,1,44.0,4.0
EL6,GR,3.6666666666666665,Valid Party Vote,0.0,3.0,1.0,1,72.0,4.0
EL5,GR,4.666666666666667,Valid Party Vote,0.0,4.0,4.0,1,44.0,4.0
EL4,GR,3.3333333333333335,Ineligible / Not Applicable,,9.0,2.0,0,60.0,4.0
EL3,GR,0.6666666666666666,Refuse to Say,,4.0,6.0,0,34.0,4.0
EL5,GR,6.666666666666667,Valid Party Vote,0.0,3.0,1.0,1,82.0,4.0
EL3,GR,3.3333333333333335,Valid Party Vote,0.0,3.0,4.0,0,60.0,4.0
EL3,GR,4.666666666666667,Valid Party Vote,0.0,3.0,4.0,1,39.0,4.0
EL3,GR,2.3333333333333335,Ineligible / Not Applicable,,4.0,1.0,0,60.0,4.0
EL5,GR,4.666666666666667,Valid Party Vote,0.0,6.0,6.0,1,49.0,4.0
EL3,GR,4.333333333333333,Refuse to Say,,5.0,2.0,1,42.0,4.0
EL4,GR,5.333333333333333,Valid Party Vote,0.0,6.0,6.0,1,39.0,4.0
EL5,GR,4.0,Valid Party Vote,0.0,5.0,2.0,0,64.0,4.0
EL3,GR,5.333333333333333,Ineligible / Not Applicable,,3.0,2.0,0,44.0,4.0
EL3,GR,4.666666666666667,Ineligible / Not Applicable,,4.0,4.0,1,63.0,4.0
EL5,GR,2.0,Valid Party Vote,0.0,3.0,2.0,1,68.0,4.0
EL5,GR,4.666666666666667,Valid Party Vote,0.0,8.0,4.0,0,53.0,4.0
EL5,GR,2.3333333333333335,Ineligible / Not Applicable,,5.0,4.0,1,38.0,4.0
EL5,GR,3.6666666666666665,Ineligible / Not Applicable,,1.0,6.0,0,56.0,4.0
EL3,GR,3.0,Valid Party Vote,0.0,5.0,6.0,1,26.0,4.0
EL6,GR,1.3333333333333333,Refuse to Say,,1.0,4.0,0,28.0,4.0
EL3,GR,2.3333333333333335,Valid Party Vote,0.0,3.0,4.0,1,30.0,4.0
EL5,GR,3.3333333333333335,Valid Party Vote,0.0,4.0,4.0,1,51.0,4.0
EL5,GR,3.0,Valid Party Vote,0.0,2.0,6.0,0,35.0,4.0
EL3,GR,2.6666666666666665,Ineligible / Not Applicable,,5.0,1.0,0,74.0,4.0
EL5,GR,4.666666666666667,Valid Party Vote,0.0,5.0,6.0,1,51.0,4.0
EL3,GR,4.333333333333333,Valid Party Vote,0.0,4.0,4.0,0,60.0,4.0
EL6,GR,2.3333333333333335,Valid Party Vote,0.0,4.0,6.0,0,70.0,4.0
EL3,GR,3.0,Ineligible / Not Applicable,,8.0,2.0,1,45.0,4.0
EL5,GR,4.0,Valid Party Vote,0.0,5.0,5.0,1,54.0,4.0
EL3,GR,2.3333333333333335,Refuse to Say,,3.0,6.0,0,69.0,4.0
EL5,GR,4.333333333333333,Valid Party Vote,0.0,4.0,5.0,1,38.0,4.0
EL3,GR,8.0,Valid Party Vote,0.0,3.0,4.0,1,53.0,4.0
EL5,GR,5.666666666666667,Valid Party Vote,0.0,9.0,4.0,0,51.0,4.0
EL4,GR,4.666666666666667,Valid Party Vote,0.0,2.0,1.0,1,78.0,4.0
EL5,GR,4.333333333333333,Valid Party Vote,0.0,4.0,6.0,1,53.0,4.0
EL3,GR,4.0,Refuse to Say,,5.0,6.0,1,38.0,4.0
EL3,GR,4.333333333333333,Ineligible / Not Applicable,,2.0,6.0,0,50.0,4.0
EL6,GR,2.3333333333333335,Valid Party Vote,0.0,5.0,4.0,0,72.0,4.0
EL6,GR,4.333333333333333,Valid Party Vote,0.0,1.0,2.0,1,52.0,4.0
EL3,GR,2.0,Ineligible / Not Applicable,,5.0,4.0,0,53.0,4.0
EL4,GR,4.0,Valid Party Vote,0.0,8.0,4.0,0,46.0,4.0
EL5,GR,4.666666666666667,Valid Party Vote,0.0,7.0,7.0,1,30.0,4.0
EL5,GR,2.0,Ineligible / Not Applicable,,1.0,6.0,0,54.0,4.0
EL3,GR,2.0,Ineligible / Not Applicable,,0.0,1.0,0,76.0,4.0
EL3,GR,6.666666666666667,Ineligible / Not Applicable,,7.0,2.0,0,19.0,4.0
EL6,GR,2.6666666666666665,Refuse to Say,,3.0,6.0,0,49.0,4.0
EL5,GR,4.0,Valid Party Vote,0.0,,7.0,0,40.0,4.0
EL6,GR,1.6666666666666667,Valid Party Vote,0.0,2.0,2.0,1,58.0,4.0
EL4,GR,2.6666666666666665,Ineligible / Not Applicable,,2.0,4.0,0,56.0,4.0
EL3,GR,5.0,Ineligible / Not Applicable,,7.0,4.0,1,42.0,4.0
EL6,GR,3.6666666666666665,Refuse to Say,,4.0,1.0,1,85.0,4.0
EL3,GR,5.666666666666667,Valid Party Vote,0.0,5.0,2.0,0,72.0,4.0
EL3,GR,4.0,Ineligible / Not Applicable,,1.0,1.0,1,84.0,4.0
EL5,GR,3.3333333333333335,Valid Party Vote,0.0,8.0,6.0,1,29.0,4.0
EL6,GR,4.666666666666667,Valid Party Vote,0.0,3.0,4.0,1,60.0,4.0
EL5,GR,4.0,Valid Party Vote,0.0,2.0,6.0,1,24.0,4.0
EL5,GR,4.0,Valid Party Vote,0.0,5.0,4.0,0,28.0,4.0
EL3,GR,2.6666666666666665,Ineligible / Not Applicable,,4.0,2.0,0,17.0,4.0
EL3,GR,5.333333333333333,Refuse to Say,,4.0,6.0,0,40.0,4.0
EL6,GR,1.3333333333333333,Refuse to Say,,0.0,4.0,0,60.0,4.0
EL6,GR,6.0,Valid Party Vote,0.0,2.0,6.0,0,44.0,4.0
EL6,GR,0.0,Valid Party Vote,0.0,1.0,6.0,0,50.0,4.0
EL6,GR,2.6666666666666665,Refuse to Say,,4.0,6.0,1,22.0,4.0
EL5,GR,4.333333333333333,Valid Party Vote,0.0,2.0,4.0,1,43.0,4.0
EL6,GR,5.333333333333333,Valid Party Vote,0.0,4.0,4.0,0,45.0,4.0
EL6,GR,5.0,Valid Party Vote,0.0,7.0,2.0,0,67.0,4.0
EL3,GR,0.0,Valid Party Vote,0.0,8.0,4.0,0,62.0,4.0
EL6,GR,4.0,Valid Party Vote,0.0,2.0,4.0,1,65.0,4.0
EL3,GR,7.0,Valid Party Vote,1.0,5.0,6.0,0,47.0,4.0
EL5,GR,3.3333333333333335,Refuse to Say,,9.0,4.0,1,42.0,4.0
EL6,GR,1.0,Valid Party Vote,0.0,2.0,6.0,1,61.0,4.0
EL6,GR,5.0,Refuse to Say,,6.0,2.0,1,57.0,4.0
EL4,GR,4.333333333333333,Valid Party Vote,0.0,4.0,3.0,0,57.0,4.0
EL6,GR,3.0,Refuse to Say,,5.0,6.0,1,49.0,4.0
EL5,GR,2.6666666666666665,Ineligible / Not Applicable,,4.0,6.0,0,59.0,4.0
EL5,GR,5.333333333333333,Ineligible / Not Applicable,,9.0,2.0,0,56.0,4.0
EL4,GR,3.3333333333333335,Valid Party Vote,0.0,0.0,1.0,1,77.0,4.0
EL3,GR,1.0,Valid Party Vote,0.0,5.0,4.0,1,62.0,4.0
EL6,GR,7.0,Valid Party Vote,0.0,2.0,6.0,0,44.0,4.0
EL6,GR,6.0,Ineligible / Not Applicable,,8.0,2.0,1,38.0,4.0
EL6,GR,5.333333333333333,Valid Party Vote,0.0,2.0,6.0,1,44.0,4.0
EL5,GR,4.666666666666667,Valid Party Vote,0.0,6.0,6.0,0,44.0,4.0
EL3,GR,2.3333333333333335,Ineligible / Not Applicable,,2.0,6.0,0,56.0,4.0
EL6,GR,4.666666666666667,Valid Party Vote,0.0,2.0,6.0,0,33.0,4.0
EL6,GR,5.0,Valid Party Vote,0.0,5.0,4.0,1,21.0,4.0
EL5,GR,4.666666666666667,Valid Party Vote,0.0,6.0,1.0,1,83.0,4.0
EL5,GR,5.0,Ineligible / Not Applicable,,5.0,4.0,0,74.0,4.0
EL3,GR,7.0,Valid Party Vote,0.0,7.0,4.0,1,44.0,4.0
EL6,GR,2.6666666666666665,Valid Party Vote,0.0,4.0,1.0,0,47.0,4.0
EL3,GR,2.0,Valid Party Vote,0.0,3.0,2.0,0,75.0,4.0
EL5,GR,3.6666666666666665,Valid Party Vote,0.0,,4.0,1,74.0,4.0
EL5,GR,4.333333333333333,Valid Party Vote,0.0,5.0,4.0,1,48.0,4.0
EL3,GR,0.0,Ineligible / Not Applicable,,8.0,4.0,0,33.0,4.0
EL6,GR,3.3333333333333335,Refuse to Say,,7.0,6.0,1,42.0,4.0
EL3,GR,0.0,Ineligible / Not Applicable,,8.0,1.0,0,74.0,4.0
EL5,GR,2.6666666666666665,Valid Party Vote,0.0,2.0,1.0,1,75.0,4.0
EL5,GR,6.666666666666667,Valid Party Vote,0.0,6.0,6.0,0,78.0,4.0
EL6,GR,3.3333333333333335,Valid Party Vote,0.0,5.0,4.0,0,43.0,4.0
EL4,GR,4.0,Refuse to Say,,7.0,4.0,1,28.0,4.0
EL6,GR,3.6666666666666665,Valid Party Vote,0.0,4.0,3.0,0,72.0,4.0
EL5,GR,1.3333333333333333,Invalid Ballot,0.0,1.0,2.0,1,62.0,4.0
EL6,GR,2.6666666666666665,Refuse to Say,,6.0,2.0,1,48.0,4.0
EL6,GR,4.333333333333333,Valid Party Vote,0.0,5.0,6.0,0,51.0,4.0
EL5,GR,4.0,Valid Party Vote,0.0,5.0,1.0,1,69.0,4.0
EL5,GR,6.0,Valid Party Vote,0.0,8.0,4.0,1,59.0,4.0
EL5,GR,3.6666666666666665,Valid Party Vote,0.0,6.0,4.0,0,58.0,4.0
EL6,GR,2.6666666666666665,Valid Party Vote,0.0,3.0,4.0,1,49.0,4.0
EL5,GR,3.3333333333333335,Valid Party Vote,0.0,4.0,4.0,0,52.0,4.0
EL6,GR,2.6666666666666665,Refuse to Say,,2.0,4.0,1,60.0,4.0
EL4,GR,4.333333333333333,Refuse to Say,,4.0,3.0,0,36.0,4.0
EL5,GR,4.333333333333333,Ineligible / Not Applicable,,7.0,1.0,1,85.0,4.0
EL3,GR,4.666666666666667,Refuse to Say,,1.0,2.0,1,70.0,4.0
EL4,GR,6.333333333333333,Valid Party Vote,0.0,6.0,6.0,0,30.0,4.0
EL4,GR,3.0,Ineligible / Not Applicable,,3.0,1.0,0,57.0,4.0
EL6,GR,6.0,Valid Party Vote,1.0,6.0,4.0,1,42.0,4.0
EL5,GR,4.666666666666667,Valid Party Vote,0.0,6.0,7.0,1,58.0,4.0
EL3,GR,1.6666666666666667,Valid Party Vote,0.0,2.0,1.0,1,66.0,4.0
EL3,GR,2.0,Valid Party Vote,0.0,4.0,4.0,1,79.0,4.0
EL6,GR,3.6666666666666665,Valid Party Vote,0.0,3.0,4.0,1,53.0,4.0
EL6,GR,1.0,Ineligible / Not Applicable,,6.0,2.0,1,16.0,4.0
EL6,GR,5.0,Valid Party Vote,0.0,3.0,1.0,1,77.0,4.0
EL5,GR,4.666666666666667,Valid Party Vote,0.0,8.0,6.0,1,85.0,4.0
EL5,GR,3.6666666666666665,Ineligible / Not Applicable,,3.0,1.0,1,89.0,4.0
EL6,GR,0.0,Valid Party Vote,0.0,5.0,2.0,0,50.0,4.0
EL5,GR,4.0,Valid Party Vote,0.0,6.0,7.0,1,41.0,4.0
EL5,GR,2.0,Ineligible / Not Applicable,,4.0,4.0,0,29.0,4.0
EL4,GR,5.333333333333333,Valid Party Vote,0.0,0.0,1.0,0,81.0,4.0
EL3,GR,4.333333333333333,Valid Party Vote,0.0,5.0,1.0,0,64.0,4.0
EL3,GR,2.6666666666666665,Valid Party Vote,0.0,5.0,4.0,0,33.0,4.0
EL5,GR,4.666666666666667,Valid Party Vote,0.0,10.0,4.0,1,56.0,4.0
EL5,GR,3.3333333333333335,Ineligible / Not Applicable,,5.0,4.0,1,48.0,4.0
EL3,GR,5.333333333333333,Ineligible / Not Applicable,,5.0,4.0,0,32.0,4.0
EL6,GR,6.333333333333333,Refuse to Say,,4.0,4.0,1,46.0,4.0
EL3,GR,3.6666666666666665,Valid Party Vote,1.0,3.0,4.0,1,64.0,4.0
EL6,GR,2.6666666666666665,Refuse to Say,,4.0,4.0,0,41.0,4.0
EL5,GR,5.333333333333333,Valid Party Vote,0.0,10.0,1.0,0,78.0,4.0
EL4,GR,4.0,Valid Party Vote,0.0,0.0,1.0,0,80.0,4.0
EL3,GR,5.333333333333333,Ineligible / Not Applicable,,2.0,4.0,0,23.0,4.0
EL3,GR,5.0,Valid Party Vote,0.0,5.0,4.0,1,54.0,4.0
EL4,GR,1.3333333333333333,Ineligible / Not Applicable,,7.0,4.0,0,42.0,4.0
EL3,GR,3.3333333333333335,Valid Party Vote,0.0,2.0,4.0,0,50.0,4.0
EL3,GR,6.333333333333333,Ineligible / Not Applicable,,5.0,2.0,1,17.0,4.0
EL3,GR,5.333333333333333,Valid Party Vote,0.0,8.0,6.0,1,42.0,4.0
EL5,GR,3.0,Valid Party Vote,0.0,3.0,6.0,0,47.0,4.0
EL5,GR,3.6666666666666665,Ineligible / Not Applicable,,3.0,5.0,0,30.0,4.0
EL3,GR,5.0,Valid Party Vote,0.0,2.0,4.0,1,52.0,4.0
EL5,GR,5.333333333333333,Valid Party Vote,0.0,5.0,4.0,0,70.0,4.0
EL3,GR,4.0,Valid Party Vote,0.0,2.0,1.0,1,82.0,4.0
EL6,GR,0.0,Refuse to Say,,2.0,4.0,1,28.0,4.0
EL4,GR,6.0,Refuse to Say,,5.0,4.0,0,52.0,4.0
EL3,GR,5.333333333333333,Ineligible / Not Applicable,,6.0,6.0,1,53.0,4.0
EL6,GR,3.3333333333333335,Ineligible / Not Applicable,,0.0,1.0,1,82.0,4.0
EL3,GR,6.0,Valid Party Vote,0.0,4.0,6.0,0,35.0,4.0
EL3,GR,4.0,Valid Party Vote,0.0,2.0,4.0,1,71.0,4.0
EL5,GR,3.3333333333333335,Refuse to Say,,7.0,4.0,0,64.0,4.0
EL3,GR,4.666666666666667,Valid Party Vote,0.0,8.0,6.0,0,45.0,4.0
EL5,GR,4.0,Ineligible / Not Applicable,,4.0,5.0,1,32.0,4.0
EL4,GR,4.333333333333333,Valid Party Vote,0.0,9.0,4.0,1,27.0,4.0
EL5,GR,1.3333333333333333,Valid Party Vote,0.0,5.0,4.0,1,61.0,4.0
EL3,GR,3.0,Valid Party Vote,0.0,4.0,4.0,1,68.0,4.0
EL3,GR,2.6666666666666665,Ineligible / Not Applicable,,7.0,6.0,0,25.0,4.0
EL6,GR,0.3333333333333333,Refuse to Say,,0.0,4.0,0,44.0,4.0
EL3,GR,2.6666666666666665,Refuse to Say,,1.0,4.0,1,57.0,4.0
EL3,GR,4.333333333333333,Valid Party Vote,0.0,5.0,2.0,0,60.0,4.0
EL4,GR,4.666666666666667,Valid Party Vote,0.0,3.0,1.0,1,73.0,4.0
EL5,GR,4.0,Valid Party Vote,0.0,3.0,4.0,0,51.0,4.0
EL6,GR,2.6666666666666665,Refuse to Say,,4.0,7.0,0,45.0,4.0
EL5,GR,6.666666666666667,Valid Party Vote,0.0,2.0,1.0,1,57.0,4.0
EL3,GR,5.666666666666667,Valid Party Vote,0.0,5.0,4.0,0,35.0,4.0
EL3,GR,3.3333333333333335,Valid Party Vote,0.0,4.0,4.0,0,37.0,4.0
EL6,GR,3.0,Valid Party Vote,0.0,6.0,6.0,1,44.0,4.0
EL6,GR,5.666666666666667,Valid Party Vote,0.0,4.0,6.0,0,33.0,4.0
EL5,GR,4.0,Valid Party Vote,0.0,5.0,6.0,1,27.0,4.0
EL3,GR,6.0,Ineligible / Not Applicable,,1.0,4.0,1,20.0,4.0
EL3,GR,4.0,Valid Party Vote,1.0,5.0,4.0,1,49.0,4.0
EL6,GR,2.0,Valid Party Vote,0.0,3.0,2.0,1,59.0,4.0
EL3,GR,1.0,Refuse to Say,,6.0,4.0,1,61.0,4.0
EL3,GR,4.666666666666667,Valid Party Vote,0.0,2.0,4.0,1,59.0,4.0
EL3,GR,7.333333333333333,Valid Party Vote,0.0,7.0,4.0,1,27.0,4.0
EL6,GR,3.3333333333333335,Valid Party Vote,0.0,5.0,1.0,1,49.0,4.0
EL5,GR,4.333333333333333,Valid Party Vote,0.0,5.0,5.0,1,31.0,4.0
EL3,GR,7.0,Valid Party Vote,0.0,3.0,4.0,0,74.0,4.0
EL3,GR,3.6666666666666665,Refuse to Say,,1.0,4.0,1,64.0,4.0
EL3,GR,8.0,Valid Party Vote,0.0,5.0,6.0,0,74.0,4.0
EL4,GR,2.6666666666666665,Ineligible / Not Applicable,,6.0,5.0,0,48.0,4.0
EL3,GR,9.333333333333334,Valid Party Vote,0.0,9.0,4.0,0,40.0,4.0
EL5,GR,2.6666666666666665,Ineligible / Not Applicable,,3.0,4.0,0,45.0,4.0
EL3,GR,4.0,Valid Party Vote,0.0,5.0,4.0,1,66.0,4.0
EL6,GR,2.3333333333333335,Valid Party Vote,0.0,1.0,6.0,1,35.0,4.0
EL3,GR,6.333333333333333,Valid Party Vote,0.0,5.0,2.0,0,69.0,4.0
EL4,GR,5.333333333333333,Valid Party Vote,0.0,5.0,6.0,0,45.0,4.0
EL6,GR,2.3333333333333335,Valid Party Vote,0.0,2.0,4.0,1,58.0,4.0
EL3,GR,3.0,Valid Party Vote,0.0,5.0,4.0,0,55.0,4.0
EL6,GR,3.6666666666666665,Valid Party Vote,1.0,1.0,4.0,0,60.0,4.0
EL3,GR,2.0,Valid Party Vote,1.0,7.0,5.0,1,59.0,4.0
EL3,GR,8.0,Valid Party Vote,0.0,8.0,6.0,1,65.0,4.0
EL6,GR,3.0,Refuse to Say,,2.0,4.0,0,27.0,4.0
EL5,GR,4.333333333333333,Valid Party Vote,0.0,6.0,4.0,1,36.0,4.0
EL3,GR,0.3333333333333333,Refuse to Say,,1.0,6.0,1,26.0,4.0
EL5,GR,1.3333333333333333,Valid Party Vote,0.0,3.0,2.0,1,49.0,4.0
EL5,GR,1.6666666666666667,Refuse to Say,,1.0,1.0,1,83.0,4.0
EL3,GR,8.666666666666666,Valid Party Vote,0.0,4.0,4.0,0,50.0,4.0
EL6,GR,6.666666666666667,Valid Party Vote,0.0,7.0,4.0,0,46.0,4.0
EL3,GR,5.333333333333333,Valid Party Vote,0.0,2.0,6.0,0,61.0,4.0
EL6,GR,4.333333333333333,Valid Party Vote,1.0,1.0,5.0,1,40.0,4.0
EL3,GR,2.3333333333333335,Valid Party Vote,0.0,2.0,4.0,0,55.0,4.0
EL4,GR,3.6666666666666665,Valid Party Vote,0.0,3.0,4.0,0,52.0,4.0
EL6,GR,3.0,Valid Party Vote,0.0,7.0,4.0,0,25.0,4.0
EL6,GR,7.666666666666667,Valid Party Vote,0.0,3.0,2.0,1,63.0,4.0
EL5,GR,1.6666666666666667,Valid Party Vote,0.0,1.0,2.0,1,42.0,4.0
EL5,GR,3.0,Valid Party Vote,0.0,4.0,4.0,0,58.0,4.0
EL3,GR,2.0,Refuse to Say,,3.0,2.0,0,80.0,4.0
EL4,GR,4.666666666666667,Refuse to Say,,3.0,5.0,1,50.0,4.0
EL4,GR,0.3333333333333333,Ineligible / Not Applicable,,2.0,6.0,0,37.0,4.0
EL6,GR,5.0,Valid Party Vote,1.0,3.0,6.0,1,23.0,4.0
EL5,GR,4.0,Valid Party Vote,1.0,3.0,6.0,1,49.0,4.0
EL5,GR,2.0,Valid Party Vote,0.0,2.0,4.0,1,64.0,4.0
EL5,GR,3.3333333333333335,Valid Party Vote,0.0,5.0,2.0,0,69.0,4.0
EL6,GR,6.666666666666667,Valid Party Vote,1.0,1.0,1.0,0,74.0,4.0
EL3,GR,6.0,Ineligible / Not Applicable,,5.0,4.0,1,20.0,4.0
EL3,GR,5.333333333333333,Refuse to Say,,5.0,4.0,1,19.0,4.0
EL3,GR,5.0,Valid Party Vote,0.0,6.0,6.0,0,30.0,4.0
EL6,GR,2.3333333333333335,Valid Party Vote,0.0,4.0,2.0,1,74.0,4.0
EL6,GR,7.333333333333333,Valid Party Vote,0.0,6.0,1.0,1,79.0,4.0
EL5,GR,2.6666666666666665,Refuse to Say,,3.0,4.0,1,52.0,4.0
EL3,GR,8.666666666666666,Valid Party Vote,0.0,8.0,4.0,1,51.0,4.0
EL6,GR,1.6666666666666667,Ineligible / Not Applicable,,1.0,2.0,1,66.0,4.0
EL4,GR,5.0,Valid Party Vote,0.0,1.0,1.0,0,37.0,4.0
EL5,GR,3.0,Valid Party Vote,1.0,5.0,4.0,1,57.0,4.0
EL5,GR,1.6666666666666667,Valid Party Vote,0.0,1.0,1.0,1,75.0,4.0
EL6,GR,4.0,Refuse to Say,,5.0,3.0,1,57.0,4.0
EL5,GR,1.6666666666666667,Ineligible / Not Applicable,,3.0,6.0,0,24.0,4.0
EL5,GR,5.333333333333333,Valid Party Vote,0.0,1.0,1.0,1,81.0,4.0
EL5,GR,2.0,Valid Party Vote,0.0,8.0,4.0,1,57.0,4.0
EL3,GR,6.333333333333333,Valid Party Vote,0.0,5.0,4.0,1,75.0,4.0
EL3,GR,5.666666666666667,Valid Party Vote,0.0,2.0,5.0,1,30.0,4.0
EL5,GR,3.3333333333333335,Valid Party Vote,0.0,6.0,4.0,1,34.0,4.0
EL4,GR,3.6666666666666665,Valid Party Vote,0.0,6.0,7.0,0,48.0,4.0
EL5,GR,2.6666666666666665,Refuse to Say,,3.0,4.0,1,52.0,4.0
EL3,GR,2.3333333333333335,Valid Party Vote,0.0,4.0,6.0,1,59.0,4.0
EL5,GR,4.333333333333333,Valid Party Vote,0.0,5.0,6.0,1,58.0,4.0
EL5,GR,4.333333333333333,Valid Party Vote,0.0,9.0,1.0,1,64.0,4.0
EL6,GR,4.666666666666667,Valid Party Vote,0.0,2.0,4.0,0,60.0,4.0
EL3,GR,8.0,Valid Party Vote,0.0,5.0,6.0,0,40.0,4.0
EL6,GR,1.6666666666666667,Refuse to Say,,0.0,4.0,1,46.0,4.0
EL6,GR,2.0,Valid Party Vote,0.0,5.0,4.0,0,29.0,4.0
EL6,GR,3.0,Valid Party Vote,0.0,0.0,4.0,1,46.0,4.0
EL3,GR,3.6666666666666665,Ineligible / Not Applicable,,5.0,5.0,1,35.0,4.0
EL6,GR,7.333333333333333,Valid Party Vote,0.0,6.0,6.0,0,73.0,4.0
EL5,GR,3.3333333333333335,Ineligible / Not Applicable,,2.0,4.0,1,19.0,4.0
EL6,GR,7.0,Valid Party Vote,0.0,5.0,4.0,1,33.0,4.0
EL5,GR,5.0,Ineligible / Not Applicable,,6.0,1.0,1,79.0,4.0
EL5,GR,4.666666666666667,Refuse to Say,,4.0,2.0,1,58.0,4.0
EL6,GR,5.0,Valid Party Vote,0.0,5.0,4.0,0,56.0,4.0
EL4,GR,5.666666666666667,Valid Party Vote,0.0,8.0,2.0,0,66.0,4.0
EL5,GR,4.0,Valid Party Vote,0.0,5.0,4.0,0,72.0,4.0
EL6,GR,5.666666666666667,Valid Party Vote,0.0,2.0,1.0,1,60.0,4.0
EL6,GR,4.666666666666667,Valid Party Vote,0.0,2.0,4.0,1,64.0,4.0
EL6,GR,5.666666666666667,Valid Party Vote,0.0,5.0,7.0,1,45.0,4.0
EL6,GR,4.0,Valid Party Vote,0.0,7.0,6.0,1,64.0,4.0
EL3,GR,0.0,Ineligible / Not Applicable,,4.0,2.0,1,64.0,4.0
EL6,GR,2.6666666666666665,Valid Party Vote,0.0,4.0,1.0,1,71.0,4.0
EL3,GR,0.6666666666666666,Refuse to Say,,2.0,4.0,0,39.0,4.0
EL5,GR,4.333333333333333,Refuse to Say,,8.0,6.0,0,61.0,4.0
EL3,GR,0.0,Ineligible / Not Applicable,,,4.0,0,19.0,4.0
EL4,GR,2.6666666666666665,Valid Party Vote,0.0,4.0,4.0,1,59.0,4.0
EL6,GR,2.3333333333333335,Ineligible / Not Applicable,,2.0,1.0,1,78.0,4.0
EL6,GR,3.0,Refuse to Say,,1.0,6.0,0,23.0,4.0
EL3,GR,3.6666666666666665,Ineligible / Not Applicable,,5.0,4.0,1,74.0,4.0
EL3,GR,7.333333333333333,Valid Party Vote,0.0,5.0,6.0,0,64.0,4.0
EL6,GR,1.3333333333333333,Ineligible / Not Applicable,,2.0,4.0,1,50.0,4.0
EL3,GR,4.333333333333333,Valid Party Vote,0.0,4.0,4.0,1,66.0,4.0
EL3,GR,5.666666666666667,Valid Party Vote,0.0,5.0,5.0,0,35.0,4.0
EL5,GR,4.666666666666667,Valid Party Vote,0.0,5.0,4.0,1,44.0,4.0
EL4,GR,2.0,Valid Party Vote,0.0,1.0,6.0,0,50.0,4.0
EL4,GR,4.666666666666667,Valid Party Vote,0.0,4.0,1.0,1,83.0,4.0
EL3,GR,3.6666666666666665,Ineligible / Not Applicable,,5.0,6.0,1,41.0,4.0
EL5,GR,2.6666666666666665,Ineligible / Not Applicable,,1.0,4.0,0,23.0,4.0
EL3,GR,3.3333333333333335,Valid Party Vote,1.0,3.0,2.0,1,48.0,4.0
EL5,GR,4.666666666666667,Valid Party Vote,0.0,9.0,4.0,0,41.0,4.0
EL4,GR,1.3333333333333333,Valid Party Vote,1.0,0.0,4.0,0,46.0,4.0
EL3,GR,3.6666666666666665,Valid Party Vote,0.0,2.0,4.0,1,54.0,4.0
EL4,GR,1.0,Ineligible / Not Applicable,,3.0,4.0,0,61.0,4.0
EL6,GR,2.6666666666666665,Valid Party Vote,0.0,2.0,1.0,0,78.0,4.0
EL5,GR,4.666666666666667,Valid Party Vote,0.0,6.0,4.0,1,46.0,4.0
EL5,GR,1.3333333333333333,Valid Party Vote,0.0,2.0,4.0,0,56.0,4.0
EL3,GR,0.3333333333333333,Valid Party Vote,0.0,9.0,4.0,1,44.0,4.0
EL3,GR,6.333333333333333,Valid Party Vote,0.0,7.0,4.0,0,59.0,4.0
EL6,GR,2.3333333333333335,Valid Party Vote,0.0,0.0,1.0,0,56.0,4.0
EL4,GR,3.3333333333333335,Valid Party Vote,0.0,5.0,3.0,1,19.0,4.0
EL3,GR,4.0,Valid Party Vote,0.0,2.0,2.0,1,69.0,4.0
EL6,GR,5.0,Ineligible / Not Applicable,,8.0,2.0,0,46.0,4.0
EL4,GR,2.3333333333333335,Refuse to Say,,3.0,2.0,1,60.0,4.0
EL5,GR,3.3333333333333335,Ineligible / Not Applicable,,7.0,4.0,1,56.0,4.0
EL5,GR,3.3333333333333335,Refuse to Say,,9.0,4.0,0,44.0,4.0
EL6,GR,6.666666666666667,Valid Party Vote,0.0,7.0,6.0,1,28.0,4.0
EL3,GR,4.0,Valid Party Vote,0.0,4.0,3.0,0,26.0,4.0
EL3,GR,5.666666666666667,Valid Party Vote,0.0,5.0,6.0,0,31.0,4.0
EL3,GR,8.666666666666666,Ineligible / Not Applicable,,5.0,4.0,0,34.0,4.0
EL4,GR,5.0,Valid Party Vote,0.0,2.0,6.0,0,27.0,4.0
EL5,GR,4.0,Valid Party Vote,0.0,4.0,4.0,0,26.0,4.0
EL5,GR,5.0,Valid Party Vote,0.0,4.0,2.0,0,65.0,4.0
EL6,GR,2.6666666666666665,Ineligible / Not Applicable,,7.0,4.0,1,23.0,4.0
EL5,GR,3.3333333333333335,Valid Party Vote,0.0,3.0,6.0,1,38.0,4.0
EL3,GR,2.6666666666666665,Ineligible / Not Applicable,,6.0,4.0,0,61.0,4.0
EL5,GR,4.666666666666667,Valid Party Vote,0.0,5.0,4.0,0,61.0,4.0
EL3,GR,3.0,Valid Party Vote,0.0,2.0,4.0,1,49.0,4.0
EL6,GR,6.0,Valid Party Vote,0.0,5.0,6.0,1,37.0,4.0
EL4,GR,3.0,Valid Party Vote,0.0,5.0,1.0,1,77.0,4.0
EL6,GR,4.333333333333333,Valid Party Vote,0.0,5.0,6.0,0,25.0,4.0
EL5,GR,4.333333333333333,Valid Party Vote,0.0,5.0,4.0,1,58.0,4.0
EL6,GR,1.3333333333333333,Refuse to Say,,0.0,2.0,0,65.0,4.0
EL5,GR,2.0,Valid Party Vote,1.0,4.0,4.0,0,56.0,4.0
EL3,GR,3.6666666666666665,Valid Party Vote,0.0,4.0,6.0,1,52.0,4.0
EL3,GR,2.3333333333333335,Valid Party Vote,0.0,2.0,4.0,0,51.0,4.0
EL5,GR,3.3333333333333335,Valid Party Vote,0.0,4.0,1.0,1,77.0,4.0
EL6,GR,4.0,Valid Party Vote,0.0,2.0,4.0,1,48.0,4.0
EL6,GR,1.6666666666666667,Refuse to Say,,1.0,1.0,0,84.0,4.0
EL5,GR,6.0,Ineligible / Not Applicable,,3.0,1.0,0,87.0,4.0
EL4,GR,5.333333333333333,Valid Party Vote,0.0,2.0,1.0,1,80.0,4.0
EL3,GR,1.0,Valid Party Vote,0.0,5.0,2.0,0,77.0,4.0
EL6,GR,3.0,Ineligible / Not Applicable,,3.0,4.0,1,57.0,4.0
EL3,GR,2.3333333333333335,Valid Party Vote,0.0,7.0,4.0,0,30.0,4.0
EL6,GR,2.0,Valid Party Vote,0.0,6.0,6.0,0,61.0,4.0
EL6,GR,2.3333333333333335,Valid Party Vote,0.0,4.0,4.0,0,52.0,4.0
EL6,GR,1.3333333333333333,Refuse to Say,,3.0,4.0,0,56.0,4.0
EL3,GR,5.666666666666667,Valid Party Vote,0.0,5.0,4.0,1,69.0,4.0
EL3,GR,1.6666666666666667,Ineligible / Not Applicable,,6.0,6.0,0,53.0,4.0
EL6,GR,5.666666666666667,Refuse to Say,,4.0,6.0,1,22.0,4.0
EL5,GR,4.666666666666667,Valid Party Vote,1.0,6.0,4.0,0,29.0,4.0
EL6,GR,6.333333333333333,Valid Party Vote,0.0,4.0,6.0,1,51.0,4.0
EL5,GR,0.3333333333333333,Refuse to Say,,2.0,4.0,0,59.0,4.0
EL3,GR,5.666666666666667,Refuse to Say,,2.0,5.0,0,34.0,4.0
EL6,GR,6.0,Valid Party Vote,0.0,3.0,4.0,0,46.0,4.0
EL4,GR,1.0,Valid Party Vote,0.0,1.0,4.0,1,34.0,4.0
EL3,GR,4.0,Valid Party Vote,0.0,0.0,1.0,0,74.0,4.0
EL3,GR,4.333333333333333,Valid Party Vote,0.0,1.0,2.0,1,74.0,4.0
EL3,GR,2.0,Ineligible / Not Applicable,,5.0,6.0,1,35.0,4.0
EL3,GR,2.6666666666666665,Refuse to Say,,2.0,4.0,1,44.0,4.0
EL3,GR,3.0,Refuse to Say,,3.0,2.0,1,82.0,4.0
EL6,GR,3.0,Valid Party Vote,0.0,1.0,4.0,1,58.0,4.0
EL5,GR,2.3333333333333335,Refuse to Say,,3.0,4.0,1,19.0,4.0
EL4,GR,2.3333333333333335,Refuse to Say,,7.0,6.0,0,42.0,4.0
EL3,GR,6.333333333333333,Valid Party Vote,0.0,3.0,4.0,0,58.0,4.0
EL6,GR,5.0,Valid Party Vote,0.0,3.0,4.0,1,24.0,4.0
EL5,GR,2.3333333333333335,Ineligible / Not Applicable,,2.0,4.0,0,21.0,4.0
EL3,GR,6.666666666666667,Valid Party Vote,0.0,8.0,4.0,1,24.0,4.0
EL6,GR,2.6666666666666665,Refuse to Say,,3.0,1.0,1,77.0,4.0
EL3,GR,5.666666666666667,Valid Party Vote,0.0,6.0,6.0,0,72.0,4.0
EL5,GR,4.0,Valid Party Vote,0.0,3.0,4.0,1,65.0,4.0
EL3,GR,4.0,Refuse to Say,,5.0,6.0,1,25.0,4.0
EL6,GR,3.0,Valid Party Vote,0.0,6.0,4.0,1,67.0,4.0
EL6,GR,5.0,Valid Party Vote,0.0,5.0,1.0,1,88.0,4.0
EL3,GR,5.0,Valid Party Vote,1.0,2.0,4.0,0,70.0,4.0
EL3,GR,6.0,Valid Party Vote,0.0,2.0,4.0,0,18.0,4.0
EL6,GR,4.333333333333333,Refuse to Say,,5.0,4.0,1,58.0,4.0
EL3,GR,1.6666666666666667,Valid Party Vote,0.0,5.0,2.0,0,65.0,4.0
EL5,GR,4.333333333333333,Valid Party Vote,0.0,5.0,4.0,0,52.0,4.0
EL6,GR,1.0,Valid Party Vote,0.0,2.0,2.0,1,67.0,4.0
EL5,GR,3.6666666666666665,Valid Party Vote,0.0,3.0,4.0,0,69.0,4.0
EL5,GR,2.0,Valid Party Vote,0.0,4.0,4.0,0,48.0,4.0
EL3,GR,3.3333333333333335,Valid Party Vote,0.0,6.0,4.0,0,54.0,4.0
EL6,GR,1.0,Refuse to Say,,,4.0,0,54.0,4.0
EL3,GR,4.666666666666667,Valid Party Vote,0.0,7.0,4.0,1,71.0,4.0
EL3,GR,0.0,Refuse to Say,,4.0,4.0,0,71.0,4.0
EL3,GR,7.0,Valid Party Vote,0.0,5.0,2.0,0,68.0,4.0
EL5,GR,4.333333333333333,Ineligible / Not Applicable,,2.0,4.0,1,22.0,4.0
EL3,GR,4.333333333333333,Refuse to Say,,4.0,4.0,1,70.0,4.0
EL4,GR,4.0,Valid Party Vote,0.0,3.0,4.0,1,60.0,4.0
EL3,GR,4.666666666666667,Ineligible / Not Applicable,,1.0,6.0,1,33.0,4.0
EL6,GR,3.0,Valid Party Vote,0.0,4.0,4.0,1,38.0,4.0
EL5,GR,5.0,Valid Party Vote,0.0,5.0,4.0,1,38.0,4.0
EL5,GR,4.0,Ineligible / Not Applicable,,2.0,4.0,0,20.0,4.0
EL6,GR,3.6666666666666665,Valid Party Vote,0.0,4.0,1.0,1,85.0,4.0
EL4,GR,3.0,Valid Party Vote,0.0,1.0,4.0,0,48.0,4.0
EL6,GR,3.6666666666666665,Valid Party Vote,0.0,3.0,4.0,1,70.0,4.0
EL5,GR,1.6666666666666667,Valid Party Vote,0.0,5.0,6.0,0,45.0,4.0
EL5,GR,4.333333333333333,Valid Party Vote,0.0,3.0,4.0,1,42.0,4.0
EL5,GR,4.0,Refuse to Say,,,2.0,0,71.0,4.0
EL6,GR,3.3333333333333335,Blank Ballot,0.0,3.0,4.0,1,58.0,4.0
EL3,GR,3.3333333333333335,Valid Party Vote,1.0,1.0,1.0,1,71.0,4.0
EL3,GR,5.666666666666667,Valid Party Vote,0.0,5.0,6.0,1,36.0,4.0
EL3,GR,4.666666666666667,Valid Party Vote,0.0,3.0,4.0,1,77.0,4.0
EL5,GR,2.6666666666666665,Valid Party Vote,0.0,4.0,4.0,1,22.0,4.0
EL3,GR,4.0,Valid Party Vote,0.0,0.0,1.0,0,59.0,4.0
EL5,GR,5.333333333333333,Valid Party Vote,0.0,1.0,6.0,1,47.0,4.0
EL6,GR,4.333333333333333,Valid Party Vote,0.0,2.0,4.0,1,52.0,4.0
EL6,GR,5.333333333333333,Ineligible / Not Applicable,,4.0,2.0,1,16.0,4.0
EL6,GR,3.0,Valid Party Vote,0.0,4.0,4.0,0,31.0,4.0
EL4,GR,4.0,Valid Party Vote,0.0,2.0,1.0,0,74.0,4.0
EL6,GR,6.333333333333333,Valid Party Vote,0.0,4.0,6.0,1,29.0,4.0
EL3,GR,6.0,Valid Party Vote,0.0,6.0,4.0,1,24.0,4.0
EL3,GR,3.6666666666666665,Ineligible / Not Applicable,,1.0,7.0,0,64.0,4.0
EL6,GR,3.0,Valid Party Vote,0.0,3.0,6.0,0,49.0,4.0
EL3,GR,8.333333333333334,Valid Party Vote,0.0,1.0,6.0,0,52.0,4.0
EL4,GR,4.666666666666667,Valid Party Vote,0.0,3.0,4.0,0,43.0,4.0
EL6,GR,1.3333333333333333,Valid Party Vote,0.0,4.0,4.0,0,44.0,4.0
EL5,GR,3.0,Valid Party Vote,0.0,3.0,6.0,0,63.0,4.0
EL6,GR,7.0,Ineligible / Not Applicable,,3.0,6.0,0,39.0,4.0
EL6,GR,9.0,Valid Party Vote,0.0,3.0,6.0,0,44.0,4.0
EL4,GR,1.3333333333333333,Ineligible / Not Applicable,,6.0,2.0,0,56.0,4.0
EL4,GR,6.666666666666667,Valid Party Vote,0.0,6.0,4.0,1,23.0,4.0
EL4,GR,4.333333333333333,Valid Party Vote,0.0,5.0,4.0,1,28.0,4.0
EL3,GR,2.6666666666666665,Valid Party Vote,0.0,5.0,6.0,1,35.0,4.0
EL3,GR,2.6666666666666665,Ineligible / Not Applicable,,4.0,7.0,1,37.0,4.0
EL6,GR,6.333333333333333,Valid Party Vote,0.0,6.0,5.0,1,51.0,4.0
EL3,GR,0.0,Ineligible / Not Applicable,,7.0,7.0,1,35.0,4.0
EL3,GR,1.0,Valid Party Vote,0.0,5.0,4.0,0,24.0,4.0
EL4,GR,3.3333333333333335,Valid Party Vote,0.0,7.0,6.0,1,49.0,4.0
EL5,GR,3.3333333333333335,Valid Party Vote,0.0,5.0,4.0,1,64.0,4.0
EL4,GR,3.3333333333333335,Valid Party Vote,0.0,6.0,4.0,1,46.0,4.0
EL6,GR,4.666666666666667,Valid Party Vote,0.0,2.0,1.0,1,78.0,4.0
EL3,GR,2.0,Valid Party Vote,0.0,4.0,2.0,0,67.0,4.0
EL5,GR,4.333333333333333,Valid Party Vote,0.0,8.0,4.0,1,52.0,4.0
EL5,GR,5.333333333333333,Valid Party Vote,0.0,8.0,4.0,0,29.0,4.0
EL5,GR,4.333333333333333,Ineligible / Not Applicable,,8.0,6.0,0,32.0,4.0
EL6,GR,1.3333333333333333,Refuse to Say,,1.0,2.0,1,61.0,4.0
EL3,GR,5.666666666666667,Valid Party Vote,0.0,5.0,5.0,0,53.0,4.0
EL5,GR,2.6666666666666665,Refuse to Say,,3.0,4.0,0,65.0,4.0
EL5,GR,4.333333333333333,Valid Party Vote,0.0,5.0,4.0,0,58.0,4.0
EL5,GR,3.0,Valid Party Vote,0.0,3.0,6.0,0,25.0,4.0
EL5,GR,4.666666666666667,Refuse to Say,,9.0,2.0,1,53.0,4.0
EL6,GR,5.333333333333333,Valid Party Vote,0.0,3.0,6.0,1,26.0,4.0
EL5,GR,2.3333333333333335,Valid Party Vote,0.0,3.0,4.0,0,48.0,4.0
EL3,GR,6.0,Valid Party Vote,0.0,4.0,4.0,0,78.0,4.0
EL6,GR,5.0,Refuse to Say,,5.0,,1,57.0,4.0
EL3,GR,4.666666666666667,Valid Party Vote,0.0,5.0,4.0,1,55.0,4.0
EL3,GR,0.6666666666666666,Ineligible / Not Applicable,,6.0,4.0,0,74.0,4.0
EL6,GR,5.333333333333333,Valid Party Vote,0.0,4.0,1.0,0,76.0,4.0
EL3,GR,2.3333333333333335,Ineligible / Not Applicable,,5.0,4.0,0,47.0,4.0
EL6,GR,0.6666666666666666,Refuse to Say,,3.0,4.0,0,24.0,4.0
EL5,GR,2.6666666666666665,Valid Party Vote,0.0,5.0,2.0,0,35.0,4.0
EL5,GR,6.0,Refuse to Say,,8.0,1.0,0,64.0,4.0
EL6,GR,1.3333333333333333,Ineligible / Not Applicable,,5.0,2.0,1,17.0,4.0
EL6,GR,4.0,Valid Party Vote,0.0,2.0,2.0,0,74.0,4.0
EL5,GR,1.6666666666666667,Ineligible / Not Applicable,,10.0,4.0,1,52.0,4.0
EL3,GR,2.0,Valid Party Vote,0.0,3.0,1.0,1,81.0,4.0
EL6,GR,3.6666666666666665,Ineligible / Not Applicable,,4.0,3.0,0,57.0,4.0
EL3,GR,1.0,Refuse to Say,,4.0,4.0,1,62.0,4.0
EL6,GR,3.0,Valid Party Vote,0.0,3.0,7.0,1,32.0,4.0
EL6,GR,4.666666666666667,Valid Party Vote,0.0,0.0,1.0,0,64.0,4.0
EL6,GR,3.0,Valid Party Vote,0.0,2.0,4.0,0,50.0,4.0
EL5,GR,3.0,Valid Party Vote,0.0,2.0,4.0,0,20.0,4.0
EL6,GR,3.6666666666666665,Valid Party Vote,0.0,4.0,5.0,0,44.0,4.0
EL5,GR,1.6666666666666667,Valid Party Vote,0.0,6.0,4.0,1,32.0,4.0
EL4,GR,5.0,Valid Party Vote,0.0,3.0,2.0,0,64.0,4.0
EL4,GR,7.0,Valid Party Vote,0.0,8.0,4.0,0,64.0,4.0
EL3,GR,7.333333333333333,Valid Party Vote,0.0,6.0,4.0,1,60.0,4.0
EL3,GR,3.0,Ineligible / Not Applicable,,8.0,6.0,1,34.0,4.0
EL3,GR,2.6666666666666665,Valid Party Vote,0.0,3.0,4.0,1,49.0,4.0
EL6,GR,6.0,Ineligible / Not Applicable,,0.0,1.0,1,76.0,4.0
EL5,GR,5.0,Valid Party Vote,1.0,2.0,5.0,1,42.0,4.0
EL6,GR,4.0,Valid Party Vote,0.0,6.0,6.0,1,27.0,4.0
EL5,GR,4.333333333333333,Valid Party Vote,0.0,7.0,4.0,0,58.0,4.0
EL3,GR,2.6666666666666665,Valid Party Vote,0.0,8.0,4.0,1,35.0,4.0
EL3,GR,1.0,Valid Party Vote,0.0,5.0,5.0,0,66.0,4.0
EL3,GR,0.0,Ineligible / Not Applicable,,6.0,6.0,1,33.0,4.0
EL3,GR,4.0,Valid Party Vote,0.0,3.0,4.0,1,69.0,4.0
EL3,GR,4.666666666666667,Valid Party Vote,0.0,3.0,6.0,1,64.0,4.0
EL5,GR,4.333333333333333,Valid Party Vote,0.0,4.0,4.0,1,47.0,4.0
EL6,GR,4.333333333333333,Ineligible / Not Applicable,,3.0,6.0,1,54.0,4.0
EL4,GR,5.666666666666667,Refuse to Say,,6.0,6.0,0,36.0,4.0
EL4,GR,6.0,Valid Party Vote,0.0,5.0,6.0,1,25.0,4.0
EL5,GR,4.0,Valid Party Vote,0.0,7.0,4.0,1,41.0,4.0
EL3,GR,0.0,Ineligible / Not Applicable,,7.0,6.0,1,57.0,4.0
EL6,GR,2.0,Valid Party Vote,0.0,1.0,1.0,1,66.0,4.0
EL3,GR,4.0,Ineligible / Not Applicable,,4.0,4.0,1,62.0,4.0
EL6,GR,8.0,Valid Party Vote,0.0,5.0,1.0,1,75.0,4.0
EL3,GR,5.333333333333333,Valid Party Vote,0.0,3.0,6.0,0,74.0,4.0
EL3,GR,5.333333333333333,Valid Party Vote,0.0,5.0,4.0,1,79.0,4.0
EL5,GR,5.0,Valid Party Vote,0.0,8.0,6.0,0,38.0,4.0
EL4,GR,4.0,Valid Party Vote,0.0,4.0,4.0,1,44.0,4.0
EL6,GR,2.0,Refuse to Say,,3.0,4.0,1,52.0,4.0
EL6,GR,4.333333333333333,Valid Party Vote,0.0,5.0,4.0,1,60.0,4.0
EL6,GR,2.6666666666666665,Refuse to Say,,,3.0,1,53.0,4.0
EL4,GR,3.0,Ineligible / Not Applicable,,8.0,1.0,0,44.0,4.0
EL6,GR,0.3333333333333333,Valid Party Vote,0.0,5.0,6.0,1,69.0,4.0
EL6,GR,2.0,Valid Party Vote,0.0,1.0,2.0,0,54.0,4.0
EL6,GR,5.666666666666667,Valid Party Vote,0.0,5.0,1.0,0,65.0,4.0
EL5,GR,2.6666666666666665,Refuse to Say,,3.0,6.0,1,25.0,4.0
EL4,GR,3.6666666666666665,Valid Party Vote,0.0,5.0,4.0,0,38.0,4.0
EL5,GR,3.0,Ineligible / Not Applicable,,3.0,1.0,1,82.0,4.0
EL5,GR,3.3333333333333335,Refuse to Say,,3.0,6.0,0,43.0,4.0
EL6,GR,0.3333333333333333,Refuse to Say,,2.0,4.0,1,57.0,4.0
EL6,GR,6.666666666666667,Valid Party Vote,0.0,5.0,1.0,0,85.0,4.0
EL6,GR,2.0,Refuse to Say,,2.0,4.0,1,56.0,4.0
EL6,GR,8.0,Valid Party Vote,0.0,2.0,1.0,0,73.0,4.0
EL3,GR,3.3333333333333335,Valid Party Vote,0.0,7.0,4.0,1,22.0,4.0
EL6,GR,2.6666666666666665,Valid Party Vote,0.0,2.0,2.0,0,69.0,4.0
EL5,GR,2.6666666666666665,Refuse to Say,,3.0,6.0,0,49.0,4.0
EL4,GR,6.0,Valid Party Vote,0.0,5.0,6.0,1,59.0,4.0
EL5,GR,3.0,Ineligible / Not Applicable,,3.0,3.0,0,69.0,4.0
EL3,GR,3.3333333333333335,Refuse to Say,,5.0,5.0,0,42.0,4.0
EL5,GR,3.0,Refuse to Say,,3.0,4.0,0,66.0,4.0
EL5,GR,6.0,Valid Party Vote,0.0,9.0,4.0,1,52.0,4.0
EL6,GR,4.0,Valid Party Vote,0.0,3.0,1.0,1,72.0,4.0
EL6,GR,7.666666666666667,Valid Party Vote,0.0,5.0,7.0,0,57.0,4.0
EL6,GR,4.333333333333333,Valid Party Vote,0.0,5.0,1.0,0,79.0,4.0
EL5,GR,5.0,Valid Party Vote,1.0,5.0,4.0,1,30.0,4.0
EL5,GR,4.0,Valid Party Vote,0.0,2.0,4.0,1,74.0,4.0
EL3,GR,0.0,Ineligible / Not Applicable,,7.0,4.0,0,56.0,4.0
EL4,GR,4.0,Valid Party Vote,0.0,3.0,2.0,1,54.0,4.0
EL5,GR,2.0,Valid Party Vote,0.0,3.0,4.0,1,50.0,4.0
EL5,GR,2.6666666666666665,Ineligible / Not Applicable,,3.0,1.0,1,82.0,4.0
EL3,GR,3.6666666666666665,Ineligible / Not Applicable,,9.0,6.0,1,63.0,4.0
EL6,GR,3.3333333333333335,Valid Party Vote,0.0,2.0,4.0,1,56.0,4.0
EL3,GR,4.666666666666667,Valid Party Vote,0.0,4.0,6.0,0,38.0,4.0
EL5,GR,2.6666666666666665,Ineligible / Not Applicable,,,4.0,0,52.0,4.0
EL5,GR,4.333333333333333,Ineligible / Not Applicable,,8.0,2.0,0,54.0,4.0
EL6,GR,3.6666666666666665,Valid Party Vote,0.0,5.0,6.0,1,49.0,4.0
EL6,GR,4.333333333333333,Valid Party Vote,0.0,5.0,5.0,1,45.0,4.0
EL5,GR,3.3333333333333335,Ineligible / Not Applicable,,10.0,5.0,0,37.0,4.0
EL3,GR,5.0,Valid Party Vote,0.0,5.0,6.0,0,60.0,4.0
EL3,GR,6.666666666666667,Valid Party Vote,0.0,8.0,4.0,0,45.0,4.0
EL5,GR,4.333333333333333,Valid Party Vote,0.0,10.0,4.0,1,57.0,4.0
EL5,GR,4.666666666666667,Valid Party Vote,1.0,,2.0,1,69.0,4.0
EL3,GR,6.0,Valid Party Vote,0.0,8.0,4.0,0,45.0,4.0
EL3,GR,6.666666666666667,Valid Party Vote,0.0,6.0,4.0,0,20.0,4.0
EL4,GR,2.0,Ineligible / Not Applicable,,7.0,1.0,1,84.0,4.0
EL4,GR,1.6666666666666667,Valid Party Vote,0.0,0.0,4.0,0,39.0,4.0
EL4,GR,5.333333333333333,Valid Party Vote,0.0,5.0,4.0,1,30.0,4.0
EL3,GR,6.0,Valid Party Vote,0.0,5.0,1.0,0,68.0,4.0
EL5,GR,3.3333333333333335,Ineligible / Not Applicable,,9.0,4.0,0,56.0,4.0
EL5,GR,5.0,Valid Party Vote,0.0,9.0,1.0,1,87.0,4.0
EL6,GR,5.0,Valid Party Vote,0.0,3.0,4.0,0,59.0,4.0
EL6,GR,3.6666666666666665,Valid Party Vote,0.0,1.0,4.0,1,60.0,4.0
EL6,GR,2.6666666666666665,Refuse to Say,,6.0,4.0,1,39.0,4.0
EL5,GR,1.3333333333333333,Ineligible / Not Applicable,,6.0,2.0,0,16.0,4.0
EL6,GR,1.0,Ineligible / Not Applicable,,1.0,2.0,1,66.0,4.0
EL6,GR,2.6666666666666665,Refuse to Say,,4.0,4.0,1,42.0,4.0
EL6,GR,3.6666666666666665,Valid Party Vote,0.0,0.0,4.0,1,54.0,4.0
EL5,GR,5.0,Ineligible / Not Applicable,,1.0,1.0,1,78.0,4.0
EL3,GR,6.333333333333333,Valid Party Vote,0.0,3.0,6.0,1,75.0,4.0
EL6,GR,5.666666666666667,Valid Party Vote,0.0,2.0,1.0,1,67.0,4.0
EL6,GR,3.0,Refuse to Say,,0.0,1.0,1,74.0,4.0
EL6,GR,3.6666666666666665,Valid Party Vote,0.0,3.0,6.0,0,27.0,4.0
EL6,GR,4.666666666666667,Ineligible / Not Applicable,,1.0,1.0,1,81.0,4.0
EL4,GR,3.0,Valid Party Vote,0.0,1.0,4.0,1,22.0,4.0
EL6,GR,6.333333333333333,Valid Party Vote,0.0,5.0,4.0,0,42.0,4.0
EL6,GR,4.333333333333333,Valid Party Vote,0.0,5.0,4.0,1,48.0,4.0
EL6,GR,4.333333333333333,Valid Party Vote,0.0,3.0,6.0,1,40.0,4.0
EL3,GR,5.333333333333333,Valid Party Vote,0.0,5.0,4.0,0,28.0,4.0
EL5,GR,3.3333333333333335,Refuse to Say,,2.0,4.0,1,58.0,4.0
EL6,GR,0.6666666666666666,Refuse to Say,,2.0,4.0,1,36.0,4.0
EL3,GR,2.0,Ineligible / Not Applicable,,2.0,4.0,0,20.0,4.0
EL6,GR,5.0,Refuse to Say,,3.0,1.0,1,70.0,4.0
EL5,GR,2.0,Valid Party Vote,0.0,3.0,4.0,0,44.0,4.0
EL5,GR,0.6666666666666666,Don't Know,,3.0,4.0,1,57.0,4.0
EL5,GR,3.6666666666666665,Ineligible / Not Applicable,,4.0,7.0,0,32.0,4.0
EL6,GR,1.3333333333333333,Valid Party Vote,0.0,1.0,6.0,0,60.0,4.0
EL4,GR,1.6666666666666667,Valid Party Vote,0.0,7.0,4.0,1,26.0,4.0
EL3,GR,6.333333333333333,Valid Party Vote,0.0,7.0,4.0,0,32.0,4.0
EL4,GR,4.0,Valid Party Vote,0.0,2.0,4.0,0,54.0,4.0
EL3,GR,2.0,Valid Party Vote,0.0,4.0,4.0,0,60.0,4.0
EL3,GR,7.666666666666667,Valid Party Vote,0.0,7.0,4.0,1,30.0,4.0
EL5,GR,4.0,Valid Party Vote,0.0,3.0,6.0,0,31.0,4.0
EL6,GR,2.6666666666666665,Ineligible / Not Applicable,,2.0,4.0,1,39.0,4.0
EL3,GR,6.666666666666667,Valid Party Vote,0.0,7.0,2.0,1,70.0,4.0
EL3,GR,5.666666666666667,Valid Party Vote,0.0,7.0,4.0,0,42.0,4.0
EL3,GR,2.6666666666666665,Valid Party Vote,0.0,3.0,2.0,1,74.0,4.0
EL6,GR,2.6666666666666665,Valid Party Vote,0.0,5.0,4.0,0,60.0,4.0
EL3,GR,3.0,Valid Party Vote,0.0,2.0,6.0,1,66.0,4.0
EL3,GR,3.0,Valid Party Vote,0.0,5.0,5.0,1,44.0,4.0
EL3,GR,6.0,Valid Party Vote,0.0,2.0,7.0,0,37.0,4.0
EL5,GR,4.333333333333333,Valid Party Vote,1.0,8.0,4.0,1,50.0,4.0
EL3,GR,8.333333333333334,Valid Party Vote,0.0,9.0,4.0,1,60.0,4.0
EL6,GR,3.0,Refuse to Say,,4.0,4.0,0,51.0,4.0
EL6,GR,4.666666666666667,Valid Party Vote,0.0,,7.0,0,47.0,4.0
EL5,GR,2.3333333333333335,Ineligible / Not Applicable,,7.0,2.0,1,77.0,4.0
EL5,GR,4.0,Ineligible / Not Applicable,,8.0,4.0,0,24.0,4.0
EL3,GR,5.333333333333333,Valid Party Vote,0.0,7.0,6.0,1,34.0,4.0
EL6,GR,3.6666666666666665,Valid Party Vote,0.0,2.0,1.0,0,74.0,4.0
EL5,GR,2.0,Valid Party Vote,0.0,3.0,1.0,1,67.0,4.0
EL5,GR,4.333333333333333,Valid Party Vote,0.0,7.0,4.0,0,50.0,4.0
EL5,GR,4.0,Valid Party Vote,0.0,2.0,4.0,0,70.0,4.0
EL3,GR,6.333333333333333,Ineligible / Not Applicable,,3.0,4.0,1,44.0,4.0
EL3,GR,2.6666666666666665,Ineligible / Not Applicable,,3.0,5.0,1,58.0,4.0
EL3,GR,1.3333333333333333,Valid Party Vote,0.0,6.0,2.0,0,80.0,4.0
EL5,GR,5.666666666666667,Valid Party Vote,0.0,6.0,6.0,0,67.0,4.0
EL3,GR,5.666666666666667,Valid Party Vote,0.0,3.0,4.0,1,24.0,4.0
EL6,GR,1.6666666666666667,Valid Party Vote,0.0,3.0,6.0,1,36.0,4.0
EL5,GR,2.6666666666666665,Valid Party Vote,0.0,5.0,5.0,1,49.0,4.0
EL5,GR,4.666666666666667,Valid Party Vote,1.0,9.0,4.0,1,28.0,4.0
EL6,GR,4.333333333333333,Refuse to Say,,2.0,6.0,1,57.0,4.0
EL5,GR,1.6666666666666667,Ineligible / Not Applicable,,4.0,2.0,1,77.0,4.0
EL3,GR,7.0,Valid Party Vote,0.0,2.0,2.0,0,66.0,4.0
EL3,GR,4.0,Refuse to Say,,1.0,7.0,0,59.0,4.0
EL6,GR,2.3333333333333335,Valid Party Vote,0.0,0.0,1.0,0,82.0,4.0
EL3,GR,2.6666666666666665,Valid Party Vote,0.0,8.0,4.0,1,22.0,4.0
EL3,GR,6.333333333333333,Ineligible / Not Applicable,,4.0,2.0,0,18.0,4.0
EL3,GR,3.0,Valid Party Vote,1.0,0.0,4.0,0,50.0,4.0
EL6,GR,1.3333333333333333,Ineligible / Not Applicable,,2.0,1.0,0,85.0,4.0
EL6,GR,1.6666666666666667,Refuse to Say,,3.0,4.0,1,44.0,4.0
EL3,GR,2.6666666666666665,Valid Party Vote,0.0,5.0,6.0,0,51.0,4.0
EL6,GR,3.6666666666666665,Refuse to Say,,1.0,4.0,1,57.0,4.0
EL3,GR,0.6666666666666666,Valid Party Vote,0.0,6.0,1.0,0,61.0,4.0
EL3,GR,1.3333333333333333,Valid Party Vote,1.0,2.0,4.0,0,82.0,4.0
EL4,GR,2.6666666666666665,Valid Party Vote,0.0,5.0,4.0,1,54.0,4.0
EL5,GR,4.0,Valid Party Vote,0.0,5.0,6.0,0,28.0,4.0
EL6,GR,6.333333333333333,Valid Party Vote,0.0,4.0,4.0,1,54.0,4.0
EL5,GR,4.666666666666667,Valid Party Vote,1.0,6.0,5.0,0,49.0,4.0
EL5,GR,3.6666666666666665,Valid Party Vote,0.0,9.0,4.0,1,41.0,4.0
EL6,GR,5.666666666666667,Valid Party Vote,0.0,5.0,6.0,1,26.0,4.0
EL5,GR,2.6666666666666665,Valid Party Vote,0.0,3.0,4.0,0,42.0,4.0
EL5,GR,5.0,Valid Party Vote,0.0,5.0,6.0,0,30.0,4.0
EL4,GR,5.0,Valid Party Vote,0.0,5.0,6.0,0,31.0,4.0
EL6,GR,5.333333333333333,Valid Party Vote,0.0,6.0,4.0,1,34.0,4.0
EL4,GR,4.666666666666667,Valid Party Vote,0.0,5.0,4.0,1,44.0,4.0
EL5,GR,7.0,Valid Party Vote,0.0,3.0,1.0,1,75.0,4.0
EL3,GR,7.666666666666667,Ineligible / Not Applicable,,5.0,6.0,0,53.0,4.0
EL3,GR,1.0,Ineligible / Not Applicable,,5.0,6.0,1,32.0,4.0
EL5,GR,4.0,Valid Party Vote,0.0,5.0,6.0,1,52.0,4.0
EL4,GR,4.0,Valid Party Vote,0.0,5.0,4.0,0,19.0,4.0
EL6,GR,6.0,Valid Party Vote,0.0,3.0,2.0,0,86.0,4.0
EL3,GR,2.6666666666666665,Ineligible / Not Applicable,,3.0,4.0,0,20.0,4.0
EL3,GR,3.6666666666666665,Valid Party Vote,0.0,5.0,6.0,0,39.0,4.0
EL5,GR,6.0,Valid Party Vote,0.0,4.0,2.0,0,74.0,4.0
EL3,GR,3.0,Valid Party Vote,0.0,5.0,2.0,1,74.0,4.0
EL5,GR,5.666666666666667,Ineligible / Not Applicable,,9.0,4.0,0,35.0,4.0
EL5,GR,4.666666666666667,Valid Party Vote,0.0,5.0,7.0,1,41.0,4.0
EL5,GR,4.666666666666667,Valid Party Vote,0.0,5.0,4.0,1,38.0,4.0
EL5,GR,3.0,Valid Party Vote,0.0,2.0,1.0,1,71.0,4.0
EL4,GR,5.333333333333333,Valid Party Vote,0.0,2.0,6.0,1,33.0,4.0
EL3,GR,2.0,Valid Party Vote,0.0,3.0,6.0,1,58.0,4.0
EL6,GR,1.0,Valid Party Vote,0.0,3.0,2.0,0,56.0,4.0
EL3,GR,4.666666666666667,Valid Party Vote,0.0,5.0,6.0,0,39.0,4.0
EL6,GR,5.333333333333333,Ineligible / Not Applicable,,2.0,1.0,1,79.0,4.0
EL3,GR,8.333333333333334,Valid Party Vote,0.0,3.0,1.0,1,82.0,4.0
EL6,GR,1.0,Refuse to Say,,8.0,4.0,1,25.0,4.0
EL6,GR,2.3333333333333335,Refuse to Say,,2.0,4.0,0,65.0,4.0
EL5,GR,4.0,Ineligible / Not Applicable,,5.0,5.0,1,52.0,4.0
EL4,GR,4.0,Valid Party Vote,0.0,3.0,4.0,0,60.0,4.0
EL6,GR,9.0,Valid Party Vote,0.0,4.0,6.0,1,31.0,4.0
EL6,GR,4.666666666666667,Valid Party Vote,0.0,3.0,6.0,0,25.0,4.0
EL5,GR,1.6666666666666667,Valid Party Vote,0.0,1.0,4.0,1,46.0,4.0
EL3,GR,6.333333333333333,Valid Party Vote,0.0,5.0,2.0,0,74.0,4.0
EL3,GR,0.0,Ineligible / Not Applicable,,8.0,4.0,0,23.0,4.0
EL3,GR,0.0,Refuse to Say,,7.0,4.0,1,65.0,4.0
EL4,GR,3.6666666666666665,Ineligible / Not Applicable,,6.0,1.0,1,77.0,4.0
EL3,GR,2.6666666666666665,Valid Party Vote,0.0,4.0,4.0,0,67.0,4.0
EL3,GR,6.666666666666667,Valid Party Vote,0.0,6.0,4.0,1,60.0,4.0
EL5,GR,5.666666666666667,Valid Party Vote,0.0,3.0,1.0,1,81.0,4.0
EL3,GR,0.0,Valid Party Vote,0.0,4.0,4.0,0,25.0,4.0
EL3,GR,0.0,Valid Party Vote,0.0,6.0,1.0,1,75.0,4.0
EL6,GR,4.0,Valid Party Vote,1.0,1.0,4.0,1,67.0,4.0
EL5,GR,2.3333333333333335,Ineligible / Not Applicable,,4.0,4.0,1,19.0,4.0
EL6,GR,4.0,Valid Party Vote,0.0,3.0,7.0,0,50.0,4.0
EL6,GR,4.333333333333333,Refuse to Say,,5.0,4.0,1,50.0,4.0
EL4,GR,6.0,Valid Party Vote,0.0,3.0,2.0,0,73.0,4.0
EL5,GR,3.6666666666666665,Valid Party Vote,0.0,2.0,5.0,0,32.0,4.0
EL6,GR,4.333333333333333,Valid Party Vote,0.0,2.0,4.0,1,45.0,4.0
EL4,GR,0.3333333333333333,Valid Party Vote,0.0,2.0,1.0,0,75.0,4.0
EL3,GR,7.666666666666667,Valid Party Vote,0.0,2.0,1.0,1,73.0,4.0
EL6,GR,4.666666666666667,Refuse to Say,,5.0,4.0,1,58.0,4.0
EL5,GR,3.3333333333333335,Valid Party Vote,1.0,1.0,4.0,0,59.0,4.0
EL3,GR,4.666666666666667,Valid Party Vote,0.0,5.0,4.0,1,58.0,4.0
EL3,GR,6.666666666666667,Valid Party Vote,0.0,5.0,4.0,1,70.0,4.0
EL6,GR,2.3333333333333335,Valid Party Vote,1.0,4.0,6.0,0,31.0,4.0
EL3,GR,1.6666666666666667,Refuse to Say,,2.0,4.0,1,19.0,4.0
EL5,GR,2.6666666666666665,Valid Party Vote,0.0,4.0,2.0,0,57.0,4.0
EL6,GR,1.6666666666666667,Valid Party Vote,0.0,5.0,3.0,1,56.0,4.0
EL6,GR,4.0,Ineligible / Not Applicable,,5.0,2.0,0,53.0,4.0
EL4,GR,5.0,Valid Party Vote,0.0,5.0,5.0,0,49.0,4.0
EL6,GR,1.6666666666666667,Refuse to Say,,3.0,4.0,1,50.0,4.0
EL6,GR,6.666666666666667,Valid Party Vote,0.0,7.0,6.0,1,29.0,4.0
EL6,GR,4.666666666666667,Valid Party Vote,0.0,2.0,1.0,1,76.0,4.0
EL6,GR,5.0,Valid Party Vote,0.0,3.0,7.0,0,28.0,4.0
EL3,GR,5.333333333333333,Refuse to Say,,1.0,1.0,1,79.0,4.0
EL5,GR,4.666666666666667,Refuse to Say,,7.0,2.0,1,55.0,4.0
EL6,GR,3.3333333333333335,Valid Party Vote,1.0,3.0,6.0,0,58.0,4.0
EL6,GR,4.0,Valid Party Vote,0.0,5.0,4.0,1,42.0,4.0
EL3,GR,1.6666666666666667,Refuse to Say,,1.0,6.0,0,42.0,4.0
EL5,GR,8.666666666666666,Valid Party Vote,0.0,6.0,1.0,0,77.0,4.0
EL6,GR,1.6666666666666667,Refuse to Say,,7.0,6.0,0,50.0,4.0
EL3,GR,1.6666666666666667,Valid Party Vote,0.0,2.0,4.0,0,54.0,4.0
EL5,GR,2.6666666666666665,Valid Party Vote,1.0,3.0,6.0,1,55.0,4.0
EL3,GR,5.0,Valid Party Vote,0.0,5.0,6.0,1,27.0,4.0
EL4,GR,3.0,Ineligible / Not Applicable,,3.0,1.0,1,74.0,4.0
EL3,GR,3.0,Valid Party Vote,0.0,0.0,5.0,1,64.0,4.0
EL6,GR,2.6666666666666665,Valid Party Vote,0.0,1.0,6.0,1,76.0,4.0
EL6,GR,5.333333333333333,Ineligible / Not Applicable,,4.0,1.0,1,74.0,4.0
EL4,GR,0.0,Refuse to Say,,6.0,4.0,0,38.0,4.0
EL5,GR,5.0,Valid Party Vote,0.0,5.0,5.0,0,42.0,4.0
EL6,GR,1.3333333333333333,Refuse to Say,,3.0,6.0,1,42.0,4.0
EL4,GR,0.6666666666666666,Valid Party Vote,0.0,5.0,4.0,0,47.0,4.0
EL5,GR,4.0,Valid Party Vote,0.0,5.0,4.0,0,49.0,4.0
EL6,GR,3.0,Valid Party Vote,0.0,1.0,6.0,1,23.0,4.0
EL6,GR,3.6666666666666665,Valid Party Vote,0.0,5.0,7.0,0,47.0,4.0
EL5,GR,2.3333333333333335,Valid Party Vote,0.0,5.0,4.0,1,49.0,4.0
EL6,GR,2.0,Valid Party Vote,0.0,2.0,4.0,1,58.0,4.0
EL5,GR,2.6666666666666665,Ineligible / Not Applicable,,2.0,4.0,0,19.0,4.0
EL5,GR,2.6666666666666665,Valid Party Vote,0.0,3.0,1.0,1,75.0,4.0
EL3,GR,2.3333333333333335,Ineligible / Not Applicable,,5.0,4.0,1,46.0,4.0
EL3,GR,0.0,Refuse to Say,,8.0,4.0,1,49.0,4.0
EL5,GR,4.666666666666667,Valid Party Vote,0.0,5.0,1.0,1,66.0,4.0
EL6,GR,2.0,Don't Know,,1.0,4.0,1,41.0,4.0
EL3,GR,2.3333333333333335,Valid Party Vote,0.0,4.0,4.0,1,66.0,4.0
EL4,GR,4.333333333333333,Refuse to Say,,7.0,6.0,1,26.0,4.0
EL6,GR,3.3333333333333335,Refuse to Say,,5.0,4.0,1,57.0,4.0
EL5,GR,3.3333333333333335,Ineligible / Not Applicable,,4.0,4.0,0,40.0,4.0
EL6,GR,1.6666666666666667,Ineligible / Not Applicable,,1.0,1.0,1,84.0,4.0
EL5,GR,2.6666666666666665,Refuse to Say,,3.0,6.0,1,58.0,4.0
EL5,GR,6.333333333333333,Valid Party Vote,0.0,3.0,1.0,1,68.0,4.0
EL3,GR,5.666666666666667,Ineligible / Not Applicable,,5.0,5.0,0,78.0,4.0
EL6,GR,0.6666666666666666,Refuse to Say,,1.0,2.0,0,64.0,4.0
EL5,GR,3.3333333333333335,Refuse to Say,,10.0,4.0,1,34.0,4.0
EL6,GR,2.6666666666666665,Valid Party Vote,0.0,5.0,1.0,0,72.0,4.0
EL4,GR,4.0,Valid Party Vote,0.0,4.0,4.0,1,49.0,4.0
EL6,GR,9.0,Valid Party Vote,0.0,2.0,5.0,1,35.0,4.0
EL3,GR,7.333333333333333,Valid Party Vote,0.0,6.0,4.0,0,60.0,4.0
EL6,GR,2.0,Valid Party Vote,1.0,4.0,4.0,0,27.0,4.0
EL3,GR,3.6666666666666665,Ineligible / Not Applicable,,6.0,2.0,1,60.0,4.0
EL3,GR,3.6666666666666665,Valid Party Vote,0.0,5.0,6.0,0,52.0,4.0
EL4,GR,3.0,Refuse to Say,,3.0,6.0,1,,4.0
EL3,GR,4.333333333333333,Ineligible / Not Applicable,,5.0,4.0,1,26.0,4.0
EL5,GR,3.6666666666666665,Ineligible / Not Applicable,,6.0,4.0,0,21.0,4.0
EL3,GR,3.3333333333333335,Valid Party Vote,1.0,7.0,4.0,0,51.0,4.0
EL5,GR,2.6666666666666665,Valid Party Vote,0.0,2.0,1.0,1,74.0,4.0
EL6,GR,7.0,Valid Party Vote,0.0,4.0,6.0,1,45.0,4.0
EL6,GR,1.6666666666666667,Refuse to Say,,5.0,6.0,0,64.0,4.0
EL3,GR,1.6666666666666667,Valid Party Vote,0.0,8.0,4.0,1,38.0,4.0
EL5,GR,4.333333333333333,Valid Party Vote,0.0,10.0,1.0,0,34.0,4.0
EL3,GR,2.6666666666666665,Valid Party Vote,0.0,3.0,6.0,0,35.0,4.0
EL4,GR,5.333333333333333,Valid Party Vote,0.0,7.0,2.0,1,42.0,4.0
EL5,GR,5.0,Valid Party Vote,0.0,9.0,4.0,0,43.0,4.0
EL5,GR,3.0,Valid Party Vote,0.0,5.0,4.0,0,53.0,4.0
EL3,GR,0.0,Ineligible / Not Applicable,,8.0,4.0,1,23.0,4.0
EL5,GR,4.666666666666667,Valid Party Vote,0.0,6.0,4.0,0,60.0,4.0
EL6,GR,7.666666666666667,Valid Party Vote,0.0,0.0,6.0,1,35.0,4.0
EL6,GR,4.333333333333333,Valid Party Vote,0.0,0.0,4.0,0,60.0,4.0
EL6,GR,5.666666666666667,Ineligible / Not Applicable,,4.0,4.0,1,34.0,4.0
EL5,GR,3.6666666666666665,Valid Party Vote,0.0,5.0,6.0,1,65.0,4.0
EL4,GR,3.0,Valid Party Vote,0.0,0.0,1.0,1,77.0,4.0
EL6,GR,3.6666666666666665,Ineligible / Not Applicable,,3.0,1.0,1,74.0,4.0
EL3,GR,3.3333333333333335,Valid Party Vote,0.0,6.0,4.0,0,46.0,4.0
EL3,GR,3.0,Ineligible / Not Applicable,,7.0,6.0,1,36.0,4.0
EL5,GR,4.666666666666667,Valid Party Vote,0.0,6.0,4.0,1,64.0,4.0
EL3,GR,7.333333333333333,Refuse to Say,,3.0,6.0,1,57.0,4.0
EL3,GR,6.666666666666667,Valid Party Vote,0.0,5.0,4.0,0,39.0,4.0
EL5,GR,3.0,Valid Party Vote,0.0,2.0,4.0,1,69.0,4.0
EL6,GR,0.3333333333333333,Refuse to Say,,1.0,4.0,0,40.0,4.0
EL6,GR,3.3333333333333335,Valid Party Vote,0.0,4.0,4.0,1,56.0,4.0
EL5,GR,3.6666666666666665,Ineligible / Not Applicable,,6.0,4.0,1,59.0,4.0
EL5,GR,1.6666666666666667,Valid Party Vote,0.0,3.0,6.0,1,54.0,4.0
EL3,GR,2.6666666666666665,Valid Party Vote,0.0,5.0,4.0,0,57.0,4.0
EL3,GR,3.0,Valid Party Vote,0.0,2.0,6.0,0,47.0,4.0
EL6,GR,2.6666666666666665,Valid Party Vote,0.0,4.0,4.0,0,77.0,4.0
EL3,GR,1.6666666666666667,Valid Party Vote,0.0,2.0,6.0,1,66.0,4.0
EL6,GR,5.0,Valid Party Vote,0.0,4.0,4.0,1,65.0,4.0
EL6,GR,2.0,Valid Party Vote,0.0,0.0,1.0,1,70.0,4.0
EL6,GR,5.333333333333333,Valid Party Vote,0.0,1.0,1.0,1,83.0,4.0
EL5,GR,7.666666666666667,Valid Party Vote,0.0,5.0,4.0,0,30.0,4.0
EL6,GR,1.6666666666666667,Refuse to Say,,2.0,4.0,1,45.0,4.0
EL6,GR,4.0,Refuse to Say,,4.0,4.0,1,51.0,4.0
EL6,GR,6.0,Refuse to Say,,6.0,2.0,1,67.0,4.0
EL3,GR,0.6666666666666666,Refuse to Say,,5.0,5.0,1,40.0,4.0
EL5,GR,2.0,Valid Party Vote,0.0,4.0,4.0,0,54.0,4.0
EL5,GR,3.6666666666666665,Valid Party Vote,0.0,7.0,6.0,0,39.0,4.0
EL6,GR,1.6666666666666667,Refuse to Say,,4.0,6.0,0,32.0,4.0
EL5,GR,2.3333333333333335,Valid Party Vote,0.0,10.0,4.0,1,44.0,4.0
EL6,GR,6.0,Valid Party Vote,0.0,5.0,5.0,1,50.0,4.0
EL3,GR,5.0,Valid Party Vote,0.0,5.0,5.0,0,46.0,4.0
EL3,GR,4.0,Valid Party Vote,0.0,2.0,2.0,1,61.0,4.0
EL3,GR,1.0,Valid Party Vote,0.0,4.0,4.0,1,55.0,4.0
EL3,GR,0.0,Ineligible / Not Applicable,,6.0,6.0,1,36.0,4.0
EL6,GR,0.6666666666666666,Refuse to Say,,5.0,4.0,0,32.0,4.0
EL3,GR,2.0,Refuse to Say,,3.0,6.0,1,65.0,4.0
EL5,GR,3.3333333333333335,Valid Party Vote,0.0,2.0,4.0,0,50.0,4.0
EL3,GR,1.0,Valid Party Vote,0.0,8.0,4.0,0,58.0,4.0
EL6,GR,2.0,Refuse to Say,,1.0,1.0,0,44.0,4.0
EL3,GR,0.0,Ineligible / Not Applicable,,0.0,4.0,0,31.0,4.0
EL6,GR,2.0,Refuse to Say,,2.0,4.0,1,44.0,4.0
EL6,GR,5.666666666666667,Valid Party Vote,0.0,2.0,2.0,1,69.0,4.0
EL3,GR,4.333333333333333,Valid Party Vote,0.0,1.0,4.0,0,20.0,4.0
EL3,GR,8.0,Valid Party Vote,0.0,2.0,2.0,1,43.0,4.0
EL3,GR,4.0,Valid Party Vote,0.0,3.0,4.0,0,44.0,4.0
EL5,GR,4.0,Valid Party Vote,0.0,6.0,6.0,1,47.0,4.0
EL6,GR,8.0,Valid Party Vote,0.0,6.0,6.0,0,67.0,4.0
EL3,GR,0.0,Refuse to Say,,7.0,4.0,0,45.0,4.0
EL5,GR,2.6666666666666665,Ineligible / Not Applicable,,1.0,4.0,1,45.0,4.0
EL6,GR,5.333333333333333,Valid Party Vote,0.0,5.0,1.0,0,72.0,4.0
EL3,GR,3.3333333333333335,Ineligible / Not Applicable,,3.0,1.0,1,71.0,4.0
EL4,GR,2.6666666666666665,Valid Party Vote,0.0,5.0,7.0,1,55.0,4.0
EL6,GR,2.0,Refuse to Say,,4.0,4.0,0,24.0,4.0
EL5,GR,4.666666666666667,Valid Party Vote,1.0,4.0,4.0,1,42.0,4.0
EL3,GR,6.333333333333333,Valid Party Vote,0.0,4.0,4.0,0,22.0,4.0
EL5,GR,4.0,Valid Party Vote,0.0,7.0,4.0,1,19.0,4.0
EL6,GR,3.0,Valid Party Vote,0.0,1.0,4.0,1,53.0,4.0
EL6,GR,4.0,Ineligible / Not Applicable,,10.0,6.0,1,44.0,4.0
EL3,GR,3.5,Valid Party Vote,0.0,3.0,4.0,0,47.0,4.0
EL6,GR,3.3333333333333335,Valid Party Vote,0.0,5.0,4.0,1,70.0,4.0
EL3,GR,2.0,Valid Party Vote,0.0,8.0,4.0,1,33.0,4.0
EL5,GR,5.0,Ineligible / Not Applicable,,7.0,6.0,1,44.0,4.0
EL5,GR,4.666666666666667,Valid Party Vote,1.0,4.0,4.0,1,58.0,4.0
EL3,GR,5.666666666666667,Ineligible / Not Applicable,,6.0,4.0,1,47.0,4.0
EL6,GR,5.666666666666667,Refuse to Say,,3.0,4.0,1,70.0,4.0
EL3,GR,5.0,Ineligible / Not Applicable,,3.0,4.0,1,54.0,4.0
EL6,GR,5.0,Valid Party Vote,0.0,5.0,6.0,0,34.0,4.0
EL3,GR,0.0,Refuse to Say,,7.0,2.0,0,70.0,4.0
EL5,GR,2.0,Ineligible / Not Applicable,,6.0,4.0,0,18.0,4.0
EL4,GR,1.6666666666666667,Ineligible / Not Applicable,,7.0,4.0,0,28.0,4.0
EL6,GR,2.6666666666666665,Valid Party Vote,0.0,2.0,5.0,0,50.0,4.0
EL3,GR,7.0,Don't Know,,6.0,4.0,0,30.0,4.0
EL4,GR,2.6666666666666665,Ineligible / Not Applicable,,4.0,4.0,1,32.0,4.0
EL4,GR,1.6666666666666667,Valid Party Vote,1.0,2.0,4.0,0,47.0,4.0
EL4,GR,1.6666666666666667,Valid Party Vote,0.0,4.0,6.0,1,49.0,4.0
EL5,GR,4.666666666666667,Valid Party Vote,0.0,5.0,2.0,1,64.0,4.0
EL3,GR,4.666666666666667,Valid Party Vote,0.0,3.0,4.0,0,61.0,4.0
EL6,GR,4.333333333333333,Valid Party Vote,0.0,3.0,4.0,0,59.0,4.0
EL4,GR,1.3333333333333333,Valid Party Vote,0.0,3.0,2.0,1,51.0,4.0
EL3,GR,1.6666666666666667,Valid Party Vote,1.0,3.0,1.0,0,64.0,4.0
EL6,GR,3.0,Ineligible / Not Applicable,,3.0,4.0,1,56.0,4.0
EL5,GR,5.333333333333333,Refuse to Say,,8.0,4.0,1,42.0,4.0
EL5,GR,2.6666666666666665,Valid Party Vote,0.0,5.0,6.0,1,68.0,4.0
EL5,GR,5.333333333333333,Valid Party Vote,0.0,7.0,1.0,1,83.0,4.0
EL6,GR,2.0,Ineligible / Not Applicable,,3.0,1.0,1,82.0,4.0
EL5,GR,4.0,Valid Party Vote,1.0,8.0,4.0,0,34.0,4.0
EL6,GR,5.0,Valid Party Vote,0.0,7.0,4.0,0,66.0,4.0
EL3,GR,3.0,Valid Party Vote,0.0,8.0,4.0,1,20.0,4.0
EL6,GR,4.0,Valid Party Vote,0.0,2.0,6.0,1,77.0,4.0
EL4,GR,0.6666666666666666,Valid Party Vote,0.0,0.0,2.0,0,45.0,4.0
EL5,GR,5.333333333333333,Valid Party Vote,1.0,5.0,4.0,0,59.0,4.0
EL5,GR,4.333333333333333,Valid Party Vote,0.0,3.0,4.0,1,65.0,4.0
EL3,GR,3.6666666666666665,Valid Party Vote,0.0,9.0,4.0,1,41.0,4.0
EL6,GR,6.0,Valid Party Vote,0.0,1.0,1.0,0,78.0,4.0
EL5,GR,5.0,Valid Party Vote,0.0,6.0,2.0,0,58.0,4.0
EL6,GR,4.333333333333333,Valid Party Vote,0.0,4.0,4.0,0,53.0,4.0
EL4,GR,1.0,Valid Party Vote,0.0,2.0,4.0,0,44.0,4.0
EL5,GR,4.333333333333333,Ineligible / Not Applicable,,4.0,1.0,1,85.0,4.0
EL3,GR,3.3333333333333335,Ineligible / Not Applicable,,4.0,1.0,1,67.0,4.0
EL5,GR,6.333333333333333,Valid Party Vote,0.0,3.0,1.0,1,66.0,4.0
EL3,GR,1.6666666666666667,Valid Party Vote,0.0,1.0,4.0,1,70.0,4.0
EL4,GR,2.0,Valid Party Vote,0.0,2.0,1.0,0,46.0,4.0
EL3,GR,2.6666666666666665,Valid Party Vote,0.0,5.0,4.0,1,40.0,4.0
EL3,GR,1.3333333333333333,Valid Party Vote,0.0,3.0,6.0,0,72.0,4.0
EL3,GR,3.3333333333333335,Ineligible / Not Applicable,,5.0,4.0,1,62.0,4.0
EL6,GR,6.0,Valid Party Vote,0.0,5.0,6.0,1,25.0,4.0
EL3,GR,0.0,Ineligible / Not Applicable,,5.0,5.0,1,29.0,4.0
EL3,GR,3.6666666666666665,Valid Party Vote,0.0,5.0,3.0,0,60.0,4.0
EL3,GR,3.0,Valid Party Vote,0.0,3.0,5.0,1,47.0,4.0
EL5,GR,1.0,Valid Party Vote,0.0,7.0,4.0,1,19.0,4.0
EL4,GR,3.6666666666666665,Valid Party Vote,0.0,8.0,4.0,1,65.0,4.0
EL6,GR,2.0,Valid Party Vote,0.0,2.0,1.0,1,89.0,4.0
EL3,GR,5.0,Valid Party Vote,0.0,2.0,6.0,0,44.0,4.0
EL5,GR,4.666666666666667,Valid Party Vote,0.0,8.0,1.0,0,70.0,4.0
EL3,GR,5.666666666666667,Valid Party Vote,0.0,2.0,4.0,0,27.0,4.0
EL3,GR,0.0,Ineligible / Not Applicable,,4.0,6.0,0,25.0,4.0
EL3,GR,5.333333333333333,Ineligible / Not Applicable,,6.0,4.0,1,40.0,4.0
EL3,GR,4.333333333333333,Valid Party Vote,0.0,5.0,2.0,1,82.0,4.0
EL5,GR,3.0,Valid Party Vote,0.0,3.0,1.0,1,80.0,4.0
EL5,GR,4.666666666666667,Valid Party Vote,0.0,5.0,6.0,1,64.0,4.0
EL3,GR,4.0,Refuse to Say,,3.0,4.0,1,67.0,4.0
EL5,GR,4.666666666666667,Valid Party Vote,0.0,5.0,2.0,0,69.0,4.0
EL3,GR,6.0,Valid Party Vote,0.0,0.0,1.0,0,82.0,4.0
EL5,GR,3.0,Ineligible / Not Applicable,,8.0,6.0,0,28.0,4.0
EL6,GR,4.0,Valid Party Vote,0.0,2.0,1.0,1,62.0,4.0
EL3,GR,3.0,Valid Party Vote,0.0,4.0,6.0,0,46.0,4.0
EL3,GR,1.6666666666666667,Valid Party Vote,0.0,8.0,4.0,1,46.0,4.0
EL3,GR,2.0,Ineligible / Not Applicable,,5.0,6.0,1,38.0,4.0
EL3,GR,5.666666666666667,Valid Party Vote,0.0,3.0,4.0,0,82.0,4.0
EL3,GR,0.0,Refuse to Say,,7.0,4.0,1,35.0,4.0
EL3,GR,1.0,Ineligible / Not Applicable,,5.0,4.0,1,21.0,4.0
EL3,GR,5.0,Valid Party Vote,0.0,7.0,4.0,1,39.0,4.0
EL3,GR,5.0,Valid Party Vote,0.0,1.0,2.0,1,68.0,4.0
EL6,GR,3.0,Ineligible / Not Applicable,,6.0,4.0,1,59.0,4.0
EL5,GR,4.0,Valid Party Vote,0.0,6.0,4.0,0,56.0,4.0
EL3,GR,6.0,Valid Party Vote,0.0,2.0,2.0,0,73.0,4.0
EL6,GR,5.0,Valid Party Vote,0.0,6.0,4.0,0,25.0,4.0
EL3,GR,4.0,Refuse to Say,,6.0,6.0,0,37.0,4.0
EL4,GR,3.3333333333333335,Valid Party Vote,0.0,5.0,6.0,0,55.0,4.0
EL5,GR,3.3333333333333335,Valid Party Vote,1.0,3.0,4.0,0,52.0,4.0
EL3,GR,5.0,Valid Party Vote,0.0,1.0,4.0,0,21.0,4.0
EL5,GR,2.6666666666666665,Ineligible / Not Applicable,,3.0,4.0,1,63.0,4.0
EL6,GR,4.333333333333333,Valid Party Vote,0.0,0.0,1.0,1,74.0,4.0
EL4,GR,2.3333333333333335,Ineligible / Not Applicable,,8.0,2.0,0,54.0,4.0
EL3,GR,2.3333333333333335,Valid Party Vote,0.0,1.0,7.0,0,42.0,4.0
EL4,GR,4.0,Ineligible / Not Applicable,,8.0,2.0,0,55.0,4.0
EL6,GR,3.6666666666666665,Valid Party Vote,0.0,5.0,4.0,1,57.0,4.0
EL4,GR,2.6666666666666665,Valid Party Vote,0.0,8.0,3.0,1,44.0,4.0
EL3,GR,7.0,Invalid Ballot,0.0,7.0,4.0,1,55.0,4.0
EL6,GR,6.666666666666667,Valid Party Vote,0.0,3.0,5.0,1,41.0,4.0
EL6,GR,2.6666666666666665,Valid Party Vote,0.0,1.0,6.0,1,28.0,4.0
EL3,GR,4.666666666666667,Valid Party Vote,0.0,4.0,6.0,0,66.0,4.0
EL3,GR,2.6666666666666665,Valid Party Vote,0.0,5.0,4.0,0,44.0,4.0
EL5,GR,4.333333333333333,Valid Party Vote,0.0,4.0,6.0,0,40.0,4.0
EL6,GR,4.0,Valid Party Vote,1.0,0.0,4.0,0,24.0,4.0
EL3,GR,5.666666666666667,Valid Party Vote,0.0,4.0,4.0,1,64.0,4.0
EL3,GR,4.0,Valid Party Vote,1.0,3.0,4.0,0,67.0,4.0
EL3,GR,2.6666666666666665,Valid Party Vote,0.0,3.0,6.0,0,68.0,4.0
EL3,GR,6.333333333333333,Refuse to Say,,5.0,1.0,1,68.0,4.0
EL6,GR,0.6666666666666666,Valid Party Vote,0.0,1.0,2.0,0,75.0,4.0
EL5,GR,1.0,Valid Party Vote,0.0,4.0,2.0,1,70.0,4.0
EL3,GR,3.6666666666666665,Ineligible / Not Applicable,,2.0,4.0,1,50.0,4.0
EL6,GR,6.333333333333333,Valid Party Vote,0.0,1.0,1.0,0,72.0,4.0
EL5,GR,4.0,Valid Party Vote,0.0,5.0,4.0,0,64.0,4.0
EL6,GR,3.3333333333333335,Valid Party Vote,0.0,0.0,6.0,1,38.0,4.0
EL5,GR,4.0,Valid Party Vote,0.0,5.0,4.0,1,51.0,4.0
EL3,GR,6.0,Valid Party Vote,0.0,3.0,1.0,1,63.0,4.0
EL3,GR,6.666666666666667,Valid Party Vote,0.0,1.0,4.0,0,28.0,4.0
EL3,GR,2.3333333333333335,Valid Party Vote,0.0,5.0,4.0,0,82.0,4.0
EL3,GR,1.0,Valid Party Vote,0.0,,6.0,0,43.0,4.0
EL4,GR,3.0,Refuse to Say,,4.0,4.0,1,62.0,4.0
EL3,GR,2.3333333333333335,Ineligible / Not Applicable,,0.0,1.0,0,90.0,4.0
EL3,GR,2.3333333333333335,Valid Party Vote,0.0,6.0,4.0,1,37.0,4.0
EL6,GR,5.666666666666667,Refuse to Say,,6.0,4.0,1,57.0,4.0
EL4,GR,5.333333333333333,Valid Party Vote,0.0,5.0,2.0,1,66.0,4.0
EL5,GR,1.6666666666666667,Valid Party Vote,0.0,4.0,1.0,1,74.0,4.0
EL3,GR,3.3333333333333335,Ineligible / Not Applicable,,6.0,2.0,0,16.0,4.0
EL5,GR,4.0,Ineligible / Not Applicable,,5.0,2.0,1,60.0,4.0
EL3,GR,0.0,Valid Party Vote,0.0,7.0,4.0,0,49.0,4.0
EL4,GR,6.0,Valid Party Vote,0.0,8.0,4.0,0,55.0,4.0
EL3,GR,6.0,Refuse to Say,,4.0,3.0,1,66.0,4.0
EL6,GR,6.0,Valid Party Vote,0.0,5.0,4.0,0,50.0,4.0
EL6,GR,5.333333333333333,Valid Party Vote,0.0,5.0,4.0,0,30.0,4.0
EL5,GR,3.0,Valid Party Vote,0.0,5.0,6.0,1,52.0,4.0
EL3,GR,3.0,Refuse to Say,,3.0,4.0,1,77.0,4.0
EL3,GR,4.0,Ineligible / Not Applicable,,2.0,4.0,0,65.0,4.0
EL6,GR,1.0,Valid Party Vote,0.0,0.0,4.0,1,50.0,4.0
EL6,GR,4.666666666666667,Ineligible / Not Applicable,,7.0,2.0,0,47.0,4.0
EL6,GR,3.0,Valid Party Vote,0.0,2.0,1.0,0,61.0,4.0
EL3,GR,5.666666666666667,Valid Party Vote,0.0,6.0,4.0,0,48.0,4.0
EL4,GR,2.6666666666666665,Invalid Ballot,0.0,5.0,4.0,1,21.0,4.0
EL3,GR,8.0,Valid Party Vote,0.0,3.0,6.0,0,57.0,4.0
EL5,GR,3.3333333333333335,Valid Party Vote,0.0,2.0,4.0,1,48.0,4.0
EL3,GR,2.0,Ineligible / Not Applicable,,0.0,4.0,1,64.0,4.0
EL3,GR,1.3333333333333333,Ineligible / Not Applicable,,1.0,4.0,0,55.0,4.0
EL5,GR,4.666666666666667,Valid Party Vote,0.0,5.0,4.0,1,55.0,4.0
EL3,GR,7.0,Valid Party Vote,0.0,4.0,4.0,1,31.0,4.0
EL6,GR,5.0,Ineligible / Not Applicable,,10.0,2.0,1,17.0,4.0
EL3,GR,0.6666666666666666,Ineligible / Not Applicable,,3.0,4.0,1,44.0,4.0
EL3,GR,3.3333333333333335,Ineligible / Not Applicable,,8.0,4.0,1,43.0,4.0
EL5,GR,2.0,Valid Party Vote,0.0,0.0,6.0,1,36.0,4.0
EL5,GR,4.0,Valid Party Vote,0.0,1.0,6.0,0,43.0,4.0
EL5,GR,4.666666666666667,Valid Party Vote,0.0,5.0,1.0,1,75.0,4.0
EL6,GR,4.0,Valid Party Vote,0.0,4.0,1.0,0,73.0,4.0
EL5,GR,4.666666666666667,Valid Party Vote,0.0,4.0,4.0,0,59.0,4.0
EL6,GR,5.666666666666667,Valid Party Vote,0.0,4.0,6.0,0,29.0,4.0
EL6,GR,3.3333333333333335,Valid Party Vote,0.0,5.0,4.0,0,19.0,4.0
EL3,GR,5.333333333333333,Valid Party Vote,0.0,5.0,4.0,1,34.0,4.0
EL6,GR,6.333333333333333,Valid Party Vote,0.0,5.0,4.0,0,58.0,4.0
EL3,GR,8.333333333333334,Valid Party Vote,1.0,9.0,4.0,0,54.0,4.0
EL6,GR,6.0,Valid Party Vote,0.0,3.0,4.0,0,54.0,4.0
EL3,GR,0.0,Refuse to Say,,8.0,4.0,1,63.0,4.0
EL4,GR,3.6666666666666665,Valid Party Vote,0.0,4.0,7.0,1,42.0,4.0
EL3,GR,4.333333333333333,Valid Party Vote,0.0,1.0,6.0,1,35.0,4.0
EL5,GR,4.666666666666667,Valid Party Vote,0.0,4.0,2.0,1,65.0,4.0
EL5,GR,5.0,Ineligible / Not Applicable,,3.0,4.0,0,62.0,4.0
EL6,GR,0.0,Valid Party Vote,0.0,2.0,4.0,1,42.0,4.0
EL4,GR,2.0,Valid Party Vote,0.0,5.0,6.0,0,28.0,4.0
EL5,GR,2.3333333333333335,Valid Party Vote,0.0,4.0,6.0,1,45.0,4.0
EL5,GR,1.6666666666666667,Valid Party Vote,0.0,8.0,1.0,0,56.0,4.0
EL5,GR,2.6666666666666665,Valid Party Vote,0.0,3.0,6.0,0,34.0,4.0
EL6,GR,8.0,Refuse to Say,,6.0,1.0,1,75.0,4.0
EL3,GR,5.0,Refuse to Say,,7.0,4.0,0,60.0,4.0
EL3,GR,4.0,Ineligible / Not Applicable,,6.0,1.0,0,30.0,4.0
EL3,GR,6.0,Valid Party Vote,0.0,5.0,4.0,0,58.0,4.0
EL3,GR,2.3333333333333335,Refuse to Say,,3.0,2.0,1,72.0,4.0
EL5,GR,3.0,Ineligible / Not Applicable,,4.0,6.0,1,46.0,4.0
EL4,GR,4.333333333333333,Ineligible / Not Applicable,,5.0,1.0,1,83.0,4.0
EL5,GR,5.0,Valid Party Vote,0.0,3.0,4.0,1,22.0,4.0
EL5,GR,2.3333333333333335,Valid Party Vote,0.0,6.0,7.0,0,35.0,4.0
EL3,GR,4.333333333333333,Valid Party Vote,0.0,5.0,7.0,1,39.0,4.0
EL5,GR,0.6666666666666666,Refuse to Say,,2.0,2.0,1,73.0,4.0
EL6,GR,4.333333333333333,Valid Party Vote,0.0,3.0,4.0,0,34.0,4.0
EL6,GR,6.333333333333333,Valid Party Vote,0.0,5.0,1.0,0,79.0,4.0
EL6,GR,6.0,Ineligible / Not Applicable,,9.0,1.0,0,38.0,4.0
EL5,GR,4.666666666666667,Valid Party Vote,0.0,5.0,4.0,1,58.0,4.0
EL5,GR,4.0,Refuse to Say,,8.0,4.0,1,59.0,4.0
EL6,GR,3.0,Valid Party Vote,1.0,5.0,2.0,1,60.0,4.0
EL3,GR,0.0,Ineligible / Not Applicable,,7.0,4.0,1,36.0,4.0
EL6,GR,2.0,Valid Party Vote,0.0,3.0,4.0,1,47.0,4.0
EL3,GR,4.0,Valid Party Vote,0.0,5.0,6.0,1,66.0,4.0
EL3,GR,1.6666666666666667,Valid Party Vote,0.0,5.0,6.0,0,42.0,4.0
EL3,GR,5.0,Ineligible / Not Applicable,,7.0,4.0,0,73.0,4.0
EL3,GR,0.0,Ineligible / Not Applicable,,7.0,4.0,1,57.0,4.0
EL5,GR,5.333333333333333,Valid Party Vote,0.0,9.0,4.0,0,20.0,4.0
EL3,GR,5.333333333333333,Valid Party Vote,0.0,4.0,6.0,0,70.0,4.0
EL3,GR,6.333333333333333,Valid Party Vote,0.0,2.0,4.0,0,75.0,4.0
EL6,GR,4.0,Refuse to Say,,3.0,4.0,1,65.0,4.0
EL3,GR,3.3333333333333335,Ineligible / Not Applicable,,7.0,6.0,1,40.0,4.0
EL3,GR,4.666666666666667,Valid Party Vote,0.0,5.0,4.0,0,24.0,4.0
EL5,GR,4.666666666666667,Valid Party Vote,0.0,5.0,4.0,1,23.0,4.0
EL6,GR,1.3333333333333333,Refuse to Say,,3.0,4.0,0,65.0,4.0
EL3,GR,1.3333333333333333,Valid Party Vote,0.0,2.0,4.0,0,54.0,4.0
EL6,GR,2.6666666666666665,Valid Party Vote,0.0,3.0,6.0,0,37.0,4.0
EL6,GR,3.3333333333333335,Valid Party Vote,0.0,4.0,6.0,0,34.0,4.0
EL6,GR,6.0,Ineligible / Not Applicable,,10.0,2.0,1,49.0,4.0
EL6,GR,4.0,Valid Party Vote,0.0,2.0,6.0,0,38.0,4.0
EL4,GR,3.0,Refuse to Say,,6.0,6.0,1,42.0,4.0
EL3,GR,7.0,Valid Party Vote,0.0,4.0,4.0,1,74.0,4.0
EL6,GR,1.3333333333333333,Valid Party Vote,0.0,6.0,4.0,1,54.0,4.0
EL5,GR,3.3333333333333335,Valid Party Vote,0.0,1.0,4.0,1,35.0,4.0
EL6,GR,3.3333333333333335,Valid Party Vote,0.0,5.0,4.0,1,49.0,4.0
EL5,GR,2.6666666666666665,Ineligible / Not Applicable,,3.0,2.0,1,66.0,4.0
EL6,GR,3.3333333333333335,Ineligible / Not Applicable,,5.0,2.0,1,16.0,4.0
EL5,GR,1.6666666666666667,Valid Party Vote,0.0,2.0,2.0,1,67.0,4.0
EL5,GR,3.0,Valid Party Vote,0.0,5.0,4.0,0,18.0,4.0
EL5,GR,4.333333333333333,Ineligible / Not Applicable,,5.0,6.0,1,51.0,4.0
EL4,GR,4.0,Ineligible / Not Applicable,,8.0,2.0,0,50.0,4.0
EL6,GR,3.3333333333333335,Valid Party Vote,0.0,1.0,1.0,1,61.0,4.0
EL3,GR,3.0,Valid Party Vote,1.0,3.0,4.0,0,35.0,4.0
EL6,GR,6.0,Valid Party Vote,0.0,2.0,6.0,0,55.0,4.0
EL3,GR,5.0,Ineligible / Not Applicable,,7.0,4.0,1,44.0,4.0
EL6,GR,2.0,Refuse to Say,,1.0,4.0,0,44.0,4.0
EL3,GR,2.3333333333333335,Valid Party Vote,0.0,5.0,4.0,1,31.0,4.0
EL5,GR,2.6666666666666665,Refuse to Say,,3.0,6.0,1,47.0,4.0
EL5,GR,3.3333333333333335,Valid Party Vote,0.0,3.0,6.0,0,31.0,4.0
EL5,GR,5.0,Valid Party Vote,0.0,3.0,1.0,1,87.0,4.0
EL6,GR,6.333333333333333,Refuse to Say,,3.0,6.0,1,51.0,4.0
EL4,GR,4.0,Valid Party Vote,0.0,10.0,1.0,1,68.0,4.0
EL5,GR,4.0,Valid Party Vote,0.0,2.0,4.0,0,50.0,4.0
EL6,GR,0.6666666666666666,Valid Party Vote,1.0,1.0,4.0,0,37.0,4.0
EL4,GR,4.333333333333333,Valid Party Vote,0.0,4.0,1.0,1,80.0,4.0
EL5,GR,3.6666666666666665,Valid Party Vote,0.0,2.0,2.0,0,69.0,4.0
EL4,GR,5.0,Valid Party Vote,0.0,7.0,2.0,0,49.0,4.0
EL3,GR,7.0,Valid Party Vote,0.0,4.0,1.0,1,77.0,4.0
EL3,GR,1.6666666666666667,Refuse to Say,,1.0,6.0,1,37.0,4.0
EL3,GR,6.666666666666667,Ineligible / Not Applicable,,5.0,6.0,1,45.0,4.0
EL3,GR,8.0,Refuse to Say,,4.0,4.0,0,48.0,4.0
EL4,GR,2.6666666666666665,Valid Party Vote,1.0,4.0,4.0,1,73.0,4.0
EL4,GR,3.3333333333333335,Valid Party Vote,0.0,5.0,4.0,0,15.0,4.0
EL6,GR,2.0,Valid Party Vote,0.0,3.0,4.0,1,59.0,4.0
EL6,GR,3.6666666666666665,Valid Party Vote,0.0,4.0,6.0,0,44.0,4.0
EL4,GR,3.3333333333333335,Refuse to Say,,1.0,2.0,1,58.0,4.0
EL6,GR,4.666666666666667,Valid Party Vote,0.0,4.0,4.0,0,48.0,4.0
EL5,GR,5.0,Valid Party Vote,0.0,10.0,4.0,1,44.0,4.0
EL4,GR,3.0,Valid Party Vote,0.0,5.0,6.0,0,36.0,4.0
EL6,GR,7.0,Valid Party Vote,0.0,5.0,6.0,1,40.0,4.0
EL3,GR,6.333333333333333,Valid Party Vote,0.0,8.0,4.0,0,77.0,4.0
EL6,GR,0.6666666666666666,Valid Party Vote,0.0,4.0,2.0,0,66.0,4.0
EL6,GR,3.3333333333333335,Valid Party Vote,0.0,3.0,4.0,1,19.0,4.0
EL3,GR,2.6666666666666665,Valid Party Vote,0.0,6.0,4.0,0,58.0,4.0
EL5,GR,2.3333333333333335,Valid Party Vote,0.0,3.0,1.0,0,73.0,4.0
EL3,GR,5.666666666666667,Valid Party Vote,0.0,1.0,2.0,1,78.0,4.0
EL4,GR,3.6666666666666665,Valid Party Vote,0.0,5.0,3.0,0,49.0,4.0
EL5,GR,5.333333333333333,Ineligible / Not Applicable,,9.0,2.0,1,44.0,4.0
EL6,GR,3.3333333333333335,Valid Party Vote,0.0,4.0,2.0,0,76.0,4.0
EL4,GR,4.0,Refuse to Say,,3.0,4.0,1,59.0,4.0
EL3,GR,3.6666666666666665,Ineligible / Not Applicable,,4.0,6.0,1,48.0,4.0
EL6,GR,4.0,Valid Party Vote,0.0,1.0,4.0,1,43.0,4.0
EL3,GR,5.333333333333333,Ineligible / Not Applicable,,6.0,4.0,0,53.0,4.0
EL5,GR,4.0,Valid Party Vote,0.0,5.0,2.0,1,58.0,4.0
EL3,GR,0.0,Valid Party Vote,0.0,7.0,4.0,1,41.0,4.0
EL6,GR,6.333333333333333,Ineligible / Not Applicable,,5.0,1.0,1,23.0,4.0
EL5,GR,3.0,Ineligible / Not Applicable,,7.0,6.0,1,38.0,4.0
EL3,GR,2.3333333333333335,Valid Party Vote,1.0,2.0,4.0,1,51.0,4.0
EL3,GR,2.6666666666666665,Ineligible / Not Applicable,,2.0,4.0,0,21.0,4.0
EL3,GR,0.0,Valid Party Vote,0.0,0.0,4.0,1,58.0,4.0
EL5,GR,0.6666666666666666,Valid Party Vote,0.0,3.0,4.0,1,64.0,4.0
EL5,GR,4.666666666666667,Valid Party Vote,0.0,6.0,1.0,1,74.0,4.0
EL4,GR,5.666666666666667,Valid Party Vote,0.0,5.0,6.0,1,35.0,4.0
EL5,GR,2.6666666666666665,Ineligible / Not Applicable,,6.0,4.0,0,20.0,4.0
EL5,GR,3.6666666666666665,Valid Party Vote,0.0,7.0,5.0,1,55.0,4.0
EL6,GR,3.6666666666666665,Valid Party Vote,0.0,3.0,2.0,1,74.0,4.0
EL6,GR,5.666666666666667,Valid Party Vote,0.0,5.0,6.0,1,44.0,4.0
EL3,GR,2.6666666666666665,Valid Party Vote,0.0,5.0,4.0,1,63.0,4.0
EL6,GR,2.0,Refuse to Say,,5.0,4.0,0,44.0,4.0
EL5,GR,3.3333333333333335,Refuse to Say,,8.0,2.0,1,54.0,4.0
EL5,GR,3.3333333333333335,Valid Party Vote,0.0,8.0,6.0,1,61.0,4.0
EL3,GR,5.333333333333333,Valid Party Vote,0.0,3.0,6.0,0,49.0,4.0
EL6,GR,7.0,Ineligible / Not Applicable,,7.0,6.0,0,36.0,4.0
EL6,GR,5.0,Valid Party Vote,0.0,2.0,4.0,0,23.0,4.0
EL4,GR,3.0,Valid Party Vote,0.0,3.0,4.0,1,54.0,4.0
EL4,GR,3.0,Refuse to Say,,7.0,6.0,1,23.0,4.0
EL5,GR,4.333333333333333,Valid Party Vote,0.0,6.0,4.0,1,20.0,4.0
EL5,GR,3.0,Valid Party Vote,0.0,6.0,3.0,0,56.0,4.0
EL5,GR,6.666666666666667,Valid Party Vote,0.0,9.0,1.0,0,68.0,4.0
EL5,GR,4.0,Ineligible / Not Applicable,,6.0,4.0,0,36.0,4.0
EL6,GR,1.3333333333333333,Valid Party Vote,0.0,3.0,4.0,1,58.0,4.0
EL3,GR,3.6666666666666665,Ineligible / Not Applicable,,7.0,4.0,1,29.0,4.0
EL3,GR,5.0,Refuse to Say,,2.0,6.0,1,26.0,4.0
EL3,GR,3.6666666666666665,Valid Party Vote,1.0,3.0,4.0,1,29.0,4.0
EL5,GR,2.6666666666666665,Valid Party Vote,0.0,3.0,4.0,1,63.0,4.0
EL4,GR,2.6666666666666665,Valid Party Vote,0.0,1.0,4.0,1,59.0,4.0
EL4,GR,2.6666666666666665,Valid Party Vote,0.0,2.0,4.0,1,47.0,4.0
EL6,GR,6.333333333333333,Valid Party Vote,0.0,8.0,6.0,0,26.0,4.0
EL5,GR,3.6666666666666665,Valid Party Vote,0.0,3.0,4.0,1,46.0,4.0
EL4,GR,3.3333333333333335,Valid Party Vote,0.0,7.0,7.0,1,35.0,4.0
EL4,GR,3.6666666666666665,Valid Party Vote,0.0,7.0,3.0,1,50.0,4.0
EL3,GR,3.6666666666666665,Ineligible / Not Applicable,,5.0,2.0,1,17.0,4.0
EL3,GR,5.333333333333333,Valid Party Vote,0.0,7.0,6.0,0,67.0,4.0
EL6,GR,2.6666666666666665,Valid Party Vote,0.0,4.0,6.0,1,42.0,4.0
EL6,GR,2.3333333333333335,Valid Party Vote,0.0,0.0,1.0,1,75.0,4.0
EL3,GR,2.0,Ineligible / Not Applicable,,1.0,4.0,1,69.0,4.0
EL4,GR,6.333333333333333,Valid Party Vote,0.0,7.0,4.0,1,47.0,4.0
EL4,GR,3.6666666666666665,Valid Party Vote,0.0,9.0,6.0,0,48.0,4.0
EL6,GR,0.6666666666666666,Valid Party Vote,0.0,0.0,7.0,1,38.0,4.0
EL6,GR,4.666666666666667,Valid Party Vote,0.0,5.0,3.0,1,47.0,4.0
EL5,GR,2.3333333333333335,Ineligible / Not Applicable,,4.0,4.0,0,30.0,4.0
EL3,GR,5.666666666666667,Ineligible / Not Applicable,,6.0,4.0,0,51.0,4.0
EL6,GR,8.333333333333334,Valid Party Vote,0.0,3.0,4.0,0,40.0,4.0
EL4,GR,4.333333333333333,Valid Party Vote,0.0,4.0,4.0,0,51.0,4.0
EL5,GR,3.3333333333333335,Refuse to Say,,3.0,4.0,1,65.0,4.0
EL3,GR,3.3333333333333335,Valid Party Vote,0.0,3.0,6.0,0,68.0,4.0
EL5,GR,1.3333333333333333,Ineligible / Not Applicable,,3.0,1.0,1,81.0,4.0
EL4,GR,5.0,Ineligible / Not Applicable,,3.0,4.0,0,18.0,4.0
EL5,GR,4.333333333333333,Valid Party Vote,0.0,5.0,4.0,1,58.0,4.0
EL3,GR,3.3333333333333335,Ineligible / Not Applicable,,10.0,6.0,1,44.0,4.0
EL4,GR,3.3333333333333335,Valid Party Vote,0.0,3.0,7.0,0,29.0,4.0
EL6,GR,9.0,Valid Party Vote,0.0,2.0,6.0,0,48.0,4.0
EL5,GR,4.0,Valid Party Vote,1.0,3.0,1.0,1,58.0,4.0
EL6,GR,2.0,Valid Party Vote,0.0,3.0,4.0,0,34.0,4.0
EL3,GR,6.333333333333333,Valid Party Vote,0.0,6.0,4.0,0,70.0,4.0
EL5,GR,2.6666666666666665,Ineligible / Not Applicable,,3.0,2.0,1,52.0,4.0
EL5,GR,2.0,Valid Party Vote,0.0,3.0,1.0,1,75.0,4.0
EL6,GR,2.6666666666666665,Valid Party Vote,0.0,2.0,6.0,0,84.0,4.0
EL6,GR,3.0,Refuse to Say,,2.0,4.0,0,31.0,4.0
EL5,GR,4.0,Valid Party Vote,0.0,9.0,4.0,1,44.0,4.0
EL3,GR,4.0,Valid Party Vote,0.0,5.0,4.0,1,76.0,4.0
EL6,GR,3.0,Valid Party Vote,0.0,2.0,2.0,1,75.0,4.0
EL3,GR,5.0,Valid Party Vote,0.0,4.0,4.0,1,54.0,4.0
EL3,GR,1.6666666666666667,Ineligible / Not Applicable,,5.0,4.0,1,65.0,4.0
EL3,GR,2.6666666666666665,Valid Party Vote,0.0,5.0,4.0,1,78.0,4.0
EL5,GR,4.333333333333333,Valid Party Vote,0.0,10.0,4.0,0,45.0,4.0
EL3,GR,4.666666666666667,Ineligible / Not Applicable,,3.0,6.0,1,66.0,4.0
EL5,GR,3.6666666666666665,Refuse to Say,,4.0,4.0,1,51.0,4.0
EL6,GR,3.0,Valid Party Vote,1.0,0.0,4.0,0,56.0,4.0
EL5,GR,3.3333333333333335,Valid Party Vote,0.0,6.0,2.0,1,52.0,4.0
EL4,GR,5.0,Valid Party Vote,0.0,2.0,3.0,1,37.0,4.0
EL3,GR,5.0,Ineligible / Not Applicable,,8.0,4.0,1,24.0,4.0
EL6,GR,6.666666666666667,Ineligible / Not Applicable,,5.0,6.0,1,75.0,4.0
EL3,GR,4.0,Valid Party Vote,0.0,6.0,2.0,1,40.0,4.0
EL6,GR,4.0,Valid Party Vote,0.0,3.0,4.0,1,42.0,4.0
EL6,GR,5.0,Valid Party Vote,0.0,3.0,4.0,0,34.0,4.0
EL5,GR,6.0,Valid Party Vote,0.0,2.0,1.0,0,64.0,4.0
EL6,GR,4.333333333333333,Refuse to Say,,6.0,4.0,1,54.0,4.0
EL3,GR,3.0,Valid Party Vote,0.0,6.0,4.0,0,26.0,4.0
EL5,GR,2.3333333333333335,Ineligible / Not Applicable,,5.0,4.0,1,53.0,4.0
EL4,GR,4.333333333333333,Valid Party Vote,0.0,1.0,1.0,1,84.0,4.0
EL5,GR,2.3333333333333335,Ineligible / Not Applicable,,7.0,4.0,1,32.0,4.0
EL3,GR,5.0,Valid Party Vote,1.0,5.0,4.0,1,43.0,4.0
EL5,GR,5.333333333333333,Valid Party Vote,0.0,4.0,4.0,0,37.0,4.0
EL5,GR,4.0,Refuse to Say,,4.0,4.0,0,67.0,4.0
EL4,GR,4.666666666666667,Valid Party Vote,0.0,8.0,6.0,0,27.0,4.0
EL3,GR,0.3333333333333333,Valid Party Vote,0.0,5.0,3.0,0,64.0,4.0
EL5,GR,4.666666666666667,Valid Party Vote,0.0,6.0,2.0,0,64.0,4.0
EL5,GR,2.6666666666666665,Refuse to Say,,5.0,1.0,0,74.0,4.0
EL3,GR,2.6666666666666665,Valid Party Vote,0.0,1.0,3.0,1,66.0,4.0
EL5,GR,4.333333333333333,Valid Party Vote,0.0,6.0,2.0,0,69.0,4.0
EL5,GR,2.0,Valid Party Vote,1.0,10.0,4.0,0,32.0,4.0
EL5,GR,4.666666666666667,Valid Party Vote,0.0,6.0,4.0,0,46.0,4.0
EL5,GR,2.6666666666666665,Valid Party Vote,0.0,3.0,6.0,1,68.0,4.0
EL3,GR,2.0,Valid Party Vote,1.0,0.0,4.0,1,34.0,4.0
EL4,GR,2.0,Refuse to Say,,3.0,7.0,1,70.0,4.0
EL6,GR,2.0,Valid Party Vote,0.0,5.0,2.0,1,35.0,4.0
EL6,GR,6.333333333333333,Ineligible / Not Applicable,,5.0,4.0,1,19.0,4.0
EL5,GR,3.0,Ineligible / Not Applicable,,5.0,4.0,0,36.0,4.0
EL6,GR,1.6666666666666667,Valid Party Vote,0.0,3.0,4.0,1,24.0,4.0
EL6,GR,2.6666666666666665,Valid Party Vote,0.0,4.0,4.0,1,35.0,4.0
EL4,GR,4.666666666666667,Valid Party Vote,0.0,3.0,2.0,1,65.0,4.0
EL3,GR,7.0,Refuse to Say,,6.0,4.0,1,58.0,4.0
EL3,GR,2.6666666666666665,Valid Party Vote,0.0,2.0,5.0,0,60.0,4.0
EL4,GR,1.0,Valid Party Vote,0.0,1.0,2.0,1,50.0,4.0
EL6,GR,1.6666666666666667,Refuse to Say,,3.0,2.0,0,74.0,4.0
EL3,GR,3.0,Valid Party Vote,1.0,4.0,6.0,1,24.0,4.0
EL6,GR,4.0,Refuse to Say,,6.0,4.0,0,53.0,4.0
EL3,GR,0.3333333333333333,Valid Party Vote,0.0,2.0,5.0,1,45.0,4.0
EL6,GR,2.3333333333333335,Valid Party Vote,0.0,2.0,4.0,0,59.0,4.0
EL5,GR,2.6666666666666665,Valid Party Vote,0.0,2.0,4.0,0,34.0,4.0
EL4,GR,4.0,Valid Party Vote,0.0,4.0,4.0,1,47.0,4.0
EL4,GR,4.0,Ineligible / Not Applicable,,0.0,2.0,0,32.0,4.0
EL3,GR,5.0,Refuse to Say,,5.0,4.0,0,48.0,4.0
EL3,GR,3.3333333333333335,Ineligible / Not Applicable,,6.0,4.0,0,45.0,4.0
EL3,GR,5.333333333333333,Valid Party Vote,0.0,6.0,4.0,0,61.0,4.0
EL3,GR,3.0,Refuse to Say,,2.0,2.0,0,75.0,4.0
EL3,GR,4.0,Valid Party Vote,0.0,5.0,2.0,0,64.0,4.0
EL3,GR,9.333333333333334,Valid Party Vote,0.0,9.0,4.0,0,64.0,4.0
EL3,GR,3.0,Valid Party Vote,0.0,3.0,6.0,1,49.0,4.0
EL5,GR,4.666666666666667,Valid Party Vote,0.0,3.0,1.0,1,75.0,4.0
EL4,GR,3.0,Valid Party Vote,0.0,5.0,1.0,0,69.0,4.0
EL4,GR,5.0,Valid Party Vote,0.0,1.0,2.0,0,46.0,4.0
EL5,GR,4.0,Valid Party Vote,0.0,2.0,4.0,1,53.0,4.0
EL3,GR,4.0,Valid Party Vote,0.0,5.0,6.0,1,50.0,4.0
EL6,GR,2.3333333333333335,Valid Party Vote,0.0,2.0,6.0,1,64.0,4.0
EL3,GR,5.0,Ineligible / Not Applicable,,5.0,4.0,0,56.0,4.0
EL4,GR,2.3333333333333335,Ineligible / Not Applicable,,7.0,7.0,1,32.0,4.0
EL6,GR,2.0,Refuse to Say,,,6.0,1,42.0,4.0
EL3,GR,2.0,Valid Party Vote,0.0,6.0,4.0,0,53.0,4.0
EL6,GR,5.666666666666667,Valid Party Vote,0.0,2.0,2.0,0,76.0,4.0
EL3,GR,2.3333333333333335,Valid Party Vote,0.0,8.0,4.0,1,64.0,4.0
EL3,GR,1.3333333333333333,Valid Party Vote,0.0,4.0,6.0,0,70.0,4.0
EL4,GR,4.666666666666667,Valid Party Vote,0.0,2.0,4.0,1,41.0,4.0
EL3,GR,3.6666666666666665,Valid Party Vote,0.0,6.0,6.0,1,44.0,4.0
EL6,GR,4.0,Valid Party Vote,0.0,3.0,6.0,0,25.0,4.0
EL5,GR,4.333333333333333,Valid Party Vote,1.0,5.0,4.0,1,44.0,4.0
EL5,GR,3.6666666666666665,Valid Party Vote,0.0,4.0,4.0,0,39.0,4.0
EL6,GR,1.3333333333333333,Refuse to Say,,3.0,4.0,1,50.0,4.0
EL5,GR,3.6666666666666665,Valid Party Vote,0.0,3.0,4.0,0,61.0,4.0
EL6,GR,2.0,Refuse to Say,,5.0,4.0,1,58.0,4.0
EL5,GR,5.0,Valid Party Vote,0.0,9.0,5.0,1,31.0,4.0
EL3,GR,1.3333333333333333,Valid Party Vote,1.0,4.0,4.0,0,34.0,4.0
EL4,GR,2.6666666666666665,Valid Party Vote,0.0,4.0,4.0,0,41.0,4.0
EL3,GR,3.3333333333333335,Ineligible / Not Applicable,,,4.0,1,20.0,4.0
EL3,GR,3.6666666666666665,Valid Party Vote,0.0,5.0,4.0,0,49.0,4.0
EL6,GR,2.0,Refuse to Say,,3.0,4.0,0,61.0,4.0
EL4,GR,4.666666666666667,Valid Party Vote,0.0,0.0,1.0,1,81.0,4.0
EL5,GR,3.6666666666666665,Ineligible / Not Applicable,,8.0,4.0,1,34.0,4.0
EL3,GR,5.333333333333333,Valid Party Vote,0.0,7.0,4.0,0,48.0,4.0
EL3,GR,6.0,Valid Party Vote,0.0,5.0,4.0,1,62.0,4.0
EL5,GR,4.666666666666667,Valid Party Vote,0.0,9.0,6.0,0,61.0,4.0
EL3,GR,7.0,Refuse to Say,,7.0,4.0,0,40.0,4.0
EL6,GR,2.0,Ineligible / Not Applicable,,5.0,4.0,0,19.0,4.0
EL5,GR,3.6666666666666665,Valid Party Vote,0.0,6.0,4.0,1,49.0,4.0
EL3,GR,3.6666666666666665,Valid Party Vote,0.0,5.0,4.0,0,40.0,4.0
EL5,GR,1.5,Ineligible / Not Applicable,,3.0,6.0,1,30.0,4.0
EL3,GR,5.333333333333333,Valid Party Vote,0.0,2.0,4.0,0,69.0,4.0
EL6,GR,4.333333333333333,Valid Party Vote,0.0,1.0,1.0,0,86.0,4.0
EL6,GR,5.0,Valid Party Vote,0.0,4.0,6.0,1,29.0,4.0
EL3,GR,5.333333333333333,Valid Party Vote,0.0,2.0,2.0,0,42.0,4.0
EL3,GR,5.333333333333333,Valid Party Vote,0.0,4.0,6.0,1,36.0,4.0
EL5,GR,3.3333333333333335,Valid Party Vote,0.0,7.0,2.0,0,42.0,4.0
EL5,GR,1.6666666666666667,Ineligible / Not Applicable,,,4.0,0,25.0,4.0
EL6,GR,2.6666666666666665,Ineligible / Not Applicable,,5.0,4.0,1,44.0,4.0
EL3,GR,6.333333333333333,Valid Party Vote,0.0,5.0,4.0,1,42.0,4.0
EL6,GR,3.6666666666666665,Valid Party Vote,0.0,1.0,4.0,0,59.0,4.0
EL5,GR,1.3333333333333333,Ineligible / Not Applicable,,3.0,4.0,0,21.0,4.0
EL5,GR,8.0,Valid Party Vote,0.0,2.0,1.0,0,79.0,4.0
EL3,GR,6.333333333333333,Refuse to Say,,8.0,2.0,1,79.0,4.0
EL6,GR,3.0,Valid Party Vote,0.0,,4.0,0,19.0,4.0
EL3,GR,6.0,Valid Party Vote,0.0,8.0,1.0,0,78.0,4.0
EL4,GR,2.6666666666666665,Valid Party Vote,0.0,7.0,6.0,1,53.0,4.0
EL5,GR,3.6666666666666665,Valid Party Vote,0.0,2.0,7.0,0,55.0,4.0
EL5,GR,4.0,Valid Party Vote,0.0,4.0,6.0,1,62.0,4.0
EL6,GR,0.3333333333333333,Refuse to Say,,5.0,6.0,1,24.0,4.0
EL3,GR,0.6666666666666666,Valid Party Vote,0.0,2.0,2.0,0,42.0,4.0
EL3,GR,6.666666666666667,Valid Party Vote,0.0,5.0,6.0,1,56.0,4.0
EL5,GR,2.3333333333333335,Ineligible / Not Applicable,,3.0,4.0,0,62.0,4.0
EL5,GR,1.6666666666666667,Valid Party Vote,0.0,5.0,2.0,0,63.0,4.0
EL6,GR,6.0,Valid Party Vote,0.0,3.0,1.0,1,68.0,4.0
EL3,GR,4.0,Ineligible / Not Applicable,,10.0,2.0,1,23.0,4.0
EL5,GR,2.0,Valid Party Vote,0.0,9.0,4.0,0,46.0,4.0
EL3,GR,6.0,Valid Party Vote,0.0,1.0,4.0,0,55.0,4.0
EL3,GR,5.0,Ineligible / Not Applicable,,5.0,2.0,1,64.0,4.0
EL5,GR,4.0,Refuse to Say,,3.0,6.0,1,32.0,4.0
EL3,GR,3.3333333333333335,Ineligible / Not Applicable,,3.0,5.0,1,47.0,4.0
EL3,GR,3.0,Valid Party Vote,0.0,5.0,6.0,1,34.0,4.0
EL4,GR,5.666666666666667,Ineligible / Not Applicable,,7.0,2.0,0,46.0,4.0
EL4,GR,2.0,Valid Party Vote,0.0,2.0,6.0,0,58.0,4.0
EL5,GR,4.333333333333333,Valid Party Vote,0.0,5.0,5.0,0,25.0,4.0
EL6,GR,5.0,Ineligible / Not Applicable,,4.0,2.0,1,46.0,4.0
EL5,GR,3.6666666666666665,Valid Party Vote,0.0,5.0,4.0,1,54.0,4.0
EL3,GR,4.666666666666667,Valid Party Vote,0.0,7.0,4.0,1,40.0,4.0
EL3,GR,3.0,Ineligible / Not Applicable,,5.0,5.0,1,34.0,4.0
EL3,GR,0.6666666666666666,Refuse to Say,,3.0,6.0,1,51.0,4.0
EL6,GR,3.6666666666666665,Valid Party Vote,0.0,1.0,4.0,0,23.0,4.0
EL6,GR,2.6666666666666665,Valid Party Vote,1.0,2.0,2.0,0,60.0,4.0
EL3,GR,2.6666666666666665,Refuse to Say,,3.0,4.0,1,53.0,4.0
EL3,GR,0.0,Valid Party Vote,0.0,6.0,2.0,1,65.0,4.0
EL3,GR,3.6666666666666665,Ineligible / Not Applicable,,2.0,6.0,1,32.0,4.0
EL3,GR,2.0,Refuse to Say,,7.0,5.0,1,37.0,4.0
EL5,GR,3.3333333333333335,Valid Party Vote,0.0,4.0,6.0,0,42.0,4.0
EL5,GR,2.6666666666666665,Valid Party Vote,0.0,5.0,6.0,0,38.0,4.0
EL6,GR,1.0,Valid Party Vote,0.0,0.0,1.0,0,80.0,4.0
EL3,GR,7.333333333333333,Valid Party Vote,0.0,3.0,4.0,0,60.0,4.0
EL3,GR,2.0,Valid Party Vote,0.0,5.0,2.0,0,75.0,4.0
EL5,GR,4.0,Valid Party Vote,1.0,2.0,4.0,0,81.0,4.0
EL3,GR,7.0,Ineligible / Not Applicable,,7.0,4.0,0,19.0,4.0
EL5,GR,4.333333333333333,Valid Party Vote,0.0,6.0,6.0,0,42.0,4.0
EL6,GR,6.666666666666667,Valid Party Vote,1.0,5.0,6.0,1,29.0,4.0
EL3,GR,5.0,Valid Party Vote,0.0,7.0,4.0,1,28.0,4.0
EL6,GR,7.666666666666667,Valid Party Vote,0.0,2.0,1.0,1,78.0,4.0
EL5,GR,2.6666666666666665,Valid Party Vote,0.0,4.0,4.0,0,45.0,4.0
EL5,GR,3.6666666666666665,Valid Party Vote,0.0,3.0,6.0,0,25.0,4.0
EL4,GR,0.3333333333333333,Valid Party Vote,0.0,2.0,1.0,1,65.0,4.0
EL3,GR,4.0,Valid Party Vote,0.0,7.0,6.0,0,39.0,4.0
EL5,GR,3.0,Valid Party Vote,0.0,3.0,4.0,1,33.0,4.0
EL5,GR,3.0,Ineligible / Not Applicable,,8.0,6.0,1,58.0,4.0
EL5,GR,5.0,Refuse to Say,,9.0,5.0,1,39.0,4.0
EL5,GR,2.5,Valid Party Vote,0.0,2.0,4.0,0,49.0,4.0
EL6,GR,2.6666666666666665,Valid Party Vote,0.0,2.0,1.0,1,68.0,4.0
EL3,GR,0.0,Valid Party Vote,0.0,5.0,4.0,0,40.0,4.0
EL6,GR,5.0,Ineligible / Not Applicable,,8.0,4.0,1,55.0,4.0
EL3,GR,0.6666666666666666,Valid Party Vote,0.0,3.0,4.0,0,58.0,4.0
EL3,GR,5.666666666666667,Ineligible / Not Applicable,,7.0,4.0,1,44.0,4.0
EL5,GR,3.3333333333333335,Valid Party Vote,0.0,3.0,3.0,0,51.0,4.0
EL4,GR,4.0,Ineligible / Not Applicable,,3.0,1.0,1,85.0,4.0
EL5,GR,3.3333333333333335,Valid Party Vote,0.0,2.0,4.0,0,50.0,4.0
EL5,GR,4.0,Valid Party Vote,0.0,1.0,6.0,0,60.0,4.0
EL3,GR,3.3333333333333335,Ineligible / Not Applicable,,6.0,4.0,1,38.0,4.0
EL3,GR,7.333333333333333,Valid Party Vote,0.0,4.0,4.0,1,74.0,4.0
EL5,GR,3.6666666666666665,Valid Party Vote,0.0,5.0,5.0,0,34.0,4.0
EL3,GR,7.333333333333333,Valid Party Vote,0.0,2.0,4.0,0,63.0,4.0
EL6,GR,2.6666666666666665,Valid Party Vote,0.0,2.0,2.0,1,64.0,4.0
EL5,GR,4.0,Valid Party Vote,0.0,2.0,4.0,1,72.0,4.0
EL5,GR,5.666666666666667,Valid Party Vote,0.0,4.0,1.0,1,83.0,4.0
EL6,GR,4.666666666666667,Valid Party Vote,0.0,3.0,4.0,0,40.0,4.0
EL5,GR,4.333333333333333,Valid Party Vote,0.0,10.0,2.0,0,61.0,4.0
EL3,GR,3.3333333333333335,Ineligible / Not Applicable,,1.0,2.0,1,75.0,4.0
EL5,GR,3.3333333333333335,Ineligible / Not Applicable,,5.0,4.0,0,65.0,4.0
EL4,GR,2.6666666666666665,Valid Party Vote,0.0,5.0,6.0,1,26.0,4.0
EL3,GR,9.333333333333334,Ineligible / Not Applicable,,9.0,6.0,1,24.0,4.0
EL5,GR,5.666666666666667,Valid Party Vote,0.0,6.0,1.0,1,84.0,4.0
EL5,GR,2.0,Valid Party Vote,0.0,2.0,4.0,0,62.0,4.0
EL3,GR,0.0,Valid Party Vote,0.0,5.0,4.0,0,60.0,4.0
EL6,GR,7.666666666666667,Valid Party Vote,0.0,5.0,4.0,0,56.0,4.0
EL5,GR,2.6666666666666665,Valid Party Vote,0.0,3.0,6.0,0,37.0,4.0
EL3,GR,4.0,Refuse to Say,,5.0,4.0,1,58.0,4.0
EL6,GR,7.0,Valid Party Vote,0.0,6.0,1.0,0,75.0,4.0
EL3,GR,5.0,Ineligible / Not Applicable,,5.0,6.0,1,48.0,4.0
EL3,GR,6.0,Valid Party Vote,0.0,2.0,6.0,1,34.0,4.0
EL4,GR,5.0,Valid Party Vote,0.0,3.0,4.0,1,43.0,4.0
EL3,GR,0.3333333333333333,Valid Party Vote,0.0,0.0,6.0,1,66.0,4.0
EL4,GR,7.0,Valid Party Vote,0.0,7.0,4.0,0,54.0,4.0
EL6,GR,6.0,Valid Party Vote,0.0,4.0,6.0,1,40.0,4.0
EL5,GR,5.333333333333333,Refuse to Say,,,1.0,1,82.0,4.0
EL4,GR,4.666666666666667,Valid Party Vote,0.0,2.0,6.0,0,27.0,4.0
EL5,GR,3.3333333333333335,Valid Party Vote,0.0,4.0,6.0,1,52.0,4.0
EL5,GR,3.6666666666666665,Valid Party Vote,0.0,3.0,4.0,1,51.0,4.0
EL3,GR,1.3333333333333333,Valid Party Vote,0.0,1.0,1.0,1,64.0,4.0
EL5,GR,3.6666666666666665,Valid Party Vote,0.0,5.0,6.0,0,40.0,4.0
EL6,GR,2.3333333333333335,Ineligible / Not Applicable,,3.0,1.0,0,88.0,4.0
EL3,GR,1.6666666666666667,Valid Party Vote,0.0,3.0,2.0,0,43.0,4.0
EL5,GR,3.3333333333333335,Valid Party Vote,0.0,10.0,4.0,0,59.0,4.0
EL3,GR,5.666666666666667,Valid Party Vote,0.0,2.0,4.0,1,48.0,4.0
EL6,GR,3.0,Refuse to Say,,2.0,2.0,1,64.0,4.0
EL5,GR,3.0,Valid Party Vote,0.0,5.0,2.0,1,77.0,4.0
EL3,GR,5.666666666666667,Valid Party Vote,0.0,3.0,4.0,1,35.0,4.0
EL3,GR,6.333333333333333,Ineligible / Not Applicable,,5.0,4.0,0,30.0,4.0
EL4,GR,4.666666666666667,Refuse to Say,,7.0,2.0,1,62.0,4.0
EL4,GR,3.6666666666666665,Valid Party Vote,0.0,6.0,4.0,1,70.0,4.0
EL3,GR,2.3333333333333335,Valid Party Vote,0.0,3.0,3.0,0,64.0,4.0
EL3,GR,6.0,Valid Party Vote,0.0,5.0,4.0,0,42.0,4.0
EL5,GR,3.3333333333333335,Valid Party Vote,0.0,3.0,4.0,0,33.0,4.0
EL5,GR,8.0,Ineligible / Not Applicable,,10.0,2.0,1,16.0,4.0
EL3,GR,4.0,Valid Party Vote,0.0,3.0,4.0,1,22.0,4.0
EL6,GR,6.0,Valid Party Vote,1.0,5.0,3.0,0,58.0,4.0
EL6,GR,3.3333333333333335,Valid Party Vote,0.0,4.0,6.0,1,55.0,4.0
EL3,GR,1.3333333333333333,Valid Party Vote,0.0,3.0,2.0,0,52.0,4.0
EL5,GR,1.6666666666666667,Valid Party Vote,0.0,7.0,4.0,1,21.0,4.0
EL3,GR,1.0,Valid Party Vote,0.0,10.0,4.0,1,50.0,4.0
EL5,GR,5.333333333333333,Valid Party Vote,0.0,,1.0,0,85.0,4.0
EL3,GR,1.0,Valid Party Vote,0.0,4.0,2.0,0,70.0,4.0
EL5,GR,2.3333333333333335,Valid Party Vote,0.0,3.0,4.0,1,42.0,4.0
EL3,GR,4.0,Valid Party Vote,0.0,4.0,4.0,1,58.0,4.0
EL5,GR,1.0,Ineligible / Not Applicable,,5.0,6.0,0,35.0,4.0
EL3,GR,7.333333333333333,Valid Party Vote,0.0,6.0,6.0,1,75.0,4.0
EL3,GR,1.6666666666666667,Valid Party Vote,0.0,0.0,4.0,1,40.0,4.0
EL6,GR,4.666666666666667,Valid Party Vote,0.0,5.0,6.0,1,48.0,4.0
EL3,GR,3.6666666666666665,Valid Party Vote,0.0,5.0,4.0,1,58.0,4.0
EL6,GR,4.666666666666667,Valid Party Vote,0.0,0.0,2.0,1,72.0,4.0
EL3,GR,4.333333333333333,Ineligible / Not Applicable,,5.0,4.0,1,72.0,4.0
EL5,GR,3.3333333333333335,Refuse to Say,,9.0,4.0,1,58.0,4.0
EL3,GR,2.6666666666666665,Valid Party Vote,0.0,5.0,2.0,0,78.0,4.0
EL5,GR,5.0,Valid Party Vote,1.0,9.0,4.0,1,53.0,4.0
EL6,GR,1.6666666666666667,Valid Party Vote,0.0,4.0,4.0,1,54.0,4.0
EL6,GR,2.3333333333333335,Ineligible / Not Applicable,,0.0,1.0,0,79.0,4.0
EL5,GR,3.6666666666666665,Valid Party Vote,0.0,3.0,4.0,0,62.0,4.0
EL6,GR,4.0,Refuse to Say,,5.0,4.0,1,51.0,4.0
EL3,GR,2.3333333333333335,Valid Party Vote,0.0,3.0,4.0,1,53.0,4.0
EL3,GR,1.3333333333333333,Ineligible / Not Applicable,,3.0,1.0,1,80.0,4.0
EL5,GR,1.3333333333333333,Valid Party Vote,0.0,1.0,4.0,0,54.0,4.0
EL6,GR,3.6666666666666665,Refuse to Say,,4.0,4.0,0,52.0,4.0
EL3,GR,4.0,Ineligible / Not Applicable,,4.0,6.0,1,33.0,4.0
EL6,GR,4.0,Valid Party Vote,0.0,0.0,6.0,1,40.0,4.0
EL3,GR,8.0,Valid Party Vote,0.0,8.0,4.0,1,50.0,4.0
EL3,GR,2.6666666666666665,Ineligible / Not Applicable,,2.0,4.0,0,22.0,4.0
EL5,GR,3.0,Refuse to Say,,3.0,6.0,1,34.0,4.0
EL6,GR,5.0,Valid Party Vote,0.0,3.0,1.0,0,73.0,4.0
EL3,GR,4.333333333333333,Valid Party Vote,0.0,1.0,3.0,0,71.0,4.0
EL3,GR,3.0,Ineligible / Not Applicable,,7.0,4.0,0,22.0,4.0
EL5,GR,2.3333333333333335,Valid Party Vote,0.0,,6.0,1,66.0,4.0
EL5,GR,3.3333333333333335,Refuse to Say,,5.0,2.0,1,65.0,4.0
EL3,GR,1.0,Valid Party Vote,1.0,3.0,6.0,0,54.0,4.0
EL3,GR,2.6666666666666665,Refuse to Say,,3.0,1.0,1,62.0,4.0
EL6,GR,2.0,Ineligible / Not Applicable,,4.0,1.0,0,85.0,4.0
EL6,GR,2.0,Refuse to Say,,3.0,1.0,0,64.0,4.0
EL3,GR,1.3333333333333333,Valid Party Vote,0.0,2.0,7.0,0,57.0,4.0
EL3,GR,5.333333333333333,Valid Party Vote,0.0,5.0,4.0,1,37.0,4.0
EL5,GR,2.0,Valid Party Vote,0.0,0.0,4.0,1,21.0,4.0
EL5,GR,5.0,Ineligible / Not Applicable,,6.0,1.0,1,80.0,4.0
EL3,GR,3.0,Valid Party Vote,0.0,5.0,4.0,1,70.0,4.0
EL6,GR,5.333333333333333,Valid Party Vote,0.0,7.0,4.0,1,57.0,4.0
EL3,GR,3.0,Ineligible / Not Applicable,,5.0,6.0,1,35.0,4.0
EL3,GR,8.0,Valid Party Vote,0.0,6.0,4.0,1,25.0,4.0
EL6,GR,5.333333333333333,Valid Party Vote,0.0,4.0,4.0,1,30.0,4.0
EL5,GR,4.666666666666667,Valid Party Vote,0.0,5.0,4.0,0,33.0,4.0
EL6,GR,6.0,Valid Party Vote,0.0,5.0,6.0,1,28.0,4.0
EL4,GR,4.333333333333333,Valid Party Vote,0.0,6.0,6.0,1,33.0,4.0
EL5,GR,5.0,Valid Party Vote,0.0,4.0,6.0,1,19.0,4.0
EL3,GR,3.0,Valid Party Vote,0.0,7.0,4.0,0,44.0,4.0
EL5,GR,5.333333333333333,Valid Party Vote,0.0,3.0,5.0,1,53.0,4.0
EL6,GR,3.0,Ineligible / Not Applicable,,9.0,1.0,0,29.0,4.0
EL6,GR,4.666666666666667,Refuse to Say,,5.0,4.0,0,24.0,4.0
EL3,GR,1.3333333333333333,Ineligible / Not Applicable,,5.0,4.0,1,31.0,4.0
EL6,GR,5.0,Valid Party Vote,0.0,4.0,4.0,1,26.0,4.0
EL5,GR,3.6666666666666665,Valid Party Vote,0.0,3.0,6.0,1,39.0,4.0
EL3,GR,5.333333333333333,Valid Party Vote,0.0,3.0,4.0,1,18.0,4.0
EL3,GR,6.333333333333333,Valid Party Vote,0.0,5.0,4.0,0,44.0,4.0
EL5,GR,2.3333333333333335,Refuse to Say,,5.0,2.0,1,43.0,4.0
EL3,GR,2.6666666666666665,Valid Party Vote,0.0,4.0,4.0,1,51.0,4.0
EL3,GR,5.0,Don't Know,,5.0,4.0,1,20.0,4.0
EL5,GR,2.6666666666666665,Valid Party Vote,0.0,3.0,4.0,0,64.0,4.0
EL3,GR,3.3333333333333335,Refuse to Say,,5.0,4.0,1,71.0,4.0
EL5,GR,3.6666666666666665,Valid Party Vote,1.0,9.0,5.0,0,41.0,4.0
EL4,GR,2.0,Refuse to Say,,9.0,4.0,0,54.0,4.0
EL3,GR,9.0,Valid Party Vote,0.0,9.0,4.0,1,54.0,4.0
EL3,GR,1.3333333333333333,Valid Party Vote,0.0,2.0,3.0,1,35.0,4.0
EL5,GR,2.6666666666666665,Valid Party Vote,0.0,2.0,4.0,1,60.0,4.0
EL4,GR,5.333333333333333,Valid Party Vote,0.0,5.0,3.0,1,50.0,4.0
EL5,GR,3.0,Ineligible / Not Applicable,,5.0,2.0,1,78.0,4.0
EL6,GR,1.0,Refuse to Say,,2.0,4.0,1,,4.0
EL3,GR,0.6666666666666666,Valid Party Vote,0.0,4.0,2.0,1,74.0,4.0
EL5,GR,1.6666666666666667,Ineligible / Not Applicable,,10.0,2.0,1,57.0,4.0
EL5,GR,4.333333333333333,Valid Party Vote,0.0,5.0,1.0,1,84.0,4.0
EL4,GR,5.0,Valid Party Vote,0.0,7.0,7.0,0,34.0,4.0
EL4,GR,5.0,Valid Party Vote,0.0,6.0,3.0,0,56.0,4.0
EL5,GR,4.666666666666667,Ineligible / Not Applicable,,6.0,5.0,0,40.0,4.0
EL6,GR,4.333333333333333,Refuse to Say,,,6.0,1,36.0,4.0
EL5,GR,2.6666666666666665,Valid Party Vote,0.0,3.0,4.0,0,61.0,4.0
EL6,GR,3.0,Valid Party Vote,0.0,7.0,1.0,1,78.0,4.0
EL5,GR,4.0,Valid Party Vote,0.0,4.0,1.0,1,85.0,4.0
EL6,GR,3.3333333333333335,Valid Party Vote,0.0,2.0,6.0,1,37.0,4.0
EL5,GR,4.333333333333333,Refuse to Say,,8.0,2.0,0,56.0,4.0
EL5,GR,2.6666666666666665,Ineligible / Not Applicable,,3.0,6.0,1,77.0,4.0
EL5,GR,2.6666666666666665,Ineligible / Not Applicable,,2.0,1.0,1,82.0,4.0
EL3,GR,1.6666666666666667,Valid Party Vote,1.0,7.0,2.0,0,48.0,4.0
EL3,GR,1.6666666666666667,Valid Party Vote,0.0,5.0,1.0,1,71.0,4.0
EL3,GR,0.3333333333333333,Refuse to Say,,5.0,7.0,1,62.0,4.0
EL5,GR,3.6666666666666665,Valid Party Vote,0.0,5.0,6.0,0,26.0,4.0
EL3,GR,7.333333333333333,Valid Party Vote,0.0,2.0,2.0,0,63.0,4.0
EL3,GR,7.666666666666667,Refuse to Say,,5.0,4.0,0,24.0,4.0
EL6,GR,3.3333333333333335,Ineligible / Not Applicable,,5.0,6.0,1,49.0,4.0
EL6,GR,1.3333333333333333,Valid Party Vote,0.0,4.0,4.0,1,57.0,4.0
EL3,GR,3.6666666666666665,Valid Party Vote,0.0,6.0,4.0,1,51.0,4.0
EL5,GR,3.6666666666666665,Valid Party Vote,0.0,2.0,4.0,0,20.0,4.0
EL5,GR,5.0,Valid Party Vote,0.0,4.0,3.0,0,46.0,4.0
EL6,GR,2.6666666666666665,Valid Party Vote,0.0,4.0,3.0,0,67.0,4.0
EL4,GR,3.3333333333333335,Refuse to Say,,3.0,4.0,1,64.0,4.0
EL3,GR,4.333333333333333,Valid Party Vote,0.0,,4.0,1,67.0,4.0
EL5,GR,2.0,Ineligible / Not Applicable,,5.0,4.0,1,25.0,4.0
EL4,GR,6.333333333333333,Valid Party Vote,0.0,5.0,7.0,0,53.0,4.0
EL3,GR,1.6666666666666667,Ineligible / Not Applicable,,4.0,4.0,1,24.0,4.0
EL4,GR,3.6666666666666665,Valid Party Vote,0.0,4.0,1.0,0,51.0,4.0
EL6,GR,4.333333333333333,Refuse to Say,,7.0,4.0,0,60.0,4.0
EL3,GR,6.0,Valid Party Vote,0.0,4.0,4.0,0,64.0,4.0
EL5,GR,6.333333333333333,Valid Party Vote,0.0,7.0,7.0,0,52.0,4.0
EL6,GR,6.666666666666667,Valid Party Vote,0.0,3.0,4.0,0,24.0,4.0
EL5,GR,5.0,Valid Party Vote,0.0,3.0,6.0,0,75.0,4.0
EL5,GR,3.6666666666666665,Valid Party Vote,0.0,3.0,1.0,1,74.0,4.0
EL5,GR,4.666666666666667,Valid Party Vote,0.0,4.0,4.0,1,44.0,4.0
EL5,GR,4.0,Valid Party Vote,0.0,9.0,2.0,0,45.0,4.0
EL3,GR,5.0,Don't Know,,7.0,4.0,0,78.0,4.0
EL5,GR,4.0,Valid Party Vote,0.0,5.0,1.0,0,80.0,4.0
EL6,GR,4.666666666666667,Refuse to Say,,4.0,4.0,1,53.0,4.0
EL6,GR,5.0,Valid Party Vote,0.0,2.0,2.0,1,72.0,4.0
EL4,GR,3.0,Valid Party Vote,0.0,1.0,1.0,0,85.0,4.0
EL4,GR,3.6666666666666665,Valid Party Vote,0.0,5.0,6.0,1,37.0,4.0
EL4,GR,6.666666666666667,Ineligible / Not Applicable,,7.0,4.0,1,22.0,4.0
EL5,GR,3.0,Ineligible / Not Applicable,,3.0,4.0,0,19.0,4.0
EL5,GR,2.0,Ineligible / Not Applicable,,6.0,6.0,1,54.0,4.0
EL3,GR,2.3333333333333335,Ineligible / Not Applicable,,7.0,4.0,0,22.0,4.0
EL5,GR,5.666666666666667,Valid Party Vote,0.0,1.0,1.0,1,79.0,4.0
EL5,GR,7.0,Valid Party Vote,0.0,2.0,4.0,1,54.0,4.0
EL5,GR,3.0,Blank Ballot,0.0,4.0,4.0,1,62.0,4.0
EL3,GR,4.0,Valid Party Vote,0.0,5.0,6.0,0,41.0,4.0
EL3,GR,2.3333333333333335,Ineligible / Not Applicable,,7.0,4.0,1,34.0,4.0
EL5,GR,1.6666666666666667,Valid Party Vote,0.0,7.0,4.0,0,25.0,4.0
EL5,GR,4.0,Valid Party Vote,0.0,5.0,2.0,1,53.0,4.0
EL6,GR,6.666666666666667,Valid Party Vote,0.0,6.0,4.0,1,28.0,4.0
EL6,GR,3.0,Refuse to Say,,3.0,4.0,1,44.0,4.0
EL4,GR,5.666666666666667,Valid Party Vote,0.0,3.0,4.0,0,76.0,4.0
EL3,GR,6.333333333333333,Valid Party Vote,0.0,0.0,4.0,0,37.0,4.0
EL5,GR,3.6666666666666665,Valid Party Vote,0.0,1.0,1.0,1,83.0,4.0
EL4,GR,4.666666666666667,Valid Party Vote,0.0,7.0,1.0,1,61.0,4.0
EL5,GR,1.6666666666666667,Valid Party Vote,0.0,5.0,1.0,1,64.0,4.0
EL6,GR,2.3333333333333335,Valid Party Vote,0.0,0.0,1.0,1,82.0,4.0
EL6,GR,1.0,Valid Party Vote,0.0,4.0,2.0,0,59.0,4.0
EL4,GR,4.333333333333333,Refuse to Say,,5.0,4.0,0,54.0,4.0
EL3,GR,6.666666666666667,Valid Party Vote,0.0,6.0,4.0,0,75.0,4.0
EL5,GR,5.666666666666667,Valid Party Vote,0.0,2.0,4.0,1,52.0,4.0
EL6,GR,5.666666666666667,Valid Party Vote,0.0,2.0,4.0,0,86.0,4.0
EL5,GR,3.3333333333333335,Valid Party Vote,0.0,0.0,1.0,1,70.0,4.0
EL5,GR,5.333333333333333,Valid Party Vote,0.0,9.0,4.0,0,33.0,4.0
EL4,GR,5.666666666666667,Valid Party Vote,0.0,9.0,4.0,1,25.0,4.0
EL5,GR,2.3333333333333335,Refuse to Say,,3.0,7.0,0,26.0,4.0
EL6,GR,4.0,Valid Party Vote,0.0,0.0,1.0,1,77.0,4.0
EL5,GR,4.333333333333333,Valid Party Vote,0.0,6.0,4.0,0,46.0,4.0
EL3,GR,3.3333333333333335,Valid Party Vote,0.0,0.0,6.0,0,56.0,4.0
EL5,GR,5.333333333333333,Valid Party Vote,0.0,7.0,2.0,0,71.0,4.0
EL6,GR,4.0,Valid Party Vote,0.0,2.0,4.0,1,53.0,4.0
EL5,GR,4.333333333333333,Valid Party Vote,0.0,4.0,4.0,0,68.0,4.0
EL6,GR,5.333333333333333,Valid Party Vote,0.0,8.0,6.0,0,33.0,4.0
EL3,GR,5.333333333333333,Valid Party Vote,0.0,4.0,6.0,1,35.0,4.0
EL3,GR,4.333333333333333,Ineligible / Not Applicable,,6.0,4.0,0,32.0,4.0
EL6,GR,1.6666666666666667,Valid Party Vote,0.0,4.0,1.0,0,80.0,4.0
EL6,GR,4.666666666666667,Refuse to Say,,5.0,6.0,0,45.0,4.0
EL3,GR,6.333333333333333,Valid Party Vote,0.0,5.0,6.0,1,60.0,4.0
EL5,GR,2.6666666666666665,Valid Party Vote,0.0,9.0,4.0,1,52.0,4.0
EL3,GR,1.6666666666666667,Refuse to Say,,3.0,2.0,1,49.0,4.0
EL3,GR,8.0,Ineligible / Not Applicable,,8.0,4.0,0,42.0,4.0
EL6,GR,2.6666666666666665,Refuse to Say,,3.0,4.0,0,49.0,4.0
EL5,GR,3.3333333333333335,Ineligible / Not Applicable,,8.0,7.0,1,33.0,4.0
EL6,GR,1.3333333333333333,Refuse to Say,,2.0,6.0,0,56.0,4.0
EL6,GR,2.0,Valid Party Vote,0.0,4.0,1.0,1,61.0,4.0
EL6,GR,0.6666666666666666,Valid Party Vote,0.0,2.0,2.0,1,54.0,4.0
EL6,GR,7.666666666666667,Valid Party Vote,0.0,,4.0,1,53.0,4.0
EL5,GR,1.3333333333333333,Refuse to Say,,3.0,2.0,0,70.0,4.0
EL6,GR,2.3333333333333335,Valid Party Vote,0.0,3.0,5.0,1,29.0,4.0
EL3,GR,3.6666666666666665,Ineligible / Not Applicable,,0.0,4.0,1,75.0,4.0
EL3,GR,3.6666666666666665,Valid Party Vote,0.0,5.0,6.0,0,58.0,4.0
EL4,GR,1.3333333333333333,Ineligible / Not Applicable,,9.0,1.0,0,52.0,4.0
EL5,GR,4.333333333333333,Valid Party Vote,0.0,4.0,7.0,1,38.0,4.0
EL5,GR,5.0,Valid Party Vote,0.0,6.0,5.0,1,35.0,4.0
EL3,GR,5.0,Valid Party Vote,0.0,5.0,4.0,0,59.0,4.0
EL4,GR,5.0,Valid Party Vote,0.0,1.0,6.0,0,40.0,4.0
EL5,GR,3.3333333333333335,Valid Party Vote,0.0,2.0,5.0,1,52.0,4.0
EL3,GR,3.0,Ineligible / Not Applicable,,6.0,5.0,1,54.0,4.0
EL3,GR,4.333333333333333,Valid Party Vote,0.0,6.0,4.0,1,64.0,4.0
EL3,GR,5.666666666666667,Valid Party Vote,0.0,2.0,4.0,1,42.0,4.0
EL5,GR,6.333333333333333,Valid Party Vote,0.0,6.0,4.0,1,44.0,4.0
EL6,GR,2.6666666666666665,Ineligible / Not Applicable,,10.0,1.0,0,36.0,4.0
EL5,GR,2.6666666666666665,Refuse to Say,,2.0,5.0,1,70.0,4.0
EL4,GR,5.666666666666667,Valid Party Vote,0.0,5.0,6.0,0,57.0,4.0
EL6,GR,1.6666666666666667,Ineligible / Not Applicable,,1.0,1.0,0,79.0,4.0
EL6,GR,1.0,Refuse to Say,,4.0,2.0,0,60.0,4.0
EL3,GR,4.0,Ineligible / Not Applicable,,1.0,4.0,0,28.0,4.0
EL3,GR,3.0,Refuse to Say,,1.0,3.0,1,40.0,4.0
EL6,GR,2.0,Refuse to Say,,3.0,4.0,1,28.0,4.0
EL4,GR,5.333333333333333,Valid Party Vote,0.0,6.0,6.0,0,36.0,4.0
EL5,GR,4.666666666666667,Valid Party Vote,0.0,4.0,6.0,0,24.0,4.0
EL3,GR,3.6666666666666665,Valid Party Vote,0.0,2.0,4.0,1,22.0,4.0
EL3,GR,3.6666666666666665,Valid Party Vote,0.0,2.0,6.0,0,34.0,4.0
ITC,IT,4.0,Valid Party Vote,0.0,7.0,7.0,1,29.0,0.0
ITF,IT,5.666666666666667,Valid Party Vote,1.0,3.0,2.0,1,47.0,4.0
EL5,GR,5.0,Refuse to Say,,10.0,2.0,1,18.0,4.0
EL6,GR,5.0,Valid Party Vote,0.0,7.0,6.0,1,39.0,4.0
EL3,GR,1.6666666666666667,Valid Party Vote,0.0,7.0,6.0,0,77.0,4.0
EL5,GR,2.6666666666666665,Ineligible / Not Applicable,,8.0,4.0,0,59.0,4.0
EL4,GR,2.0,Refuse to Say,,4.0,7.0,1,29.0,4.0
EL3,GR,2.3333333333333335,Valid Party Vote,0.0,3.0,6.0,1,46.0,4.0
EL6,GR,4.666666666666667,Valid Party Vote,1.0,2.0,4.0,0,47.0,4.0
EL4,GR,3.0,Ineligible / Not Applicable,,4.0,2.0,1,57.0,4.0
EL4,GR,5.666666666666667,Valid Party Vote,0.0,8.0,4.0,0,54.0,4.0
EL6,GR,3.5,Refuse to Say,,5.0,4.0,0,26.0,4.0
EL6,GR,5.0,Valid Party Vote,0.0,2.0,6.0,1,52.0,4.0
EL6,GR,6.333333333333333,Valid Party Vote,0.0,3.0,6.0,0,59.0,4.0
EL5,GR,5.0,Valid Party Vote,0.0,5.0,4.0,0,64.0,4.0
EL5,GR,3.0,Valid Party Vote,0.0,5.0,4.0,1,57.0,4.0
EL4,GR,4.666666666666667,Refuse to Say,,5.0,6.0,0,36.0,4.0
EL6,GR,2.6666666666666665,Refuse to Say,,,6.0,1,30.0,4.0
EL5,GR,2.3333333333333335,Valid Party Vote,1.0,3.0,4.0,0,39.0,4.0
EL3,GR,1.6666666666666667,Valid Party Vote,0.0,,4.0,0,61.0,4.0
EL6,GR,4.666666666666667,Valid Party Vote,0.0,4.0,6.0,1,31.0,4.0
EL3,GR,4.333333333333333,Valid Party Vote,0.0,8.0,4.0,1,29.0,4.0
EL6,GR,4.0,Valid Party Vote,1.0,1.0,6.0,0,34.0,4.0
EL5,GR,3.0,Valid Party Vote,0.0,4.0,4.0,1,44.0,4.0
EL6,GR,3.6666666666666665,Valid Party Vote,0.0,2.0,2.0,0,58.0,4.0
EL3,GR,5.0,Ineligible / Not Applicable,,,4.0,0,40.0,4.0
EL6,GR,2.6666666666666665,Valid Party Vote,0.0,1.0,3.0,0,23.0,4.0
EL3,GR,5.666666666666667,Valid Party Vote,0.0,4.0,5.0,1,49.0,4.0
EL6,GR,4.333333333333333,Refuse to Say,,5.0,4.0,1,45.0,4.0
EL6,GR,2.3333333333333335,Ineligible / Not Applicable,,3.0,1.0,1,89.0,4.0
EL3,GR,2.3333333333333335,Ineligible / Not Applicable,,1.0,4.0,0,62.0,4.0
EL3,GR,3.6666666666666665,Ineligible / Not Applicable,,2.0,2.0,0,75.0,4.0
EL3,GR,4.0,Ineligible / Not Applicable,,5.0,6.0,0,59.0,4.0
EL3,GR,3.3333333333333335,Ineligible / Not Applicable,,5.0,6.0,1,54.0,4.0
EL6,GR,2.6666666666666665,Valid Party Vote,0.0,3.0,2.0,0,60.0,4.0
EL4,GR,4.666666666666667,Valid Party Vote,0.0,5.0,6.0,1,28.0,4.0
EL3,GR,3.3333333333333335,Valid Party Vote,0.0,8.0,3.0,0,60.0,4.0
EL3,GR,6.0,Valid Party Vote,0.0,5.0,4.0,1,41.0,4.0
EL5,GR,3.0,Refuse to Say,,3.0,4.0,0,56.0,4.0
EL5,GR,5.333333333333333,Valid Party Vote,0.0,4.0,3.0,1,25.0,4.0
EL5,GR,1.6666666666666667,Valid Party Vote,0.0,1.0,1.0,0,78.0,4.0
EL3,GR,4.666666666666667,Ineligible / Not Applicable,,2.0,4.0,1,44.0,4.0
EL6,GR,2.0,Valid Party Vote,0.0,5.0,6.0,1,54.0,4.0
EL3,GR,1.0,Ineligible / Not Applicable,,10.0,4.0,0,45.0,4.0
EL6,GR,4.666666666666667,Valid Party Vote,0.0,5.0,4.0,1,37.0,4.0
EL3,GR,2.6666666666666665,Valid Party Vote,1.0,2.0,4.0,0,47.0,4.0
EL5,GR,0.6666666666666666,Ineligible / Not Applicable,,4.0,4.0,0,36.0,4.0
EL3,GR,2.0,Ineligible / Not Applicable,,3.0,6.0,1,24.0,4.0
EL6,GR,2.0,Refuse to Say,,2.0,6.0,0,23.0,4.0
EL3,GR,5.666666666666667,Refuse to Say,,0.0,6.0,0,33.0,4.0
EL3,GR,3.6666666666666665,Valid Party Vote,0.0,6.0,4.0,1,67.0,4.0
EL6,GR,1.3333333333333333,Valid Party Vote,0.0,0.0,4.0,1,44.0,4.0
EL3,GR,1.0,Valid Party Vote,0.0,5.0,5.0,1,37.0,4.0
EL5,GR,1.6666666666666667,Valid Party Vote,0.0,6.0,1.0,1,73.0,4.0
EL3,GR,2.6666666666666665,Valid Party Vote,0.0,5.0,3.0,1,27.0,4.0
EL6,GR,5.666666666666667,Valid Party Vote,0.0,3.0,6.0,1,38.0,4.0
EL5,GR,4.0,Valid Party Vote,0.0,3.0,4.0,1,52.0,4.0
EL3,GR,5.0,Valid Party Vote,0.0,3.0,1.0,1,50.0,4.0
EL3,GR,7.666666666666667,Valid Party Vote,0.0,0.0,2.0,1,75.0,4.0
EL4,GR,2.3333333333333335,Don't Know,,0.0,2.0,0,24.0,4.0
EL6,GR,2.6666666666666665,Valid Party Vote,0.0,5.0,6.0,0,68.0,4.0
EL6,GR,9.0,Valid Party Vote,0.0,5.0,5.0,0,36.0,4.0
EL6,GR,5.0,Valid Party Vote,0.0,4.0,5.0,1,24.0,4.0
EL6,GR,2.3333333333333335,Valid Party Vote,0.0,3.0,6.0,1,58.0,4.0
EL6,GR,3.3333333333333335,Valid Party Vote,0.0,6.0,1.0,1,72.0,4.0
EL3,GR,8.333333333333334,Valid Party Vote,0.0,3.0,6.0,1,38.0,4.0
EL5,GR,2.6666666666666665,Ineligible / Not Applicable,,3.0,4.0,0,39.0,4.0
EL5,GR,2.6666666666666665,Valid Party Vote,0.0,3.0,4.0,0,54.0,4.0
EL3,GR,4.0,Ineligible / Not Applicable,,5.0,2.0,1,47.0,4.0
EL3,GR,3.0,Ineligible / Not Applicable,,0.0,6.0,1,62.0,4.0
EL6,GR,5.0,Ineligible / Not Applicable,,5.0,2.0,0,16.0,4.0
EL5,GR,4.0,Valid Party Vote,0.0,1.0,1.0,1,75.0,4.0
EL5,GR,4.666666666666667,Valid Party Vote,0.0,6.0,4.0,0,57.0,4.0
EL5,GR,6.0,Valid Party Vote,0.0,7.0,4.0,0,35.0,4.0
EL3,GR,5.333333333333333,Valid Party Vote,0.0,5.0,4.0,0,34.0,4.0
EL5,GR,5.666666666666667,Valid Party Vote,0.0,3.0,4.0,0,48.0,4.0
EL3,GR,7.0,Ineligible / Not Applicable,,5.0,6.0,0,27.0,4.0
EL3,GR,5.333333333333333,Valid Party Vote,0.0,5.0,4.0,0,83.0,4.0
EL3,GR,4.333333333333333,Valid Party Vote,0.0,6.0,2.0,1,69.0,4.0
EL3,GR,3.3333333333333335,Ineligible / Not Applicable,,4.0,4.0,0,22.0,4.0
EL6,GR,1.6666666666666667,Valid Party Vote,0.0,4.0,6.0,1,48.0,4.0
EL5,GR,3.6666666666666665,Valid Party Vote,0.0,7.0,4.0,1,21.0,4.0
EL4,GR,5.666666666666667,Refuse to Say,,5.0,6.0,1,35.0,4.0
EL3,GR,2.0,Valid Party Vote,0.0,3.0,6.0,1,56.0,4.0
EL3,GR,1.0,Valid Party Vote,1.0,2.0,4.0,0,37.0,4.0
EL6,GR,1.6666666666666667,Valid Party Vote,0.0,0.0,1.0,1,74.0,4.0
EL3,GR,0.0,Refuse to Say,,7.0,4.0,1,65.0,4.0
EL4,GR,4.333333333333333,Valid Party Vote,0.0,1.0,4.0,0,71.0,4.0
EL6,GR,5.333333333333333,Valid Party Vote,0.0,5.0,2.0,1,50.0,4.0
EL6,GR,3.6666666666666665,Valid Party Vote,0.0,2.0,4.0,0,59.0,4.0
EL3,GR,0.0,Valid Party Vote,0.0,5.0,4.0,1,23.0,4.0
EL6,GR,2.6666666666666665,Refuse to Say,,3.0,6.0,0,55.0,4.0
EL5,GR,3.6666666666666665,Ineligible / Not Applicable,,3.0,4.0,0,75.0,4.0
EL3,GR,6.0,Valid Party Vote,1.0,3.0,4.0,1,52.0,4.0
EL6,GR,2.6666666666666665,Valid Party Vote,0.0,1.0,1.0,1,88.0,4.0
EL3,GR,1.3333333333333333,Ineligible / Not Applicable,,7.0,6.0,0,51.0,4.0
EL5,GR,3.3333333333333335,Valid Party Vote,0.0,5.0,5.0,0,45.0,4.0
EL4,GR,4.666666666666667,Valid Party Vote,0.0,5.0,6.0,0,31.0,4.0
EL6,GR,1.6666666666666667,Refuse to Say,,5.0,6.0,1,48.0,4.0
EL5,GR,3.0,Refuse to Say,,4.0,4.0,0,50.0,4.0
EL3,GR,6.0,Refuse to Say,,5.0,4.0,1,82.0,4.0
EL6,GR,4.333333333333333,Valid Party Vote,0.0,1.0,4.0,0,74.0,4.0
EL5,GR,4.0,Valid Party Vote,0.0,6.0,5.0,1,34.0,4.0
EL3,GR,0.0,Valid Party Vote,0.0,6.0,7.0,1,36.0,4.0
EL3,GR,5.333333333333333,Valid Party Vote,0.0,5.0,4.0,0,34.0,4.0
EL5,GR,2.6666666666666665,Valid Party Vote,0.0,,4.0,0,62.0,4.0
EL5,GR,4.666666666666667,Valid Party Vote,0.0,2.0,1.0,1,72.0,4.0
EL5,GR,1.0,Ineligible / Not Applicable,,4.0,1.0,1,68.0,4.0
EL3,GR,3.3333333333333335,Valid Party Vote,0.0,4.0,4.0,1,54.0,4.0
EL5,GR,4.333333333333333,Valid Party Vote,0.0,1.0,4.0,1,60.0,4.0
EL6,GR,1.3333333333333333,Ineligible / Not Applicable,,2.0,1.0,0,72.0,4.0
ITC,IT,5.0,Valid Party Vote,0.0,4.0,4.0,0,39.0,0.0
ITC,IT,6.0,Valid Party Vote,0.0,9.0,4.0,1,47.0,0.0
ITC,IT,1.6666666666666667,Ineligible / Not Applicable,,0.0,2.0,1,50.0,0.0
ITF,IT,3.3333333333333335,Refuse to Say,,,2.0,0,44.0,4.0
ITI,IT,3.3333333333333335,Valid Party Vote,1.0,3.0,7.0,1,58.0,0.0
ITI,IT,5.333333333333333,Valid Party Vote,0.0,6.0,7.0,1,45.0,0.0
ITF,IT,0.0,Ineligible / Not Applicable,,,4.0,1,30.0,4.0
ITG,IT,6.333333333333333,Valid Party Vote,1.0,2.0,4.0,0,37.0,4.0
ITC,IT,0.3333333333333333,Refuse to Say,,5.0,4.0,1,64.0,0.0
ITI,IT,6.333333333333333,Ineligible / Not Applicable,,4.0,4.0,1,74.0,0.0
ITF,IT,1.0,Ineligible / Not Applicable,,1.0,1.0,1,84.0,4.0
ITC,IT,3.3333333333333335,Refuse to Say,,6.0,2.0,1,70.0,0.0
ITH,IT,,Ineligible / Not Applicable,,,2.0,1,35.0,0.0
ITF,IT,2.0,Valid Party Vote,1.0,2.0,4.0,0,43.0,4.0
ITF,IT,6.333333333333333,Refuse to Say,,3.0,2.0,0,65.0,4.0
ITI,IT,7.0,Valid Party Vote,0.0,4.0,4.0,0,56.0,0.0
ITF,IT,4.666666666666667,Ineligible / Not Applicable,,4.0,1.0,0,87.0,4.0
ITF,IT,1.3333333333333333,Ineligible / Not Applicable,,7.0,1.0,1,72.0,4.0
ITC,IT,5.0,Refuse to Say,,5.0,4.0,1,53.0,0.0
ITF,IT,2.0,Ineligible / Not Applicable,,5.0,4.0,1,39.0,4.0
ITF,IT,2.6666666666666665,Ineligible / Not Applicable,,5.0,4.0,1,26.0,4.0
ITH,IT,5.666666666666667,Valid Party Vote,0.0,7.0,7.0,0,43.0,0.0
ITG,IT,3.6666666666666665,Refuse to Say,,4.0,7.0,1,29.0,4.0
ITC,IT,6.666666666666667,Refuse to Say,,6.0,7.0,1,63.0,0.0
ITC,IT,5.333333333333333,Ineligible / Not Applicable,,3.0,6.0,0,25.0,0.0
ITI,IT,6.666666666666667,Valid Party Vote,1.0,2.0,2.0,1,53.0,0.0
ITG,IT,0.0,Refuse to Say,,0.0,,1,,4.0
ITH,IT,4.666666666666667,Valid Party Vote,0.0,5.0,1.0,1,84.0,0.0
ITH,IT,5.666666666666667,Refuse to Say,,7.0,7.0,1,28.0,0.0
ITC,IT,2.0,Ineligible / Not Applicable,,1.0,4.0,0,68.0,0.0
ITF,IT,3.3333333333333335,Valid Party Vote,0.0,2.0,2.0,1,33.0,4.0
ITG,IT,5.333333333333333,Refuse to Say,,,,0,45.0,4.0
ITF,IT,5.0,Valid Party Vote,0.0,6.0,4.0,1,20.0,4.0
ITC,IT,6.333333333333333,Valid Party Vote,1.0,3.0,4.0,1,55.0,0.0
ITF,IT,6.666666666666667,Ineligible / Not Applicable,,4.0,2.0,0,76.0,4.0
ITC,IT,7.0,Valid Party Vote,0.0,3.0,4.0,1,22.0,0.0
ITI,IT,2.0,Don't Know,,2.0,2.0,1,67.0,0.0
ITC,IT,4.666666666666667,Refuse to Say,,5.0,3.0,0,64.0,0.0
ITI,IT,2.0,Ineligible / Not Applicable,,6.0,1.0,0,42.0,0.0
ITI,IT,5.0,Ineligible / Not Applicable,,9.0,2.0,0,,0.0
ITC,IT,6.666666666666667,Valid Party Vote,0.0,3.0,6.0,1,44.0,0.0
ITF,IT,6.666666666666667,Ineligible / Not Applicable,,7.0,4.0,0,26.0,4.0
ITC,IT,6.0,Valid Party Vote,1.0,3.0,2.0,1,60.0,0.0
ITF,IT,1.0,Valid Party Vote,0.0,6.0,4.0,1,71.0,4.0
ITH,IT,4.0,Refuse to Say,,7.0,7.0,1,47.0,0.0
ITF,IT,3.3333333333333335,Valid Party Vote,0.0,8.0,4.0,0,70.0,4.0
ITF,IT,7.333333333333333,Valid Party Vote,0.0,5.0,2.0,1,56.0,4.0
ITC,IT,5.0,Valid Party Vote,1.0,1.0,2.0,0,71.0,0.0
ITG,IT,4.333333333333333,Refuse to Say,,5.0,2.0,1,62.0,4.0
ITG,IT,1.6666666666666667,Refuse to Say,,0.0,2.0,0,41.0,4.0
ITC,IT,1.6666666666666667,Refuse to Say,,5.0,4.0,1,47.0,0.0
ITH,IT,4.666666666666667,Valid Party Vote,0.0,7.0,2.0,0,85.0,0.0
ITF,IT,3.3333333333333335,Valid Party Vote,0.0,5.0,2.0,1,89.0,4.0
ITC,IT,6.0,Ineligible / Not Applicable,,10.0,5.0,1,22.0,0.0
ITH,IT,5.0,Refuse to Say,,,2.0,0,64.0,0.0
ITH,IT,0.3333333333333333,Valid Party Vote,1.0,0.0,4.0,1,62.0,0.0
ITC,IT,2.6666666666666665,Ineligible / Not Applicable,,5.0,3.0,0,70.0,0.0
ITF,IT,5.0,Valid Party Vote,0.0,0.0,2.0,0,83.0,4.0
ITI,IT,4.666666666666667,Valid Party Vote,1.0,3.0,4.0,1,50.0,0.0
ITC,IT,5.666666666666667,Ineligible / Not Applicable,,6.0,2.0,1,15.0,0.0
ITI,IT,6.666666666666667,Ineligible / Not Applicable,,4.0,2.0,0,56.0,0.0
ITF,IT,7.0,Valid Party Vote,1.0,4.0,4.0,0,56.0,4.0
ITH,IT,6.666666666666667,Ineligible / Not Applicable,,4.0,4.0,1,65.0,0.0
ITG,IT,4.0,Valid Party Vote,0.0,5.0,2.0,1,57.0,4.0
ITH,IT,3.6666666666666665,Valid Party Vote,0.0,6.0,4.0,0,45.0,0.0
ITG,IT,3.3333333333333335,Valid Party Vote,0.0,5.0,2.0,1,63.0,4.0
ITF,IT,3.6666666666666665,Refuse to Say,,3.0,1.0,0,76.0,4.0
ITC,IT,6.333333333333333,Valid Party Vote,1.0,3.0,4.0,1,62.0,0.0
ITF,IT,4.333333333333333,Valid Party Vote,0.0,7.0,2.0,0,78.0,4.0
ITG,IT,2.3333333333333335,Valid Party Vote,0.0,4.0,2.0,1,56.0,4.0
ITF,IT,5.333333333333333,Refuse to Say,,4.0,1.0,0,80.0,4.0
ITI,IT,5.333333333333333,Valid Party Vote,1.0,0.0,4.0,1,66.0,0.0
ITH,IT,6.0,Refuse to Say,,7.0,2.0,1,76.0,0.0
ITH,IT,4.0,Ineligible / Not Applicable,,5.0,4.0,1,65.0,0.0
ITH,IT,5.333333333333333,Valid Party Vote,1.0,0.0,2.0,0,67.0,0.0
ITC,IT,4.0,Refuse to Say,,5.0,6.0,0,24.0,0.0
ITH,IT,4.333333333333333,Ineligible / Not Applicable,,5.0,4.0,1,30.0,0.0
ITF,IT,5.333333333333333,Ineligible / Not Applicable,,3.0,2.0,1,75.0,4.0
ITI,IT,7.0,Ineligible / Not Applicable,,3.0,1.0,1,89.0,0.0
ITC,IT,4.666666666666667,Refuse to Say,,6.0,4.0,0,44.0,0.0
ITI,IT,4.666666666666667,Valid Party Vote,0.0,6.0,7.0,1,30.0,0.0
ITC,IT,6.0,Valid Party Vote,0.0,6.0,7.0,0,82.0,0.0
ITH,IT,5.0,Valid Party Vote,1.0,4.0,2.0,1,52.0,0.0
ITF,IT,3.6666666666666665,Valid Party Vote,0.0,5.0,3.0,0,70.0,4.0
ITH,IT,6.666666666666667,Valid Party Vote,1.0,0.0,4.0,0,78.0,0.0
ITC,IT,6.0,Valid Party Vote,0.0,5.0,2.0,0,50.0,0.0
ITF,IT,2.6666666666666665,Refuse to Say,,3.0,1.0,1,77.0,4.0
ITH,IT,2.3333333333333335,Ineligible / Not Applicable,,0.0,3.0,0,54.0,0.0
ITH,IT,4.666666666666667,Valid Party Vote,0.0,5.0,1.0,1,89.0,0.0
ITC,IT,5.333333333333333,Refuse to Say,,5.0,7.0,1,40.0,0.0
ITF,IT,4.333333333333333,Ineligible / Not Applicable,,7.0,2.0,1,16.0,4.0
ITC,IT,4.666666666666667,Ineligible / Not Applicable,,5.0,2.0,1,62.0,0.0
ITC,IT,4.0,Refuse to Say,,6.0,3.0,0,71.0,0.0
ITH,IT,7.0,Valid Party Vote,0.0,6.0,2.0,0,67.0,0.0
ITH,IT,1.6666666666666667,Ineligible / Not Applicable,,2.0,4.0,0,28.0,0.0
ITC,IT,7.333333333333333,Valid Party Vote,1.0,7.0,7.0,0,26.0,0.0
ITF,IT,0.0,Refuse to Say,,2.0,2.0,1,55.0,4.0
ITI,IT,7.333333333333333,Valid Party Vote,1.0,0.0,2.0,1,60.0,0.0
ITI,IT,8.333333333333334,Ineligible / Not Applicable,,8.0,4.0,0,22.0,0.0
ITH,IT,5.333333333333333,Refuse to Say,,4.0,2.0,1,73.0,0.0
ITG,IT,2.6666666666666665,Ineligible / Not Applicable,,3.0,2.0,0,69.0,4.0
ITF,IT,5.666666666666667,Refuse to Say,,6.0,7.0,0,49.0,4.0
ITC,IT,6.333333333333333,Valid Party Vote,0.0,5.0,2.0,1,75.0,0.0
ITC,IT,6.0,Valid Party Vote,1.0,5.0,5.0,1,22.0,0.0
ITI,IT,6.666666666666667,Refuse to Say,,7.0,7.0,0,41.0,0.0
ITC,IT,5.333333333333333,Valid Party Vote,0.0,5.0,6.0,1,34.0,0.0
ITG,IT,6.666666666666667,Valid Party Vote,1.0,1.0,3.0,0,63.0,4.0
ITI,IT,2.3333333333333335,Ineligible / Not Applicable,,10.0,2.0,0,16.0,0.0
ITI,IT,4.333333333333333,Refuse to Say,,4.0,6.0,0,51.0,0.0
ITF,IT,7.0,Ineligible / Not Applicable,,5.0,1.0,0,37.0,4.0
ITF,IT,3.0,Valid Party Vote,1.0,5.0,4.0,1,44.0,4.0
ITC,IT,2.0,Valid Party Vote,0.0,0.0,3.0,1,62.0,0.0
ITC,IT,0.0,Ineligible / Not Applicable,,0.0,2.0,0,83.0,0.0
ITH,IT,3.0,Refuse to Say,,4.0,2.0,0,75.0,0.0
ITG,IT,0.0,Refuse to Say,,0.0,,0,57.0,4.0
ITH,IT,7.333333333333333,Valid Party Vote,0.0,6.0,4.0,0,71.0,0.0
ITH,IT,7.0,Valid Party Vote,0.0,,1.0,0,80.0,0.0
ITG,IT,2.3333333333333335,Valid Party Vote,1.0,,2.0,1,68.0,4.0
ITF,IT,3.0,Ineligible / Not Applicable,,5.0,2.0,1,61.0,4.0
ITG,IT,4.333333333333333,Valid Party Vote,0.0,5.0,2.0,1,48.0,4.0
ITI,IT,4.0,Ineligible / Not Applicable,,5.0,4.0,1,21.0,0.0
ITF,IT,,Ineligible / Not Applicable,,8.0,2.0,1,19.0,4.0
ITC,IT,4.666666666666667,Refuse to Say,,5.0,4.0,0,53.0,0.0
ITC,IT,5.666666666666667,Valid Party Vote,1.0,9.0,6.0,1,31.0,0.0
ITI,IT,5.333333333333333,Ineligible / Not Applicable,,6.0,3.0,1,49.0,0.0
ITG,IT,5.0,Don't Know,,0.0,4.0,1,74.0,4.0
ITG,IT,6.333333333333333,Valid Party Vote,0.0,10.0,4.0,0,49.0,4.0
ITC,IT,0.3333333333333333,Valid Party Vote,1.0,5.0,2.0,1,52.0,0.0
ITI,IT,2.6666666666666665,Ineligible / Not Applicable,,3.0,2.0,1,69.0,0.0
ITC,IT,7.0,Valid Party Vote,1.0,8.0,6.0,0,40.0,0.0
ITC,IT,1.3333333333333333,Valid Party Vote,1.0,0.0,5.0,0,44.0,0.0
ITF,IT,5.666666666666667,Ineligible / Not Applicable,,3.0,1.0,0,80.0,4.0
ITH,IT,5.333333333333333,Valid Party Vote,0.0,3.0,1.0,1,68.0,0.0
ITI,IT,5.333333333333333,Valid Party Vote,1.0,4.0,4.0,1,64.0,0.0
ITF,IT,5.0,Valid Party Vote,1.0,5.0,4.0,0,73.0,4.0
ITC,IT,4.0,Valid Party Vote,0.0,7.0,7.0,0,56.0,0.0
ITC,IT,5.666666666666667,Valid Party Vote,1.0,3.0,6.0,0,32.0,0.0
ITI,IT,5.333333333333333,Ineligible / Not Applicable,,2.0,2.0,1,59.0,0.0
ITC,IT,5.666666666666667,Valid Party Vote,0.0,8.0,3.0,0,63.0,0.0
ITI,IT,6.5,Refuse to Say,,,7.0,1,31.0,0.0
ITI,IT,3.3333333333333335,Refuse to Say,,6.0,4.0,0,61.0,0.0
ITI,IT,6.333333333333333,Ineligible / Not Applicable,,9.0,2.0,0,44.0,0.0
ITI,IT,6.333333333333333,Ineligible / Not Applicable,,4.0,4.0,1,42.0,0.0
ITG,IT,5.333333333333333,Refuse to Say,,6.0,4.0,1,24.0,4.0
ITC,IT,3.6666666666666665,Refuse to Say,,4.0,2.0,1,74.0,0.0
ITF,IT,4.0,Ineligible / Not Applicable,,5.0,2.0,0,17.0,4.0
ITH,IT,7.666666666666667,Valid Party Vote,0.0,8.0,2.0,0,52.0,0.0
ITH,IT,5.0,Ineligible / Not Applicable,,6.0,6.0,1,32.0,0.0
ITF,IT,5.0,Valid Party Vote,0.0,6.0,2.0,0,76.0,4.0
ITC,IT,4.666666666666667,Refuse to Say,,5.0,4.0,1,65.0,0.0
ITH,IT,3.6666666666666665,Valid Party Vote,0.0,5.0,4.0,0,22.0,0.0
ITH,IT,5.0,Don't Know,,10.0,4.0,0,64.0,0.0
ITF,IT,0.0,Refuse to Say,,0.0,2.0,1,61.0,4.0
ITC,IT,5.0,Valid Party Vote,1.0,5.0,4.0,1,19.0,0.0
ITF,IT,2.6666666666666665,Ineligible / Not Applicable,,5.0,4.0,0,41.0,4.0
ITH,IT,3.6666666666666665,Valid Party Vote,1.0,3.0,4.0,1,22.0,0.0
ITG,IT,6.0,Valid Party Vote,0.0,5.0,4.0,1,54.0,4.0
ITI,IT,7.333333333333333,Ineligible / Not Applicable,,9.0,2.0,0,17.0,0.0
ITC,IT,5.333333333333333,Valid Party Vote,0.0,4.0,1.0,0,89.0,0.0
ITC,IT,3.6666666666666665,Ineligible / Not Applicable,,3.0,4.0,1,27.0,0.0
ITH,IT,5.0,Valid Party Vote,0.0,5.0,2.0,0,59.0,0.0
ITG,IT,1.6666666666666667,Don't Know,,5.0,4.0,1,67.0,4.0
ITF,IT,4.333333333333333,Refuse to Say,,2.0,2.0,0,70.0,4.0
ITC,IT,5.666666666666667,Valid Party Vote,1.0,2.0,6.0,1,29.0,0.0
ITC,IT,6.333333333333333,Ineligible / Not Applicable,,4.0,4.0,1,30.0,0.0
ITI,IT,4.333333333333333,Ineligible / Not Applicable,,3.0,2.0,1,16.0,0.0
ITH,IT,1.3333333333333333,Don't Know,,0.0,1.0,0,81.0,0.0
ITG,IT,1.0,Ineligible / Not Applicable,,6.0,2.0,0,65.0,4.0
ITC,IT,7.0,Valid Party Vote,1.0,,7.0,1,61.0,0.0
ITI,IT,5.333333333333333,Valid Party Vote,1.0,5.0,2.0,0,43.0,0.0
ITI,IT,5.666666666666667,Ineligible / Not Applicable,,4.0,2.0,1,42.0,0.0
ITC,IT,4.666666666666667,Valid Party Vote,0.0,6.0,4.0,0,77.0,0.0
ITC,IT,9.0,Ineligible / Not Applicable,,10.0,4.0,0,20.0,0.0
ITC,IT,6.666666666666667,Refuse to Say,,5.0,4.0,0,53.0,0.0
ITF,IT,1.6666666666666667,Don't Know,,2.0,1.0,1,62.0,4.0
ITI,IT,7.0,Ineligible / Not Applicable,,8.0,4.0,1,36.0,0.0
ITF,IT,6.333333333333333,Ineligible / Not Applicable,,7.0,,1,34.0,4.0
ITF,IT,4.0,Don't Know,,0.0,1.0,0,76.0,4.0
ITH,IT,7.666666666666667,Valid Party Vote,1.0,10.0,4.0,1,50.0,0.0
ITH,IT,3.0,Ineligible / Not Applicable,,4.0,4.0,0,55.0,0.0
ITH,IT,5.333333333333333,Ineligible / Not Applicable,,4.0,2.0,1,64.0,0.0
ITC,IT,5.333333333333333,Ineligible / Not Applicable,,6.0,4.0,1,50.0,0.0
ITI,IT,3.6666666666666665,Ineligible / Not Applicable,,2.0,2.0,1,87.0,0.0
ITH,IT,5.0,Valid Party Vote,0.0,4.0,4.0,0,19.0,0.0
ITF,IT,0.3333333333333333,Ineligible / Not Applicable,,3.0,2.0,0,70.0,4.0
ITC,IT,6.0,Valid Party Vote,0.0,2.0,6.0,0,30.0,0.0
ITF,IT,4.666666666666667,Valid Party Vote,1.0,5.0,6.0,0,27.0,4.0
ITI,IT,6.666666666666667,Valid Party Vote,0.0,3.0,4.0,0,56.0,0.0
ITG,IT,3.6666666666666665,Valid Party Vote,0.0,3.0,4.0,0,43.0,4.0
ITI,IT,4.333333333333333,Valid Party Vote,1.0,4.0,3.0,0,50.0,0.0
ITC,IT,4.333333333333333,Valid Party Vote,1.0,0.0,2.0,0,69.0,0.0
ITG,IT,2.0,Ineligible / Not Applicable,,6.0,4.0,1,49.0,4.0
ITC,IT,6.666666666666667,Valid Party Vote,0.0,6.0,4.0,0,62.0,0.0
ITG,IT,1.3333333333333333,Refuse to Say,,3.0,3.0,1,25.0,4.0
ITC,IT,6.0,Valid Party Vote,1.0,1.0,2.0,0,62.0,0.0
ITC,IT,7.0,Valid Party Vote,1.0,4.0,7.0,1,46.0,0.0
ITG,IT,3.6666666666666665,Refuse to Say,,4.0,4.0,1,64.0,4.0
ITC,IT,6.333333333333333,Valid Party Vote,0.0,5.0,4.0,0,63.0,0.0
ITF,IT,2.0,Ineligible / Not Applicable,,7.0,3.0,1,74.0,4.0
ITH,IT,8.0,Valid Party Vote,0.0,6.0,1.0,1,76.0,0.0
ITH,IT,4.0,Valid Party Vote,0.0,6.0,4.0,1,53.0,0.0
ITC,IT,4.666666666666667,Valid Party Vote,0.0,6.0,5.0,0,44.0,0.0
ITC,IT,1.0,Refuse to Say,,5.0,7.0,0,35.0,0.0
ITF,IT,2.0,Valid Party Vote,0.0,5.0,4.0,0,37.0,4.0
ITF,IT,5.666666666666667,Valid Party Vote,0.0,6.0,7.0,0,48.0,4.0
ITC,IT,7.333333333333333,Valid Party Vote,0.0,6.0,6.0,0,45.0,0.0
ITC,IT,2.6666666666666665,Ineligible / Not Applicable,,5.0,4.0,1,29.0,0.0
ITI,IT,6.0,Ineligible / Not Applicable,,6.0,3.0,1,28.0,0.0
EL5,GR,2.3333333333333335,Valid Party Vote,0.0,3.0,2.0,1,61.0,4.0
EL3,GR,3.3333333333333335,Ineligible / Not Applicable,,5.0,6.0,0,57.0,4.0
EL5,GR,2.0,Valid Party Vote,0.0,6.0,2.0,1,58.0,4.0
EL3,GR,3.3333333333333335,Ineligible / Not Applicable,,7.0,4.0,0,34.0,4.0
EL3,GR,2.0,Ineligible / Not Applicable,,2.0,4.0,1,74.0,4.0
EL5,GR,4.333333333333333,Valid Party Vote,0.0,5.0,2.0,0,74.0,4.0
EL3,GR,3.6666666666666665,Ineligible / Not Applicable,,3.0,6.0,0,40.0,4.0
EL6,GR,4.333333333333333,Valid Party Vote,0.0,3.0,6.0,1,74.0,4.0
EL3,GR,4.333333333333333,Ineligible / Not Applicable,,3.0,6.0,0,44.0,4.0
EL6,GR,2.0,Ineligible / Not Applicable,,4.0,2.0,1,72.0,4.0
EL3,GR,7.0,Valid Party Vote,0.0,1.0,4.0,1,74.0,4.0
EL3,GR,7.333333333333333,Valid Party Vote,0.0,8.0,4.0,1,27.0,4.0
EL3,GR,4.333333333333333,Ineligible / Not Applicable,,2.0,4.0,1,64.0,4.0
EL3,GR,3.6666666666666665,Valid Party Vote,0.0,6.0,4.0,1,72.0,4.0
EL5,GR,4.333333333333333,Refuse to Say,,3.0,6.0,0,68.0,4.0
EL5,GR,2.6666666666666665,Valid Party Vote,0.0,3.0,4.0,0,67.0,4.0
EL5,GR,2.3333333333333335,Valid Party Vote,1.0,0.0,2.0,0,57.0,4.0
EL3,GR,1.6666666666666667,Refuse to Say,,6.0,7.0,1,63.0,4.0
EL3,GR,3.6666666666666665,Refuse to Say,,5.0,4.0,0,28.0,4.0
EL6,GR,5.333333333333333,Refuse to Say,,5.0,3.0,1,49.0,4.0
EL3,GR,1.3333333333333333,Valid Party Vote,0.0,3.0,6.0,0,57.0,4.0
EL6,GR,4.333333333333333,Valid Party Vote,0.0,2.0,1.0,0,73.0,4.0
EL6,GR,1.3333333333333333,Refuse to Say,,,4.0,1,36.0,4.0
EL6,GR,7.333333333333333,Valid Party Vote,0.0,5.0,6.0,0,26.0,4.0
EL3,GR,3.3333333333333335,Valid Party Vote,1.0,,4.0,1,57.0,4.0
EL5,GR,2.3333333333333335,Valid Party Vote,0.0,5.0,4.0,1,20.0,4.0
EL5,GR,6.0,Ineligible / Not Applicable,,1.0,1.0,1,15.0,4.0
EL3,GR,2.6666666666666665,Valid Party Vote,0.0,3.0,5.0,1,44.0,4.0
EL5,GR,4.333333333333333,Valid Party Vote,0.0,4.0,5.0,0,31.0,4.0
EL4,GR,5.333333333333333,Ineligible / Not Applicable,,3.0,1.0,1,86.0,4.0
EL6,GR,6.0,Refuse to Say,,6.0,4.0,1,52.0,4.0
EL3,GR,1.3333333333333333,Valid Party Vote,0.0,2.0,2.0,0,62.0,4.0
EL5,GR,2.3333333333333335,Refuse to Say,,3.0,4.0,1,61.0,4.0
EL3,GR,2.6666666666666665,Valid Party Vote,0.0,5.0,4.0,0,34.0,4.0
ITI,IT,8.333333333333334,Ineligible / Not Applicable,,9.0,4.0,0,24.0,0.0
ITC,IT,6.333333333333333,Ineligible / Not Applicable,,3.0,3.0,1,51.0,0.0
ITF,IT,5.333333333333333,Ineligible / Not Applicable,,2.0,1.0,1,69.0,4.0
ITH,IT,5.0,Valid Party Vote,0.0,5.0,2.0,1,82.0,0.0
ITC,IT,5.333333333333333,Refuse to Say,,5.0,4.0,1,58.0,0.0
ITC,IT,5.666666666666667,Ineligible / Not Applicable,,6.0,2.0,0,57.0,0.0
ITI,IT,6.333333333333333,Valid Party Vote,0.0,5.0,2.0,1,63.0,0.0
ITF,IT,5.333333333333333,Valid Party Vote,1.0,1.0,4.0,1,54.0,4.0
ITF,IT,4.333333333333333,Refuse to Say,,5.0,4.0,1,62.0,4.0
ITI,IT,3.0,Ineligible / Not Applicable,,3.0,1.0,0,74.0,0.0
ITC,IT,3.6666666666666665,Valid Party Vote,1.0,5.0,4.0,1,31.0,0.0
ITI,IT,5.666666666666667,Valid Party Vote,1.0,3.0,4.0,1,63.0,0.0
ITI,IT,5.0,Valid Party Vote,0.0,6.0,4.0,1,56.0,0.0
ITG,IT,2.6666666666666665,Ineligible / Not Applicable,,0.0,2.0,1,74.0,4.0
ITG,IT,2.6666666666666665,Valid Party Vote,0.0,2.0,2.0,1,62.0,4.0
ITH,IT,1.0,Refuse to Say,,4.0,4.0,1,61.0,0.0
ITH,IT,3.0,Ineligible / Not Applicable,,5.0,6.0,0,34.0,0.0
ITH,IT,7.0,Ineligible / Not Applicable,,6.0,4.0,0,43.0,0.0
ITC,IT,6.333333333333333,Valid Party Vote,1.0,6.0,3.0,1,69.0,0.0
ITG,IT,2.3333333333333335,Refuse to Say,,3.0,2.0,0,72.0,4.0
ITC,IT,1.0,Refuse to Say,,2.0,2.0,0,80.0,0.0
ITI,IT,4.333333333333333,Valid Party Vote,1.0,4.0,2.0,1,68.0,0.0
ITI,IT,6.333333333333333,Valid Party Vote,0.0,5.0,7.0,0,39.0,0.0
ITH,IT,3.0,Valid Party Vote,0.0,6.0,4.0,1,69.0,0.0
ITC,IT,4.0,Valid Party Vote,0.0,4.0,3.0,0,76.0,0.0
ITH,IT,4.666666666666667,Ineligible / Not Applicable,,5.0,4.0,1,24.0,0.0
ITH,IT,3.3333333333333335,Ineligible / Not Applicable,,4.0,2.0,1,86.0,0.0
ITC,IT,5.0,Valid Party Vote,1.0,4.0,3.0,0,60.0,0.0
ITC,IT,5.333333333333333,Valid Party Vote,0.0,2.0,6.0,1,26.0,0.0
ITF,IT,7.666666666666667,Valid Party Vote,0.0,4.0,4.0,0,52.0,4.0
ITG,IT,3.3333333333333335,Valid Party Vote,0.0,5.0,7.0,1,49.0,4.0
ITH,IT,4.666666666666667,Ineligible / Not Applicable,,3.0,1.0,1,84.0,0.0
ITG,IT,5.0,Ineligible / Not Applicable,,0.0,2.0,0,73.0,4.0
ITH,IT,4.666666666666667,Valid Party Vote,0.0,3.0,5.0,1,50.0,0.0
ITF,IT,6.666666666666667,Valid Party Vote,0.0,10.0,6.0,1,49.0,4.0
ITI,IT,3.0,Valid Party Vote,0.0,4.0,4.0,0,64.0,0.0
ITG,IT,0.0,Ineligible / Not Applicable,,9.0,6.0,1,32.0,4.0
ITI,IT,4.0,Don't Know,,4.0,4.0,1,26.0,0.0
ITI,IT,6.666666666666667,Valid Party Vote,0.0,4.0,4.0,1,47.0,0.0
ITF,IT,7.0,Ineligible / Not Applicable,,5.0,4.0,1,47.0,4.0
ITI,IT,5.333333333333333,Ineligible / Not Applicable,,3.0,6.0,0,54.0,0.0
ITC,IT,5.666666666666667,Ineligible / Not Applicable,,10.0,7.0,1,25.0,0.0
ITC,IT,2.6666666666666665,Valid Party Vote,0.0,8.0,2.0,0,65.0,0.0
ITC,IT,4.666666666666667,Valid Party Vote,1.0,3.0,2.0,1,70.0,0.0
ITC,IT,5.333333333333333,Refuse to Say,,3.0,4.0,1,35.0,0.0
ITI,IT,4.0,Ineligible / Not Applicable,,5.0,1.0,1,84.0,0.0
ITC,IT,1.3333333333333333,Ineligible / Not Applicable,,3.0,2.0,1,86.0,0.0
ITC,IT,2.3333333333333335,Ineligible / Not Applicable,,0.0,1.0,1,89.0,0.0
ITH,IT,2.6666666666666665,Ineligible / Not Applicable,,5.0,2.0,1,56.0,0.0
ITH,IT,5.0,Don't Know,,5.0,3.0,1,50.0,0.0
ITC,IT,4.333333333333333,Valid Party Vote,0.0,5.0,3.0,1,73.0,0.0
ITF,IT,3.6666666666666665,Valid Party Vote,0.0,5.0,4.0,1,54.0,4.0
ITF,IT,4.666666666666667,Ineligible / Not Applicable,,,2.0,0,30.0,4.0
ITI,IT,6.0,Valid Party Vote,1.0,5.0,3.0,1,61.0,0.0
ITC,IT,4.333333333333333,Refuse to Say,,5.0,4.0,1,30.0,0.0
ITC,IT,3.0,Valid Party Vote,0.0,4.0,2.0,1,84.0,0.0
ITG,IT,2.3333333333333335,Ineligible / Not Applicable,,4.0,4.0,0,53.0,4.0
ITC,IT,6.333333333333333,Valid Party Vote,0.0,,6.0,1,29.0,0.0
ITF,IT,0.3333333333333333,Valid Party Vote,0.0,3.0,2.0,1,45.0,4.0
ITI,IT,7.333333333333333,Valid Party Vote,1.0,2.0,4.0,0,76.0,0.0
ITG,IT,5.0,Valid Party Vote,0.0,7.0,7.0,1,34.0,4.0
ITG,IT,6.666666666666667,Ineligible / Not Applicable,,7.0,2.0,0,15.0,4.0
ITG,IT,4.333333333333333,Valid Party Vote,0.0,4.0,2.0,0,70.0,4.0
ITC,IT,2.0,Valid Party Vote,0.0,3.0,3.0,1,63.0,0.0
ITG,IT,4.333333333333333,Ineligible / Not Applicable,,0.0,2.0,0,85.0,4.0
ITI,IT,5.333333333333333,Ineligible / Not Applicable,,10.0,4.0,0,20.0,0.0
ITC,IT,3.6666666666666665,Valid Party Vote,0.0,2.0,7.0,1,72.0,0.0
ITG,IT,6.666666666666667,Valid Party Vote,0.0,8.0,4.0,1,54.0,4.0
ITH,IT,3.6666666666666665,Valid Party Vote,0.0,2.0,4.0,1,40.0,0.0
ITC,IT,,Ineligible / Not Applicable,,,2.0,1,17.0,0.0
ITC,IT,3.0,Refuse to Say,,3.0,6.0,1,50.0,0.0
ITC,IT,4.666666666666667,Refuse to Say,,3.0,3.0,0,72.0,0.0
ITC,IT,6.0,Refuse to Say,,,7.0,1,53.0,0.0
ITH,IT,4.333333333333333,Valid Party Vote,0.0,5.0,5.0,0,71.0,0.0
ITI,IT,5.333333333333333,Ineligible / Not Applicable,,1.0,1.0,1,81.0,0.0
ITH,IT,6.333333333333333,Valid Party Vote,0.0,6.0,4.0,0,68.0,0.0
ITC,IT,6.333333333333333,Ineligible / Not Applicable,,5.0,2.0,1,38.0,0.0
ITI,IT,5.666666666666667,Valid Party Vote,1.0,2.0,7.0,1,44.0,0.0
ITG,IT,5.333333333333333,Ineligible / Not Applicable,,5.0,3.0,0,20.0,4.0
ITC,IT,5.333333333333333,Valid Party Vote,1.0,4.0,2.0,1,66.0,0.0
ITC,IT,2.6666666666666665,Refuse to Say,,5.0,7.0,0,41.0,0.0
ITF,IT,6.333333333333333,Ineligible / Not Applicable,,4.0,2.0,1,58.0,4.0
ITF,IT,0.6666666666666666,Refuse to Say,,1.0,2.0,0,48.0,4.0
ITC,IT,5.333333333333333,Valid Party Vote,0.0,5.0,5.0,0,52.0,0.0
ITG,IT,6.333333333333333,Valid Party Vote,1.0,3.0,4.0,0,41.0,4.0
ITI,IT,3.3333333333333335,Ineligible / Not Applicable,,4.0,2.0,1,54.0,0.0
ITF,IT,5.666666666666667,Refuse to Say,,5.0,7.0,1,70.0,4.0
ITC,IT,6.0,Refuse to Say,,7.0,4.0,1,61.0,0.0
ITH,IT,6.333333333333333,Refuse to Say,,,4.0,1,51.0,0.0
ITC,IT,6.666666666666667,Ineligible / Not Applicable,,8.0,7.0,0,34.0,0.0
ITF,IT,2.3333333333333335,Valid Party Vote,0.0,4.0,1.0,1,74.0,4.0
ITF,IT,4.666666666666667,Valid Party Vote,1.0,4.0,4.0,1,29.0,4.0
ITI,IT,6.0,Ineligible / Not Applicable,,6.0,2.0,0,41.0,0.0
ITH,IT,4.666666666666667,Ineligible / Not Applicable,,4.0,7.0,0,44.0,0.0
ITF,IT,1.0,Ineligible / Not Applicable,,6.0,1.0,0,75.0,4.0
ITI,IT,6.0,Ineligible / Not Applicable,,6.0,2.0,0,69.0,0.0
ITF,IT,2.0,Ineligible / Not Applicable,,2.0,1.0,1,83.0,4.0
ITH,IT,3.6666666666666665,Ineligible / Not Applicable,,0.0,2.0,1,73.0,0.0
ITC,IT,4.666666666666667,Valid Party Vote,1.0,0.0,2.0,1,45.0,0.0
ITI,IT,4.666666666666667,Ineligible / Not Applicable,,3.0,2.0,1,74.0,0.0
ITC,IT,0.0,Ineligible / Not Applicable,,0.0,4.0,0,59.0,0.0
ITH,IT,6.333333333333333,Refuse to Say,,10.0,4.0,1,67.0,0.0
ITI,IT,6.0,Ineligible / Not Applicable,,7.0,2.0,1,55.0,0.0
ITF,IT,3.3333333333333335,Valid Party Vote,0.0,5.0,4.0,1,21.0,4.0
ITH,IT,5.666666666666667,Valid Party Vote,1.0,4.0,3.0,0,54.0,0.0
ITI,IT,3.6666666666666665,Valid Party Vote,0.0,5.0,4.0,0,57.0,0.0
ITI,IT,0.0,Ineligible / Not Applicable,,5.0,1.0,0,78.0,0.0
ITF,IT,2.3333333333333335,Ineligible / Not Applicable,,0.0,2.0,1,64.0,4.0
ITG,IT,0.3333333333333333,Ineligible / Not Applicable,,9.0,2.0,0,17.0,4.0
ITF,IT,1.3333333333333333,Ineligible / Not Applicable,,4.0,2.0,1,45.0,4.0
ITC,IT,5.333333333333333,Valid Party Vote,0.0,5.0,4.0,1,41.0,0.0
ITH,IT,7.333333333333333,Ineligible / Not Applicable,,8.0,1.0,0,85.0,0.0
ITC,IT,1.0,Refuse to Say,,5.0,5.0,1,59.0,0.0
ITC,IT,5.0,Valid Party Vote,0.0,3.0,4.0,0,23.0,0.0
ITH,IT,5.0,Ineligible / Not Applicable,,0.0,4.0,1,43.0,0.0
ITC,IT,3.6666666666666665,Ineligible / Not Applicable,,6.0,4.0,1,43.0,0.0
ITC,IT,7.0,Valid Party Vote,1.0,4.0,3.0,1,28.0,0.0
ITG,IT,5.0,Valid Party Vote,0.0,5.0,7.0,1,56.0,4.0
ITI,IT,1.6666666666666667,Ineligible / Not Applicable,,3.0,3.0,0,21.0,0.0
ITC,IT,7.0,Valid Party Vote,0.0,3.0,3.0,1,46.0,0.0
ITC,IT,6.333333333333333,Valid Party Vote,0.0,8.0,7.0,1,63.0,0.0
ITI,IT,2.6666666666666665,Don't Know,,5.0,2.0,0,48.0,0.0
ITC,IT,1.3333333333333333,Ineligible / Not Applicable,,7.0,2.0,0,18.0,0.0
ITC,IT,6.333333333333333,Valid Party Vote,0.0,5.0,7.0,0,50.0,0.0
ITC,IT,1.3333333333333333,Valid Party Vote,1.0,5.0,2.0,1,85.0,0.0
ITF,IT,1.6666666666666667,Refuse to Say,,5.0,4.0,0,53.0,4.0
ITC,IT,7.0,Valid Party Vote,1.0,2.0,6.0,0,36.0,0.0
ITG,IT,6.666666666666667,Refuse to Say,,3.0,4.0,0,55.0,4.0
ITC,IT,0.3333333333333333,Refuse to Say,,5.0,5.0,0,56.0,0.0
ITH,IT,4.0,Valid Party Vote,1.0,0.0,2.0,1,74.0,0.0
ITC,IT,6.5,Valid Party Vote,0.0,3.0,4.0,1,30.0,0.0
ITC,IT,6.333333333333333,Ineligible / Not Applicable,,6.0,4.0,1,26.0,0.0
ITC,IT,4.333333333333333,Refuse to Say,,4.0,2.0,1,78.0,0.0
ITI,IT,2.0,Refuse to Say,,1.0,4.0,1,30.0,0.0
ITC,IT,2.3333333333333335,Valid Party Vote,0.0,2.0,2.0,0,58.0,0.0
ITC,IT,4.333333333333333,Ineligible / Not Applicable,,7.0,1.0,0,77.0,0.0
ITH,IT,6.0,Valid Party Vote,0.0,6.0,4.0,0,49.0,0.0
ITG,IT,2.0,Refuse to Say,,5.0,6.0,1,26.0,4.0
ITC,IT,5.666666666666667,Refuse to Say,,5.0,2.0,1,62.0,0.0
ITG,IT,2.0,Ineligible / Not Applicable,,0.0,2.0,0,79.0,4.0
ITC,IT,3.6666666666666665,Ineligible / Not Applicable,,4.0,2.0,0,71.0,0.0
ITG,IT,0.0,Ineligible / Not Applicable,,0.0,2.0,1,60.0,4.0
ITF,IT,1.6666666666666667,Ineligible / Not Applicable,,4.0,3.0,1,65.0,4.0
ITC,IT,6.0,Valid Party Vote,1.0,4.0,4.0,1,38.0,0.0
ITC,IT,3.3333333333333335,Valid Party Vote,1.0,0.0,2.0,0,68.0,0.0
ITF,IT,0.0,Refuse to Say,,5.0,4.0,1,20.0,4.0
ITH,IT,7.0,Valid Party Vote,0.0,6.0,7.0,0,61.0,0.0
ITG,IT,4.666666666666667,Valid Party Vote,0.0,6.0,4.0,1,38.0,4.0
ITF,IT,5.333333333333333,Valid Party Vote,0.0,5.0,7.0,1,45.0,4.0
ITC,IT,7.0,Valid Party Vote,1.0,5.0,6.0,0,41.0,0.0
ITG,IT,3.6666666666666665,Refuse to Say,,4.0,2.0,0,51.0,4.0
ITC,IT,5.0,Ineligible / Not Applicable,,5.0,2.0,0,17.0,0.0
ITG,IT,1.6666666666666667,Ineligible / Not Applicable,,,2.0,1,16.0,4.0
ITC,IT,4.666666666666667,Refuse to Say,,4.0,2.0,0,57.0,0.0
ITH,IT,5.0,Ineligible / Not Applicable,,5.0,4.0,0,34.0,0.0
ITC,IT,5.666666666666667,Ineligible / Not Applicable,,9.0,4.0,0,41.0,0.0
ITF,IT,4.666666666666667,Valid Party Vote,0.0,6.0,2.0,0,68.0,4.0
ITH,IT,5.0,Ineligible / Not Applicable,,5.0,4.0,0,26.0,0.0
ITI,IT,7.0,Valid Party Vote,0.0,5.0,4.0,1,64.0,0.0
ITC,IT,5.0,Ineligible / Not Applicable,,5.0,4.0,0,22.0,0.0
ITG,IT,3.6666666666666665,Refuse to Say,,4.0,1.0,1,78.0,4.0
ITG,IT,2.3333333333333335,Ineligible / Not Applicable,,5.0,2.0,0,19.0,4.0
ITC,IT,7.333333333333333,Ineligible / Not Applicable,,7.0,3.0,0,67.0,0.0
ITC,IT,3.0,Ineligible / Not Applicable,,7.0,2.0,1,52.0,0.0
ITC,IT,1.3333333333333333,Refuse to Say,,2.0,1.0,1,76.0,0.0
ITC,IT,2.0,Refuse to Say,,5.0,3.0,0,67.0,0.0
ITF,IT,4.0,Ineligible / Not Applicable,,4.0,2.0,1,22.0,4.0
ITF,IT,5.333333333333333,Ineligible / Not Applicable,,4.0,2.0,1,77.0,4.0
ITH,IT,4.333333333333333,Valid Party Vote,0.0,7.0,4.0,1,65.0,0.0
ITH,IT,4.0,Valid Party Vote,0.0,8.0,4.0,0,56.0,0.0
ITH,IT,5.666666666666667,Valid Party Vote,0.0,6.0,7.0,1,71.0,0.0
ITG,IT,5.333333333333333,Ineligible / Not Applicable,,5.0,2.0,1,18.0,4.0
ITC,IT,3.0,Ineligible / Not Applicable,,8.0,3.0,1,42.0,0.0
ITF,IT,7.0,Ineligible / Not Applicable,,6.0,7.0,1,33.0,4.0
ITG,IT,5.0,Ineligible / Not Applicable,,5.0,1.0,1,84.0,4.0
ITH,IT,6.0,Ineligible / Not Applicable,,5.0,4.0,1,57.0,0.0
ITF,IT,8.0,Valid Party Vote,0.0,7.0,3.0,1,23.0,4.0
ITC,IT,3.0,Refuse to Say,,5.0,3.0,0,57.0,0.0
ITH,IT,5.666666666666667,Refuse to Say,,0.0,4.0,0,,0.0
ITC,IT,6.333333333333333,Valid Party Vote,1.0,6.0,6.0,1,21.0,0.0
ITF,IT,4.666666666666667,Valid Party Vote,0.0,6.0,4.0,0,55.0,4.0
ITC,IT,3.6666666666666665,Valid Party Vote,0.0,7.0,4.0,0,32.0,0.0
ITH,IT,6.333333333333333,Valid Party Vote,0.0,5.0,7.0,0,67.0,0.0
ITF,IT,6.333333333333333,Valid Party Vote,1.0,4.0,4.0,1,38.0,4.0
ITG,IT,0.0,Valid Party Vote,0.0,1.0,1.0,0,72.0,4.0
ITF,IT,6.333333333333333,Valid Party Vote,1.0,5.0,4.0,0,49.0,4.0
ITI,IT,6.666666666666667,Valid Party Vote,0.0,5.0,6.0,1,42.0,0.0
ITF,IT,5.0,Valid Party Vote,0.0,6.0,4.0,1,26.0,4.0
ITG,IT,7.333333333333333,Valid Party Vote,1.0,2.0,4.0,0,74.0,4.0
ITF,IT,5.333333333333333,Valid Party Vote,0.0,5.0,4.0,1,44.0,4.0
ITI,IT,4.0,Ineligible / Not Applicable,,5.0,2.0,1,61.0,0.0
ITF,IT,5.0,Valid Party Vote,0.0,6.0,7.0,1,51.0,4.0
ITH,IT,5.0,Valid Party Vote,1.0,2.0,4.0,0,74.0,0.0
ITC,IT,3.6666666666666665,Valid Party Vote,0.0,7.0,3.0,1,64.0,0.0
ITC,IT,4.0,Valid Party Vote,0.0,6.0,4.0,0,70.0,0.0
ITF,IT,0.3333333333333333,Ineligible / Not Applicable,,5.0,2.0,1,58.0,4.0
ITH,IT,7.0,Valid Party Vote,0.0,7.0,7.0,1,43.0,0.0
ITC,IT,5.0,Valid Party Vote,1.0,3.0,2.0,0,64.0,0.0
ITI,IT,2.6666666666666665,Ineligible / Not Applicable,,7.0,2.0,0,18.0,0.0
ITC,IT,6.0,Valid Party Vote,0.0,6.0,7.0,1,35.0,0.0
ITC,IT,4.0,Valid Party Vote,0.0,0.0,1.0,1,83.0,0.0
ITF,IT,6.0,Valid Party Vote,0.0,5.0,1.0,0,83.0,4.0
ITI,IT,5.0,Valid Party Vote,0.0,0.0,6.0,0,28.0,0.0
ITI,IT,5.666666666666667,Valid Party Vote,0.0,6.0,7.0,1,83.0,0.0
ITC,IT,3.3333333333333335,Valid Party Vote,1.0,0.0,3.0,1,61.0,0.0
ITF,IT,2.6666666666666665,Valid Party Vote,0.0,4.0,2.0,0,55.0,4.0
ITG,IT,5.666666666666667,Refuse to Say,,4.0,2.0,0,71.0,4.0
ITC,IT,4.0,Valid Party Vote,0.0,8.0,3.0,0,67.0,0.0
ITC,IT,5.333333333333333,Refuse to Say,,4.0,4.0,0,74.0,0.0
ITI,IT,6.333333333333333,Valid Party Vote,0.0,5.0,7.0,0,75.0,0.0
ITF,IT,6.0,Valid Party Vote,1.0,3.0,4.0,1,21.0,4.0
ITG,IT,3.0,Ineligible / Not Applicable,,3.0,2.0,0,62.0,4.0
ITI,IT,7.666666666666667,Valid Party Vote,1.0,3.0,7.0,0,44.0,0.0
ITC,IT,8.0,Valid Party Vote,0.0,8.0,7.0,0,53.0,0.0
